/*--------------------------------*- C++ -*----------------------------------*\
| =========                 |                                                 |
| \\      /  F ield         | OpenFOAM: The Open Source CFD Toolbox           |
|  \\    /   O peration     | Version:  2412                                  |
|   \\  /    A nd           | Website:  www.openfoam.com                      |
|    \\/     M anipulation  |                                                 |
\*---------------------------------------------------------------------------*/
FoamFile
{
    version     2.0;
    format      binary;
    arch        "LSB;label=32;scalar=64";
    class       volVectorField;
    location    "0";
    object      U;
}
// * * * * * * * * * * * * * * * * * * * * * * * * * * * * * * * * * * * * * //

dimensions      [ 0 1 -1 0 0 0 0 ];

internalField   uniform ( 0 0 0.0001 );
//internalField   uniform ( 0 0 0 );

boundaryField
{
    WALL
    {
        type            movingWallVelocity;
        value           uniform ( 0 0 0 );
    }

   INLET
{
    type                pressureInletOutletVelocity;
    value               uniform (0 0 0);  // fallback value
}

    OUTLET
{
    type                flowRateOutletVelocity;
    volumetricFlowRate        table
    (
    (0.0000 0)
    (0.0005 0)
    (0.0010 0)
    (0.0015 0)
    (0.0020 0)
    (0.0025 0)
    (0.0030 0)
    (0.0035 0)
    (0.0040 0)
    (0.0045 0)
    (0.0050 0)
    (0.0055 0)
    (0.0060 0)
    (0.0065 0)
    (0.0070 0)
    (0.0075 0)
    (0.0080 0)
    (0.0085 0)
    (0.0090 0)
    (0.0095 0)
    (0.0100 0)
    (0.0105 0)
    (0.0110 0)
    (0.0115 0)
    (0.0120 0)
    (0.0125 0)
    (0.0130 0)
    (0.0135 0)
    (0.0140 0)
    (0.0145 0)
    (0.0150 0)
    (0.0155 0)
    (0.0160 0)
    (0.0165 0)
    (0.0170 0)
    (0.0175 0)
    (0.0180 0)
    (0.0185 0)
    (0.0190 0)
    (0.0195 0)
    (0.0200 0)
    (0.0205 0)
    (0.0210 0)
    (0.0215 0)
    (0.0220 0)
    (0.0225 0)
    (0.0230 0)
    (0.0235 0)
    (0.0240 0)
    (0.0245 0)
    (0.0250 0)
    (0.0255 0)
    (0.0260 0)
    (0.0265 0)
    (0.0270 0)
    (0.0275 0)
    (0.0280 0)
    (0.0285 0)
    (0.0290 0)
    (0.0295 0)
    (0.0300 0)
    (0.0305 0)
    (0.0310 0)
    (0.0315 0)
    (0.0320 0)
    (0.0325 0)
    (0.0330 0)
    (0.0335 0)
    (0.0340 0)
    (0.0345 0)
    (0.0350 0)
    (0.0355 0)
    (0.0360 0)
    (0.0365 0)
    (0.0370 0)
    (0.0375 0)
    (0.0380 0)
    (0.0385 0)
    (0.0390 0)
    (0.0395 0)
    (0.0400 0)
    (0.0405 0)
    (0.0410 0)
    (0.0415 0)
    (0.0420 0)
    (0.0425 0)
    (0.0430 0)
    (0.0435 0)
    (0.0440 0)
    (0.0445 0)
    (0.0450 0)
    (0.0455 0)
    (0.0460 0)
    (0.0465 0)
    (0.0470 0)
    (0.0475 0)
    (0.0480 0)
    (0.0485 0)
    (0.0490 0)
    (0.0495 0)
    (0.0500 0)
    (0.0505 0)
    (0.0510 0)
    (0.0515 0)
    (0.0520 0)
    (0.0525 0)
    (0.0530 0)
    (0.0535 0)
    (0.0540 0)
    (0.0545 0)
    (0.0550 0)
    (0.0555 0)
    (0.0560 0)
    (0.0565 0)
    (0.0570 0)
    (0.0575 0)
    (0.0580 0)
    (0.0585 0)
    (0.0590 0)
    (0.0595 0)
    (0.0600 0)
    (0.0605 0)
    (0.0610 0)
    (0.0615 0)
    (0.0620 0)
    (0.0625 0)
    (0.0630 0)
    (0.0635 0)
    (0.0640 0)
    (0.0645 0)
    (0.0650 0)
    (0.0655 0)
    (0.0660 0)
    (0.0665 0)
    (0.0670 0)
    (0.0675 0)
    (0.0680 0)
    (0.0685 0)
    (0.0690 0)
    (0.0695 0)
    (0.0700 0)
    (0.0705 0)
    (0.0710 0)
    (0.0715 0)
    (0.0720 0)
    (0.0725 0)
    (0.0730 0)
    (0.0735 0)
    (0.0740 0)
    (0.0745 0)
    (0.0750 0)
    (0.0755 0)
    (0.0760 0)
    (0.0765 0)
    (0.0770 0)
    (0.0775 0)
    (0.0780 0)
    (0.0785 0)
    (0.0790 0)
    (0.0795 0)
    (0.0800 0)
    (0.0805 0)
    (0.0810 0)
    (0.0815 0)
    (0.0820 0)
    (0.0825 0)
    (0.0830 0)
    (0.0835 0)
    (0.0840 0)
    (0.0845 0)
    (0.0850 0)
    (0.0855 0)
    (0.0860 0)
    (0.0865 0)
    (0.0870 0)
    (0.0875 0)
    (0.0880 0)
    (0.0885 0)
    (0.0890 0)
    (0.0895 0)
    (0.0900 0)
    (0.0905 0)
    (0.0910 0)
    (0.0915 0)
    (0.0920 0)
    (0.0925 0)
    (0.0930 0)
    (0.0935 0)
    (0.0940 0)
    (0.0945 0)
    (0.0950 0)
    (0.0955 0)
    (0.0960 0)
    (0.0965 0)
    (0.0970 0)
    (0.0975 0)
    (0.0980 0)
    (0.0985 0)
    (0.0990 0)
    (0.0995 0)
    (0.1000 0)
    (0.1005 0)
    (0.1010 0)
    (0.1015 0)
    (0.1020 0)
    (0.1025 0)
    (0.1030 0)
    (0.1035 0)
    (0.1040 0)
    (0.1045 0)
    (0.1050 0)
    (0.1055 0)
    (0.1060 0)
    (0.1065 0)
    (0.1070 0)
    (0.1075 0)
    (0.1080 0)
    (0.1085 0)
    (0.1090 0)
    (0.1095 0)
    (0.1100 0)
    (0.1105 0)
    (0.1110 0)
    (0.1115 0)
    (0.1120 0)
    (0.1125 0)
    (0.1130 0)
    (0.1135 0)
    (0.1140 0)
    (0.1145 0)
    (0.1150 0)
    (0.1155 0)
    (0.1160 0)
    (0.1165 0)
    (0.1170 0)
    (0.1175 0)
    (0.1180 0)
    (0.1185 0)
    (0.1190 0)
    (0.1195 0)
    (0.1200 0)
    (0.1205 0)
    (0.1210 0)
    (0.1215 0)
    (0.1220 0)
    (0.1225 0)
    (0.1230 0)
    (0.1235 0)
    (0.1240 0)
    (0.1245 0)
    (0.1250 0)
    (0.1255 0)
    (0.1260 0)
    (0.1265 0)
    (0.1270 0)
    (0.1275 0)
    (0.1280 0)
    (0.1285 0)
    (0.1290 0)
    (0.1295 0)
    (0.1300 0)
    (0.1305 0)
    (0.1310 0)
    (0.1315 0)
    (0.1320 0)
    (0.1325 0)
    (0.1330 0)
    (0.1335 0)
    (0.1340 0)
    (0.1345 0)
    (0.1350 0)
    (0.1355 0)
    (0.1360 0)
    (0.1365 0)
    (0.1370 0)
    (0.1375 0)
    (0.1380 0)
    (0.1385 0)
    (0.1390 0)
    (0.1395 0)
    (0.1400 0)
    (0.1405 0)
    (0.1410 0)
    (0.1415 0)
    (0.1420 0)
    (0.1425 0)
    (0.1430 0)
    (0.1435 0)
    (0.1440 0)
    (0.1445 0)
    (0.1450 0)
    (0.1455 0)
    (0.1460 0)
    (0.1465 0)
    (0.1470 0)
    (0.1475 0)
    (0.1480 0)
    (0.1485 0)
    (0.1490 0)
    (0.1495 0)
    (0.1500 0)
    (0.1505 0)
    (0.1510 0)
    (0.1515 0)
    (0.1520 0)
    (0.1525 0)
    (0.1530 0)
    (0.1535 0)
    (0.1540 0)
    (0.1545 0)
    (0.1550 0)
    (0.1555 0)
    (0.1560 0)
    (0.1565 0)
    (0.1570 0)
    (0.1575 0)
    (0.1580 0)
    (0.1585 0)
    (0.1590 0)
    (0.1595 0)
    (0.1600 0)
    (0.1605 0)
    (0.1610 0)
    (0.1615 0)
    (0.1620 0)
    (0.1625 0)
    (0.1630 0)
    (0.1635 0)
    (0.1640 0)
    (0.1645 0)
    (0.1650 0)
    (0.1655 0)
    (0.1660 0)
    (0.1665 0)
    (0.1670 0)
    (0.1675 0)
    (0.1680 0)
    (0.1685 0)
    (0.1690 0)
    (0.1695 0)
    (0.1700 0)
    (0.1705 0)
    (0.1710 0)
    (0.1715 0)
    (0.1720 0)
    (0.1725 0)
    (0.1730 0)
    (0.1735 0)
    (0.1740 0)
    (0.1745 0)
    (0.1750 0)
    (0.1755 0)
    (0.1760 0)
    (0.1765 0)
    (0.1770 0)
    (0.1775 0)
    (0.1780 0)
    (0.1785 0)
    (0.1790 0)
    (0.1795 0)
    (0.1800 0)
    (0.1805 0)
    (0.1810 0)
    (0.1815 0)
    (0.1820 0)
    (0.1825 0)
    (0.1830 0)
    (0.1835 0)
    (0.1840 0)
    (0.1845 0)
    (0.1850 0)
    (0.1855 0)
    (0.1860 0)
    (0.1865 0)
    (0.1870 0)
    (0.1875 0)
    (0.1880 0)
    (0.1885 0)
    (0.1890 0)
    (0.1895 0)
    (0.1900 0)
    (0.1905 0)
    (0.1910 0)
    (0.1915 0)
    (0.1920 0)
    (0.1925 0)
    (0.1930 0)
    (0.1935 0)
    (0.1940 0)
    (0.1945 0)
    (0.1950 0)
    (0.1955 0)
    (0.1960 0)
    (0.1965 0)
    (0.1970 0)
    (0.1975 0)
    (0.1980 0)
    (0.1985 0)
    (0.1990 0)
    (0.1995 0)
    (0.2000 0)
    (0.2005 0)
    (0.2010 0)
    (0.2015 0)
    (0.2020 0)
    (0.2025 0)
    (0.2030 0)
    (0.2035 0)
    (0.2040 0)
    (0.2045 0)
    (0.2050 0)
    (0.2055 0)
    (0.2060 0)
    (0.2065 0)
    (0.2070 0)
    (0.2075 0)
    (0.2080 0)
    (0.2085 0)
    (0.2090 0)
    (0.2095 0)
    (0.2100 0)
    (0.2105 0)
    (0.2110 0)
    (0.2115 0)
    (0.2120 0)
    (0.2125 0)
    (0.2130 0)
    (0.2135 0)
    (0.2140 0)
    (0.2145 0)
    (0.2150 0)
    (0.2155 0)
    (0.2160 0)
    (0.2165 0)
    (0.2170 0)
    (0.2175 0)
    (0.2180 0)
    (0.2185 0)
    (0.2190 0)
    (0.2195 0)
    (0.2200 0)
    (0.2205 0)
    (0.2210 0)
    (0.2215 0)
    (0.2220 0)
    (0.2225 0)
    (0.2230 0)
    (0.2235 0)
    (0.2240 0)
    (0.2245 0)
    (0.2250 0)
    (0.2255 0)
    (0.2260 0)
    (0.2265 0)
    (0.2270 0)
    (0.2275 0)
    (0.2280 0)
    (0.2285 0)
    (0.2290 0)
    (0.2295 0)
    (0.2300 0)
    (0.2305 0)
    (0.2310 0)
    (0.2315 0)
    (0.2320 0)
    (0.2325 0)
    (0.2330 0)
    (0.2335 0)
    (0.2340 0)
    (0.2345 0)
    (0.2350 0)
    (0.2355 0)
    (0.2360 0)
    (0.2365 0)
    (0.2370 0)
    (0.2375 0)
    (0.2380 0)
    (0.2385 0)
    (0.2390 0)
    (0.2395 0)
    (0.2400 0)
    (0.2405 0)
    (0.2410 0)
    (0.2415 0)
    (0.2420 0)
    (0.2425 0)
    (0.2430 0)
    (0.2435 0)
    (0.2440 0)
    (0.2445 0)
    (0.2450 0)
    (0.2455 0)
    (0.2460 0)
    (0.2465 0)
    (0.2470 0)
    (0.2475 0)
    (0.2480 0)
    (0.2485 0)
    (0.2490 0)
    (0.2495 0)
    (0.2500 0)
    (0.2505 0)
    (0.2510 0)
    (0.2515 0)
    (0.2520 0)
    (0.2525 0)
    (0.2530 0)
    (0.2535 0)
    (0.2540 0)
    (0.2545 0)
    (0.2550 0)
    (0.2555 0)
    (0.2560 0)
    (0.2565 0)
    (0.2570 0)
    (0.2575 0)
    (0.2580 0)
    (0.2585 0)
    (0.2590 0)
    (0.2595 0)
    (0.2600 0)
    (0.2605 0)
    (0.2610 0)
    (0.2615 0)
    (0.2620 0)
    (0.2625 0)
    (0.2630 0)
    (0.2635 0)
    (0.2640 0)
    (0.2645 0)
    (0.2650 0)
    (0.2655 0)
    (0.2660 0)
    (0.2665 0)
    (0.2670 0)
    (0.2675 0)
    (0.2680 0)
    (0.2685 0)
    (0.2690 0)
    (0.2695 0)
    (0.2700 0)
    (0.2705 0)
    (0.2710 0)
    (0.2715 0)
    (0.2720 0)
    (0.2725 0)
    (0.2730 0)
    (0.2735 0)
    (0.2740 0)
    (0.2745 0)
    (0.2750 0)
    (0.2755 0)
    (0.2760 0)
    (0.2765 0)
    (0.2770 0)
    (0.2775 0)
    (0.2780 0)
    (0.2785 0)
    (0.2790 0)
    (0.2795 0)
    (0.2800 0)
    (0.2805 0)
    (0.2810 0)
    (0.2815 0)
    (0.2820 0)
    (0.2825 0)
    (0.2830 0)
    (0.2835 0)
    (0.2840 0)
    (0.2845 0)
    (0.2850 0)
    (0.2855 0)
    (0.2860 0)
    (0.2865 0)
    (0.2870 0)
    (0.2875 0)
    (0.2880 0)
    (0.2885 0)
    (0.2890 0)
    (0.2895 0)
    (0.2900 0)
    (0.2905 0)
    (0.2910 0)
    (0.2915 0)
    (0.2920 0)
    (0.2925 0)
    (0.2930 0)
    (0.2935 0)
    (0.2940 0)
    (0.2945 0)
    (0.2950 0)
    (0.2955 0)
    (0.2960 0)
    (0.2965 0)
    (0.2970 0)
    (0.2975 0)
    (0.2980 0)
    (0.2985 0)
    (0.2990 0)
    (0.2995 0)
    (0.3000 0)
    (0.3005 0)
    (0.3010 0)
    (0.3015 0)
    (0.3020 0)
    (0.3025 0)
    (0.3030 0)
    (0.3035 0)
    (0.3040 0)
    (0.3045 0)
    (0.3050 0)
    (0.3055 0)
    (0.3060 0)
    (0.3065 0)
    (0.3070 0)
    (0.3075 0)
    (0.3080 0)
    (0.3085 0)
    (0.3090 0)
    (0.3095 0)
    (0.3100 0)
    (0.3105 0)
    (0.3110 0)
    (0.3115 0)
    (0.3120 0)
    (0.3125 0)
    (0.3130 0)
    (0.3135 0)
    (0.3140 0)
    (0.3145 0)
    (0.3150 0)
    (0.3155 0)
    (0.3160 0)
    (0.3165 0)
    (0.3170 0)
    (0.3175 0)
    (0.3180 0)
    (0.3185 0)
    (0.3190 0)
    (0.3195 0)
    (0.3200 0)
    (0.3205 0)
    (0.3210 0)
    (0.3215 0)
    (0.3220 0)
    (0.3225 0)
    (0.3230 0)
    (0.3235 0)
    (0.3240 0)
    (0.3245 0)
    (0.3250 0)
    (0.3255 0)
    (0.3260 0)
    (0.3265 0)
    (0.3270 0)
    (0.3275 0)
    (0.3280 0)
    (0.3285 0)
    (0.3290 0)
    (0.3295 0)
    (0.3300 0)
    (0.3305 0)
    (0.3310 0)
    (0.3315 0)
    (0.3320 0)
    (0.3325 0)
    (0.3330 0)
    (0.3335 0)
    (0.3340 0)
    (0.3345 0)
    (0.3350 0)
    (0.3355 0)
    (0.3360 0)
    (0.3365 0)
    (0.3370 0)
    (0.3375 0)
    (0.3380 0)
    (0.3385 0)
    (0.3390 0)
    (0.3395 0)
    (0.3400 0)
    (0.3405 0)
    (0.3410 0)
    (0.3415 0)
    (0.3420 0)
    (0.3425 0)
    (0.3430 0)
    (0.3435 0)
    (0.3440 0)
    (0.3445 0)
    (0.3450 0)
    (0.3455 0)
    (0.3460 0)
    (0.3465 0)
    (0.3470 0)
    (0.3475 0)
    (0.3480 0)
    (0.3485 0)
    (0.3490 0)
    (0.3495 0)
    (0.3500 0)
    (0.3505 0)
    (0.3510 0)
    (0.3515 0)
    (0.3520 0)
    (0.3525 0)
    (0.3530 0)
    (0.3535 0)
    (0.3540 0)
    (0.3545 0)
    (0.3550 0)
    (0.3555 0)
    (0.3560 0)
    (0.3565 0)
    (0.3570 0)
    (0.3575 0)
    (0.3580 0)
    (0.3585 0)
    (0.3590 0)
    (0.3595 0)
    (0.3600 0)
    (0.3605 0)
    (0.3610 0)
    (0.3615 0)
    (0.3620 0)
    (0.3625 0)
    (0.3630 0)
    (0.3635 0)
    (0.3640 0)
    (0.3645 0)
    (0.3650 0)
    (0.3655 0)
    (0.3660 0)
    (0.3665 0)
    (0.3670 0)
    (0.3675 0)
    (0.3680 0)
    (0.3685 0)
    (0.3690 0)
    (0.3695 0)
    (0.3700 0)
    (0.3705 0)
    (0.3710 0)
    (0.3715 0)
    (0.3720 0)
    (0.3725 0)
    (0.3730 0)
    (0.3735 0)
    (0.3740 0)
    (0.3745 0)
    (0.3750 0)
    (0.3755 0)
    (0.3760 0)
    (0.3765 0)
    (0.3770 0)
    (0.3775 0)
    (0.3780 0)
    (0.3785 0)
    (0.3790 0)
    (0.3795 0)
    (0.3800 0)
    (0.3805 0)
    (0.3810 0)
    (0.3815 0)
    (0.3820 0)
    (0.3825 0)
    (0.3830 0)
    (0.3835 0)
    (0.3840 0)
    (0.3845 0)
    (0.3850 0)
    (0.3855 0)
    (0.3860 0)
    (0.3865 0)
    (0.3870 0)
    (0.3875 0)
    (0.3880 0)
    (0.3885 0)
    (0.3890 0)
    (0.3895 0)
    (0.3900 0)
    (0.3905 0)
    (0.3910 0)
    (0.3915 0)
    (0.3920 0)
    (0.3925 0)
    (0.3930 0)
    (0.3935 0)
    (0.3940 0)
    (0.3945 0)
    (0.3950 0)
    (0.3955 0)
    (0.3960 0)
    (0.3965 0)
    (0.3970 0)
    (0.3975 0)
    (0.3980 0)
    (0.3985 0)
    (0.3990 0)
    (0.3995 0)
    (0.4000 0)
    (0.4005 0)
    (0.4010 0)
    (0.4015 0)
    (0.4020 0)
    (0.4025 0)
    (0.4030 0)
    (0.4035 0)
    (0.4040 0)
    (0.4045 0)
    (0.4050 0)
    (0.4055 0)
    (0.4060 0)
    (0.4065 0)
    (0.4070 0)
    (0.4075 0)
    (0.4080 0)
    (0.4085 0)
    (0.4090 0)
    (0.4095 0)
    (0.4100 0)
    (0.4105 0)
    (0.4110 0)
    (0.4115 0)
    (0.4120 0)
    (0.4125 0)
    (0.4130 0)
    (0.4135 0)
    (0.4140 0)
    (0.4145 0)
    (0.4150 0)
    (0.4155 0)
    (0.4160 0)
    (0.4165 0)
    (0.4170 0)
    (0.4175 0)
    (0.4180 0)
    (0.4185 0)
    (0.4190 0)
    (0.4195 0)
    (0.4200 0)
    (0.4205 0)
    (0.4210 0)
    (0.4215 0)
    (0.4220 0)
    (0.4225 0)
    (0.4230 0)
    (0.4235 0)
    (0.4240 0)
    (0.4245 0)
    (0.4250 0)
    (0.4255 0)
    (0.4260 0)
    (0.4265 0)
    (0.4270 0)
    (0.4275 0)
    (0.4280 0)
    (0.4285 0)
    (0.4290 0)
    (0.4295 0)
    (0.4300 0)
    (0.4305 0)
    (0.4310 0)
    (0.4315 0)
    (0.4320 0)
    (0.4325 0)
    (0.4330 0)
    (0.4335 0)
    (0.4340 0)
    (0.4345 0)
    (0.4350 0)
    (0.4355 0)
    (0.4360 0)
    (0.4365 0)
    (0.4370 0)
    (0.4375 0)
    (0.4380 0)
    (0.4385 0)
    (0.4390 0)
    (0.4395 0)
    (0.4400 0)
    (0.4405 0)
    (0.4410 0)
    (0.4415 0)
    (0.4420 0)
    (0.4425 0)
    (0.4430 0)
    (0.4435 0)
    (0.4440 0)
    (0.4445 0)
    (0.4450 0)
    (0.4455 0)
    (0.4460 0)
    (0.4465 0)
    (0.4470 0)
    (0.4475 0)
    (0.4480 0)
    (0.4485 0)
    (0.4490 0)
    (0.4495 0)
    (0.4500 0)
    (0.4505 0)
    (0.4510 0)
    (0.4515 0)
    (0.4520 0)
    (0.4525 0)
    (0.4530 0)
    (0.4535 0)
    (0.4540 0)
    (0.4545 0)
    (0.4550 0)
    (0.4555 0)
    (0.4560 0)
    (0.4565 0)
    (0.4570 0)
    (0.4575 0)
    (0.4580 0)
    (0.4585 0)
    (0.4590 0)
    (0.4595 0)
    (0.4600 0)
    (0.4605 0)
    (0.4610 0)
    (0.4615 0)
    (0.4620 0)
    (0.4625 0)
    (0.4630 0)
    (0.4635 0)
    (0.4640 0)
    (0.4645 0)
    (0.4650 0)
    (0.4655 0)
    (0.4660 0)
    (0.4665 0)
    (0.4670 0)
    (0.4675 0)
    (0.4680 0)
    (0.4685 0)
    (0.4690 0)
    (0.4695 0)
    (0.4700 0)
    (0.4705 0)
    (0.4710 0)
    (0.4715 0)
    (0.4720 0)
    (0.4725 0)
    (0.4730 0)
    (0.4735 0)
    (0.4740 0)
    (0.4745 0)
    (0.4750 0)
    (0.4755 0)
    (0.4760 0)
    (0.4765 0)
    (0.4770 0)
    (0.4775 0)
    (0.4780 0)
    (0.4785 0)
    (0.4790 0)
    (0.4795 0)
    (0.4800 0)
    (0.4805 0)
    (0.4810 0)
    (0.4815 0)
    (0.4820 0)
    (0.4825 0)
    (0.4830 0)
    (0.4835 0)
    (0.4840 0)
    (0.4845 0)
    (0.4850 0)
    (0.4855 0)
    (0.4860 0)
    (0.4865 0)
    (0.4870 0)
    (0.4875 0)
    (0.4880 0)
    (0.4885 0)
    (0.4890 0)
    (0.4895 0)
    (0.4900 0)
    (0.4905 0)
    (0.4910 0)
    (0.4915 0)
    (0.4920 0)
    (0.4925 0)
    (0.4930 0)
    (0.4935 0)
    (0.4940 0)
    (0.4945 0)
    (0.4950 0)
    (0.4955 0)
    (0.4960 0)
    (0.4965 0)
    (0.4970 0)
    (0.4975 0)
    (0.4980 0)
    (0.4985 0)
    (0.4990 0)
    (0.4995 0)
    (0.5000 0)
    (0.5005 0)
    (0.5010 0)
    (0.5015 0)
    (0.5020 0)
    (0.5025 0)
    (0.5030 0)
    (0.5035 0)
    (0.5040 0)
    (0.5045 0)
    (0.5050 0)
    (0.5055 0)
    (0.5060 0)
    (0.5065 0)
    (0.5070 0)
    (0.5075 0)
    (0.5080 0)
    (0.5085 0)
    (0.5090 0)
    (0.5095 0)
    (0.5100 0)
    (0.5105 0)
    (0.5110 0)
    (0.5115 0)
    (0.5120 0)
    (0.5125 0)
    (0.5130 0)
    (0.5135 0)
    (0.5140 0)
    (0.5145 0)
    (0.5150 0)
    (0.5155 0)
    (0.5160 0)
    (0.5165 0)
    (0.5170 0)
    (0.5175 0)
    (0.5180 0)
    (0.5185 0)
    (0.5190 0)
    (0.5195 0)
    (0.5200 0)
    (0.5205 0)
    (0.5210 0)
    (0.5215 0)
    (0.5220 0)
    (0.5225 0)
    (0.5230 0)
    (0.5235 0)
    (0.5240 0)
    (0.5245 0)
    (0.5250 0)
    (0.5255 0)
    (0.5260 0)
    (0.5265 0)
    (0.5270 0)
    (0.5275 0)
    (0.5280 0)
    (0.5285 0)
    (0.5290 0)
    (0.5295 0)
    (0.5300 0)
    (0.5305 0)
    (0.5310 0)
    (0.5315 0)
    (0.5320 0)
    (0.5325 0)
    (0.5330 0)
    (0.5335 0)
    (0.5340 0)
    (0.5345 0)
    (0.5350 0)
    (0.5355 0)
    (0.5360 0)
    (0.5365 0)
    (0.5370 0)
    (0.5375 0)
    (0.5380 0)
    (0.5385 0)
    (0.5390 0)
    (0.5395 0)
    (0.5400 0)
    (0.5405 0)
    (0.5410 0)
    (0.5415 0)
    (0.5420 0)
    (0.5425 0)
    (0.5430 0)
    (0.5435 0)
    (0.5440 0)
    (0.5445 0)
    (0.5450 0)
    (0.5455 0)
    (0.5460 0)
    (0.5465 0)
    (0.5470 0)
    (0.5475 0)
    (0.5480 0)
    (0.5485 0)
    (0.5490 0)
    (0.5495 0)
    (0.5500 0)
    (0.5505 0)
    (0.5510 0)
    (0.5515 0)
    (0.5520 0)
    (0.5525 0)
    (0.5530 0)
    (0.5535 0)
    (0.5540 0)
    (0.5545 0)
    (0.5550 0)
    (0.5555 0)
    (0.5560 0)
    (0.5565 0)
    (0.5570 0)
    (0.5575 0)
    (0.5580 0)
    (0.5585 0)
    (0.5590 0)
    (0.5595 0)
    (0.5600 0)
    (0.5605 0)
    (0.5610 0)
    (0.5615 0)
    (0.5620 0)
    (0.5625 0)
    (0.5630 0)
    (0.5635 0)
    (0.5640 0)
    (0.5645 0)
    (0.5650 0)
    (0.5655 0)
    (0.5660 0)
    (0.5665 0)
    (0.5670 0)
    (0.5675 0)
    (0.5680 0)
    (0.5685 0)
    (0.5690 0)
    (0.5695 0)
    (0.5700 0)
    (0.5705 0)
    (0.5710 0)
    (0.5715 0)
    (0.5720 0)
    (0.5725 0)
    (0.5730 0)
    (0.5735 0)
    (0.5740 0)
    (0.5745 0)
    (0.5750 0)
    (0.5755 0)
    (0.5760 0)
    (0.5765 0)
    (0.5770 0)
    (0.5775 0)
    (0.5780 0)
    (0.5785 0)
    (0.5790 0)
    (0.5795 0)
    (0.5800 0)
    (0.5805 0)
    (0.5810 0)
    (0.5815 0)
    (0.5820 0)
    (0.5825 0)
    (0.5830 0)
    (0.5835 0)
    (0.5840 0)
    (0.5845 0)
    (0.5850 0)
    (0.5855 0)
    (0.5860 0)
    (0.5865 0)
    (0.5870 0)
    (0.5875 0)
    (0.5880 0)
    (0.5885 0)
    (0.5890 0)
    (0.5895 0)
    (0.5900 0)
    (0.5905 0)
    (0.5910 0)
    (0.5915 0)
    (0.5920 0)
    (0.5925 0)
    (0.5930 0)
    (0.5935 0)
    (0.5940 0)
    (0.5945 0)
    (0.5950 0)
    (0.5955 0)
    (0.5960 0)
    (0.5965 0)
    (0.5970 0)
    (0.5975 0)
    (0.5980 0)
    (0.5985 0)
    (0.5990 0)
    (0.5995 0)
    (0.6000 0)
    (0.6005 0)
    (0.6010 0)
    (0.6015 0)
    (0.6020 0)
    (0.6025 0)
    (0.6030 0)
    (0.6035 0)
    (0.6040 0)
    (0.6045 0)
    (0.6050 0)
    (0.6055 0)
    (0.6060 0)
    (0.6065 0)
    (0.6070 0)
    (0.6075 0)
    (0.6080 0)
    (0.6085 0)
    (0.6090 0)
    (0.6095 0)
    (0.6100 0)
    (0.6105 0)
    (0.6110 0)
    (0.6115 0)
    (0.6120 0)
    (0.6125 0)
    (0.6130 0)
    (0.6135 0)
    (0.6140 0)
    (0.6145 0)
    (0.6150 0)
    (0.6155 0)
    (0.6160 0)
    (0.6165 0)
    (0.6170 0)
    (0.6175 0)
    (0.6180 0)
    (0.6185 0)
    (0.6190 0)
    (0.6195 0)
    (0.6200 0)
    (0.6205 0)
    (0.6210 0)
    (0.6215 0)
    (0.6220 0)
    (0.6225 0)
    (0.6230 0)
    (0.6235 0)
    (0.6240 0)
    (0.6245 0)
    (0.6250 0)
    (0.6255 0)
    (0.6260 0)
    (0.6265 0)
    (0.6270 0)
    (0.6275 0)
    (0.6280 0)
    (0.6285 0)
    (0.6290 0)
    (0.6295 0)
    (0.6300 0)
    (0.6305 0)
    (0.6310 0)
    (0.6315 0)
    (0.6320 0)
    (0.6325 0)
    (0.6330 0)
    (0.6335 0)
    (0.6340 0)
    (0.6345 0)
    (0.6350 0)
    (0.6355 0)
    (0.6360 0)
    (0.6365 0)
    (0.6370 0)
    (0.6375 0)
    (0.6380 0)
    (0.6385 0)
    (0.6390 0)
    (0.6395 0)
    (0.6400 0)
    (0.6405 0)
    (0.6410 0)
    (0.6415 0)
    (0.6420 0)
    (0.6425 0)
    (0.6430 0)
    (0.6435 0)
    (0.6440 0)
    (0.6445 0)
    (0.6450 0)
    (0.6455 0)
    (0.6460 0)
    (0.6465 0)
    (0.6470 0)
    (0.6475 6.94203e-08)
    (0.6480 0)
    (0.6485 -1.86011e-08)
    (0.6490 0)
    (0.6495 4.98415e-09)
    (0.6500 0)
    (0.6505 -1.3355e-09)
    (0.6510 0)
    (0.6515 3.57846e-10)
    (0.6520 0)
    (0.6525 -9.58846e-11)
    (0.6530 0)
    (0.6535 2.56922e-11)
    (0.6540 0)
    (0.6545 -6.88421e-12)
    (0.6550 0)
    (0.6555 1.84462e-12)
    (0.6560 0)
    (0.6565 -4.94264e-13)
    (0.6570 0)
    (0.6575 1.32438e-13)
    (0.6580 0)
    (0.6585 -3.54888e-14)
    (0.6590 0)
    (0.6595 9.51701e-15)
    (0.6600 0)
    (0.6605 -2.57923e-15)
    (0.6610 0)
    (0.6615 7.99911e-16)
    (0.6620 0)
    (0.6625 -6.20416e-16)
    (0.6630 0)
    (0.6635 1.68175e-15)
    (0.6640 0)
    (0.6645 -6.10659e-15)
    (0.6650 0)
    (0.6655 2.27446e-14)
    (0.6660 0)
    (0.6665 -8.48719e-14)
    (0.6670 0)
    (0.6675 3.16743e-13)
    (0.6680 0)
    (0.6685 -1.1821e-12)
    (0.6690 0)
    (0.6695 4.41166e-12)
    (0.6700 0)
    (0.6705 -1.64645e-11)
    (0.6710 0)
    (0.6715 6.14464e-11)
    (0.6720 0)
    (0.6725 -2.29321e-10)
    (0.6730 0)
    (0.6735 8.55838e-10)
    (0.6740 0)
    (0.6745 -3.19403e-09)
    (0.6750 0)
    (0.6755 9.25276e-10)
    (0.6760 -8.79601e-08)
    (0.6765 -3.39046e-07)
    (0.6770 -6.85229e-07)
    (0.6775 -1.04593e-06)
    (0.6780 -1.4262e-06)
    (0.6785 -1.84674e-06)
    (0.6790 -2.30532e-06)
    (0.6795 -2.7955e-06)
    (0.6800 -3.31701e-06)
    (0.6805 -3.87069e-06)
    (0.6810 -4.45571e-06)
    (0.6815 -5.07096e-06)
    (0.6820 -5.71586e-06)
    (0.6825 -6.38978e-06)
    (0.6830 -7.09127e-06)
    (0.6835 -7.81863e-06)
    (0.6840 -8.56995e-06)
    (0.6845 -9.34328e-06)
    (0.6850 -1.01367e-05)
    (0.6855 -1.09484e-05)
    (0.6860 -1.17764e-05)
    (0.6865 -1.26188e-05)
    (0.6870 -1.34737e-05)
    (0.6875 -1.43392e-05)
    (0.6880 -1.52135e-05)
    (0.6885 -1.60945e-05)
    (0.6890 -1.69805e-05)
    (0.6895 -1.78695e-05)
    (0.6900 -1.87596e-05)
    (0.6905 -1.96488e-05)
    (0.6910 -2.05355e-05)
    (0.6915 -2.14188e-05)
    (0.6920 -2.2301e-05)
    (0.6925 -2.31855e-05)
    (0.6930 -2.40753e-05)
    (0.6935 -2.49735e-05)
    (0.6940 -2.5883e-05)
    (0.6945 -2.68071e-05)
    (0.6950 -2.77489e-05)
    (0.6955 -2.87113e-05)
    (0.6960 -2.96974e-05)
    (0.6965 -3.07104e-05)
    (0.6970 -3.17534e-05)
    (0.6975 -3.28293e-05)
    (0.6980 -3.39413e-05)
    (0.6985 -3.50925e-05)
    (0.6990 -3.6286e-05)
    (0.6995 -3.75249e-05)
    (0.7000 -3.8812e-05)
    (0.7005 -4.01506e-05)
    (0.7010 -4.15441e-05)
    (0.7015 -4.29956e-05)
    (0.7020 -4.45055e-05)
    (0.7025 -4.60729e-05)
    (0.7030 -4.76943e-05)
    (0.7035 -4.93659e-05)
    (0.7040 -5.10841e-05)
    (0.7045 -5.28457e-05)
    (0.7050 -5.46473e-05)
    (0.7055 -5.64855e-05)
    (0.7060 -5.83567e-05)
    (0.7065 -6.02576e-05)
    (0.7070 -6.21848e-05)
    (0.7075 -6.41349e-05)
    (0.7080 -6.61042e-05)
    (0.7085 -6.80893e-05)
    (0.7090 -7.00876e-05)
    (0.7095 -7.20974e-05)
    (0.7100 -7.41191e-05)
    (0.7105 -7.61539e-05)
    (0.7110 -7.82024e-05)
    (0.7115 -8.02653e-05)
    (0.7120 -8.23433e-05)
    (0.7125 -8.44371e-05)
    (0.7130 -8.65475e-05)
    (0.7135 -8.86751e-05)
    (0.7140 -9.08207e-05)
    (0.7145 -9.29849e-05)
    (0.7150 -9.51686e-05)
    (0.7155 -9.73725e-05)
    (0.7160 -9.95962e-05)
    (0.7165 -0.00010184)
    (0.7170 -0.000104102)
    (0.7175 -0.000106383)
    (0.7180 -0.000108681)
    (0.7185 -0.000110997)
    (0.7190 -0.000113329)
    (0.7195 -0.000115678)
    (0.7200 -0.000118041)
    (0.7205 -0.00012042)
    (0.7210 -0.000122813)
    (0.7215 -0.00012522)
    (0.7220 -0.00012764)
    (0.7225 -0.00013007)
    (0.7230 -0.000132507)
    (0.7235 -0.000134947)
    (0.7240 -0.000137386)
    (0.7245 -0.00013982)
    (0.7250 -0.000142244)
    (0.7255 -0.000144655)
    (0.7260 -0.00014705)
    (0.7265 -0.000149423)
    (0.7270 -0.000151771)
    (0.7275 -0.000154088)
    (0.7280 -0.000156379)
    (0.7285 -0.000158653)
    (0.7290 -0.000160928)
    (0.7295 -0.000163221)
    (0.7300 -0.000165552)
    (0.7305 -0.000167937)
    (0.7310 -0.000170393)
    (0.7315 -0.000172938)
    (0.7320 -0.000175592)
    (0.7325 -0.000178374)
    (0.7330 -0.000181285)
    (0.7335 -0.000184316)
    (0.7340 -0.000187435)
    (0.7345 -0.000190606)
    (0.7350 -0.000193797)
    (0.7355 -0.000196975)
    (0.7360 -0.000200109)
    (0.7365 -0.000203164)
    (0.7370 -0.000206111)
    (0.7375 -0.000208929)
    (0.7380 -0.000211633)
    (0.7385 -0.000214247)
    (0.7390 -0.000216793)
    (0.7395 -0.000219291)
    (0.7400 -0.000221765)
    (0.7405 -0.000224235)
    (0.7410 -0.000226724)
    (0.7415 -0.000229255)
    (0.7420 -0.000231847)
    (0.7425 -0.000234518)
    (0.7430 -0.000237259)
    (0.7435 -0.000240055)
    (0.7440 -0.000242894)
    (0.7445 -0.00024576)
    (0.7450 -0.00024864)
    (0.7455 -0.00025152)
    (0.7460 -0.000254386)
    (0.7465 -0.000257224)
    (0.7470 -0.000260019)
    (0.7475 -0.000262762)
    (0.7480 -0.000265465)
    (0.7485 -0.000268146)
    (0.7490 -0.000270826)
    (0.7495 -0.000273525)
    (0.7500 -0.00027626)
    (0.7505 -0.000279054)
    (0.7510 -0.000281923)
    (0.7515 -0.000284887)
    (0.7520 -0.000287969)
    (0.7525 -0.000291184)
    (0.7530 -0.000294517)
    (0.7535 -0.000297948)
    (0.7540 -0.000301453)
    (0.7545 -0.000305006)
    (0.7550 -0.000308582)
    (0.7555 -0.000312158)
    (0.7560 -0.000315708)
    (0.7565 -0.00031921)
    (0.7570 -0.000322637)
    (0.7575 -0.000325966)
    (0.7580 -0.000329194)
    (0.7585 -0.000332325)
    (0.7590 -0.000335366)
    (0.7595 -0.000338327)
    (0.7600 -0.000341213)
    (0.7605 -0.000344031)
    (0.7610 -0.000346791)
    (0.7615 -0.000349499)
    (0.7620 -0.000352158)
    (0.7625 -0.00035477)
    (0.7630 -0.00035733)
    (0.7635 -0.000359835)
    (0.7640 -0.000362281)
    (0.7645 -0.000364664)
    (0.7650 -0.00036698)
    (0.7655 -0.000369226)
    (0.7660 -0.000371398)
    (0.7665 -0.000373493)
    (0.7670 -0.000375506)
    (0.7675 -0.000377434)
    (0.7680 -0.000379273)
    (0.7685 -0.00038102)
    (0.7690 -0.000382683)
    (0.7695 -0.000384269)
    (0.7700 -0.000385786)
    (0.7705 -0.000387243)
    (0.7710 -0.000388648)
    (0.7715 -0.00039001)
    (0.7720 -0.000391337)
    (0.7725 -0.000392637)
    (0.7730 -0.000393919)
    (0.7735 -0.000395191)
    (0.7740 -0.000396461)
    (0.7745 -0.000397738)
    (0.7750 -0.00039903)
    (0.7755 -0.000400347)
    (0.7760 -0.000401688)
    (0.7765 -0.000403052)
    (0.7770 -0.000404434)
    (0.7775 -0.000405831)
    (0.7780 -0.000407237)
    (0.7785 -0.00040865)
    (0.7790 -0.000410065)
    (0.7795 -0.000411478)
    (0.7800 -0.000412885)
    (0.7805 -0.000414282)
    (0.7810 -0.000415665)
    (0.7815 -0.00041703)
    (0.7820 -0.000418373)
    (0.7825 -0.000419689)
    (0.7830 -0.000420977)
    (0.7835 -0.000422235)
    (0.7840 -0.000423464)
    (0.7845 -0.000424667)
    (0.7850 -0.000425843)
    (0.7855 -0.000426993)
    (0.7860 -0.000428119)
    (0.7865 -0.000429221)
    (0.7870 -0.0004303)
    (0.7875 -0.000431357)
    (0.7880 -0.000432394)
    (0.7885 -0.00043341)
    (0.7890 -0.000434408)
    (0.7895 -0.000435387)
    (0.7900 -0.00043635)
    (0.7905 -0.000437295)
    (0.7910 -0.000438226)
    (0.7915 -0.000439142)
    (0.7920 -0.000440041)
    (0.7925 -0.000440921)
    (0.7930 -0.000441777)
    (0.7935 -0.000442607)
    (0.7940 -0.000443406)
    (0.7945 -0.000444172)
    (0.7950 -0.0004449)
    (0.7955 -0.000445588)
    (0.7960 -0.000446231)
    (0.7965 -0.000446828)
    (0.7970 -0.000447376)
    (0.7975 -0.000447877)
    (0.7980 -0.000448331)
    (0.7985 -0.000448741)
    (0.7990 -0.000449107)
    (0.7995 -0.00044943)
    (0.8000 -0.000449712)
    (0.8005 -0.000449954)
    (0.8010 -0.000450156)
    (0.8015 -0.000450321)
    (0.8020 -0.000450448)
    (0.8025 -0.00045054)
    (0.8030 -0.000450597)
    (0.8035 -0.000450621)
    (0.8040 -0.000450613)
    (0.8045 -0.000450574)
    (0.8050 -0.000450505)
    (0.8055 -0.000450407)
    (0.8060 -0.000450281)
    (0.8065 -0.000450129)
    (0.8070 -0.000449952)
    (0.8075 -0.000449751)
    (0.8080 -0.000449526)
    (0.8085 -0.00044928)
    (0.8090 -0.000449013)
    (0.8095 -0.000448727)
    (0.8100 -0.000448422)
    (0.8105 -0.0004481)
    (0.8110 -0.00044776)
    (0.8115 -0.000447399)
    (0.8120 -0.000447012)
    (0.8125 -0.000446596)
    (0.8130 -0.000446147)
    (0.8135 -0.000445661)
    (0.8140 -0.000445133)
    (0.8145 -0.00044456)
    (0.8150 -0.000443938)
    (0.8155 -0.000443263)
    (0.8160 -0.000442531)
    (0.8165 -0.000441738)
    (0.8170 -0.00044088)
    (0.8175 -0.000439954)
    (0.8180 -0.000438954)
    (0.8185 -0.000437877)
    (0.8190 -0.000436722)
    (0.8195 -0.00043549)
    (0.8200 -0.000434188)
    (0.8205 -0.000432822)
    (0.8210 -0.000431399)
    (0.8215 -0.000429924)
    (0.8220 -0.000428404)
    (0.8225 -0.000426845)
    (0.8230 -0.000425254)
    (0.8235 -0.000423635)
    (0.8240 -0.000421996)
    (0.8245 -0.000420342)
    (0.8250 -0.00041868)
    (0.8255 -0.000417016)
    (0.8260 -0.000415356)
    (0.8265 -0.000413707)
    (0.8270 -0.000412072)
    (0.8275 -0.000410454)
    (0.8280 -0.000408852)
    (0.8285 -0.000407266)
    (0.8290 -0.000405697)
    (0.8295 -0.000404144)
    (0.8300 -0.000402607)
    (0.8305 -0.000401086)
    (0.8310 -0.000399582)
    (0.8315 -0.000398093)
    (0.8320 -0.000396621)
    (0.8325 -0.000395165)
    (0.8330 -0.000393725)
    (0.8335 -0.000392301)
    (0.8340 -0.000390893)
    (0.8345 -0.000389501)
    (0.8350 -0.000388125)
    (0.8355 -0.000386765)
    (0.8360 -0.000385418)
    (0.8365 -0.000384086)
    (0.8370 -0.000382767)
    (0.8375 -0.00038146)
    (0.8380 -0.000380165)
    (0.8385 -0.00037888)
    (0.8390 -0.000377607)
    (0.8395 -0.000376342)
    (0.8400 -0.000375087)
    (0.8405 -0.00037384)
    (0.8410 -0.0003726)
    (0.8415 -0.000371368)
    (0.8420 -0.000370141)
    (0.8425 -0.00036892)
    (0.8430 -0.000367703)
    (0.8435 -0.000366491)
    (0.8440 -0.000365285)
    (0.8445 -0.000364086)
    (0.8450 -0.000362898)
    (0.8455 -0.000361721)
    (0.8460 -0.000360559)
    (0.8465 -0.000359413)
    (0.8470 -0.000358285)
    (0.8475 -0.000357178)
    (0.8480 -0.000356094)
    (0.8485 -0.000355034)
    (0.8490 -0.000354)
    (0.8495 -0.000352996)
    (0.8500 -0.000352023)
    (0.8505 -0.000351082)
    (0.8510 -0.000350177)
    (0.8515 -0.000349309)
    (0.8520 -0.00034848)
    (0.8525 -0.00034769)
    (0.8530 -0.000346935)
    (0.8535 -0.000346211)
    (0.8540 -0.000345512)
    (0.8545 -0.000344836)
    (0.8550 -0.000344176)
    (0.8555 -0.000343529)
    (0.8560 -0.00034289)
    (0.8565 -0.000342255)
    (0.8570 -0.00034162)
    (0.8575 -0.000340979)
    (0.8580 -0.000340329)
    (0.8585 -0.000339665)
    (0.8590 -0.000338983)
    (0.8595 -0.000338278)
    (0.8600 -0.000337545)
    (0.8605 -0.00033678)
    (0.8610 -0.000335984)
    (0.8615 -0.000335159)
    (0.8620 -0.00033431)
    (0.8625 -0.000333444)
    (0.8630 -0.000332565)
    (0.8635 -0.000331678)
    (0.8640 -0.000330788)
    (0.8645 -0.000329901)
    (0.8650 -0.000329021)
    (0.8655 -0.000328153)
    (0.8660 -0.000327303)
    (0.8665 -0.000326476)
    (0.8670 -0.000325676)
    (0.8675 -0.000324909)
    (0.8680 -0.00032418)
    (0.8685 -0.000323495)
    (0.8690 -0.000322855)
    (0.8695 -0.000322259)
    (0.8700 -0.0003217)
    (0.8705 -0.000321171)
    (0.8710 -0.000320665)
    (0.8715 -0.000320177)
    (0.8720 -0.0003197)
    (0.8725 -0.000319227)
    (0.8730 -0.000318753)
    (0.8735 -0.00031827)
    (0.8740 -0.000317772)
    (0.8745 -0.000317254)
    (0.8750 -0.000316714)
    (0.8755 -0.000316153)
    (0.8760 -0.00031557)
    (0.8765 -0.000314967)
    (0.8770 -0.000314343)
    (0.8775 -0.000313698)
    (0.8780 -0.000313032)
    (0.8785 -0.000312346)
    (0.8790 -0.000311641)
    (0.8795 -0.000310915)
    (0.8800 -0.000310169)
    (0.8805 -0.000309404)
    (0.8810 -0.00030862)
    (0.8815 -0.000307816)
    (0.8820 -0.000306993)
    (0.8825 -0.000306151)
    (0.8830 -0.000305291)
    (0.8835 -0.000304412)
    (0.8840 -0.000303515)
    (0.8845 -0.0003026)
    (0.8850 -0.000301667)
    (0.8855 -0.000300716)
    (0.8860 -0.000299748)
    (0.8865 -0.000298762)
    (0.8870 -0.000297759)
    (0.8875 -0.000296739)
    (0.8880 -0.000295702)
    (0.8885 -0.000294649)
    (0.8890 -0.000293579)
    (0.8895 -0.000292493)
    (0.8900 -0.000291391)
    (0.8905 -0.000290273)
    (0.8910 -0.000289139)
    (0.8915 -0.000287989)
    (0.8920 -0.000286825)
    (0.8925 -0.000285645)
    (0.8930 -0.00028445)
    (0.8935 -0.000283241)
    (0.8940 -0.000282016)
    (0.8945 -0.000280778)
    (0.8950 -0.000279525)
    (0.8955 -0.000278258)
    (0.8960 -0.000276981)
    (0.8965 -0.000275695)
    (0.8970 -0.000274404)
    (0.8975 -0.000273111)
    (0.8980 -0.00027182)
    (0.8985 -0.000270533)
    (0.8990 -0.000269254)
    (0.8995 -0.000267986)
    (0.9000 -0.000266733)
    (0.9005 -0.000265496)
    (0.9010 -0.000264281)
    (0.9015 -0.000263089)
    (0.9020 -0.000261924)
    (0.9025 -0.000260789)
    (0.9030 -0.000259687)
    (0.9035 -0.000258623)
    (0.9040 -0.000257596)
    (0.9045 -0.000256606)
    (0.9050 -0.000255649)
    (0.9055 -0.00025472)
    (0.9060 -0.000253815)
    (0.9065 -0.000252929)
    (0.9070 -0.000252059)
    (0.9075 -0.000251199)
    (0.9080 -0.000250346)
    (0.9085 -0.000249496)
    (0.9090 -0.000248644)
    (0.9095 -0.000247786)
    (0.9100 -0.000246918)
    (0.9105 -0.000246035)
    (0.9110 -0.000245134)
    (0.9115 -0.000244209)
    (0.9120 -0.000243257)
    (0.9125 -0.000242273)
    (0.9130 -0.000241258)
    (0.9135 -0.000240213)
    (0.9140 -0.00023914)
    (0.9145 -0.000238041)
    (0.9150 -0.00023692)
    (0.9155 -0.000235778)
    (0.9160 -0.000234617)
    (0.9165 -0.000233441)
    (0.9170 -0.00023225)
    (0.9175 -0.000231048)
    (0.9180 -0.000229837)
    (0.9185 -0.000228618)
    (0.9190 -0.000227395)
    (0.9195 -0.00022617)
    (0.9200 -0.000224945)
    (0.9205 -0.000223722)
    (0.9210 -0.000222503)
    (0.9215 -0.000221291)
    (0.9220 -0.000220084)
    (0.9225 -0.000218883)
    (0.9230 -0.000217687)
    (0.9235 -0.000216496)
    (0.9240 -0.00021531)
    (0.9245 -0.000214129)
    (0.9250 -0.000212951)
    (0.9255 -0.000211777)
    (0.9260 -0.000210607)
    (0.9265 -0.000209441)
    (0.9270 -0.000208277)
    (0.9275 -0.000207116)
    (0.9280 -0.000205957)
    (0.9285 -0.0002048)
    (0.9290 -0.000203646)
    (0.9295 -0.000202492)
    (0.9300 -0.00020134)
    (0.9305 -0.000200188)
    (0.9310 -0.000199035)
    (0.9315 -0.00019788)
    (0.9320 -0.000196722)
    (0.9325 -0.000195559)
    (0.9330 -0.00019439)
    (0.9335 -0.000193215)
    (0.9340 -0.000192032)
    (0.9345 -0.00019084)
    (0.9350 -0.000189638)
    (0.9355 -0.000188424)
    (0.9360 -0.000187198)
    (0.9365 -0.000185958)
    (0.9370 -0.000184704)
    (0.9375 -0.000183433)
    (0.9380 -0.000182146)
    (0.9385 -0.00018084)
    (0.9390 -0.000179518)
    (0.9395 -0.000178182)
    (0.9400 -0.000176834)
    (0.9405 -0.000175477)
    (0.9410 -0.000174114)
    (0.9415 -0.000172748)
    (0.9420 -0.00017138)
    (0.9425 -0.000170014)
    (0.9430 -0.000168651)
    (0.9435 -0.000167296)
    (0.9440 -0.00016595)
    (0.9445 -0.000164616)
    (0.9450 -0.000163296)
    (0.9455 -0.000161993)
    (0.9460 -0.000160711)
    (0.9465 -0.000159451)
    (0.9470 -0.000158213)
    (0.9475 -0.000156998)
    (0.9480 -0.000155801)
    (0.9485 -0.000154621)
    (0.9490 -0.000153456)
    (0.9495 -0.000152303)
    (0.9500 -0.00015116)
    (0.9505 -0.000150024)
    (0.9510 -0.000148894)
    (0.9515 -0.000147767)
    (0.9520 -0.00014664)
    (0.9525 -0.000145512)
    (0.9530 -0.00014438)
    (0.9535 -0.000143243)
    (0.9540 -0.000142096)
    (0.9545 -0.000140939)
    (0.9550 -0.00013977)
    (0.9555 -0.000138585)
    (0.9560 -0.000137382)
    (0.9565 -0.000136159)
    (0.9570 -0.000134915)
    (0.9575 -0.000133647)
    (0.9580 -0.000132358)
    (0.9585 -0.000131049)
    (0.9590 -0.000129722)
    (0.9595 -0.000128379)
    (0.9600 -0.000127021)
    (0.9605 -0.000125651)
    (0.9610 -0.00012427)
    (0.9615 -0.00012288)
    (0.9620 -0.000121483)
    (0.9625 -0.00012008)
    (0.9630 -0.000118674)
    (0.9635 -0.000117265)
    (0.9640 -0.000115857)
    (0.9645 -0.00011445)
    (0.9650 -0.000113047)
    (0.9655 -0.00011165)
    (0.9660 -0.000110258)
    (0.9665 -0.000108872)
    (0.9670 -0.00010749)
    (0.9675 -0.000106109)
    (0.9680 -0.000104728)
    (0.9685 -0.000103344)
    (0.9690 -0.000101956)
    (0.9695 -0.000100562)
    (0.9700 -9.91593e-05)
    (0.9705 -9.77467e-05)
    (0.9710 -9.63222e-05)
    (0.9715 -9.48837e-05)
    (0.9720 -9.34293e-05)
    (0.9725 -9.19573e-05)
    (0.9730 -9.04653e-05)
    (0.9735 -8.89516e-05)
    (0.9740 -8.74153e-05)
    (0.9745 -8.58563e-05)
    (0.9750 -8.42754e-05)
    (0.9755 -8.26733e-05)
    (0.9760 -8.10509e-05)
    (0.9765 -7.94087e-05)
    (0.9770 -7.77474e-05)
    (0.9775 -7.60679e-05)
    (0.9780 -7.43707e-05)
    (0.9785 -7.26565e-05)
    (0.9790 -7.09262e-05)
    (0.9795 -6.91805e-05)
    (0.9800 -6.74198e-05)
    (0.9805 -6.56448e-05)
    (0.9810 -6.38573e-05)
    (0.9815 -6.206e-05)
    (0.9820 -6.0258e-05)
    (0.9825 -5.84566e-05)
    (0.9830 -5.66607e-05)
    (0.9835 -5.48754e-05)
    (0.9840 -5.31056e-05)
    (0.9845 -5.13564e-05)
    (0.9850 -4.96329e-05)
    (0.9855 -4.79399e-05)
    (0.9860 -4.62827e-05)
    (0.9865 -4.46663e-05)
    (0.9870 -4.30954e-05)
    (0.9875 -4.15749e-05)
    (0.9880 -4.0111e-05)
    (0.9885 -3.87087e-05)
    (0.9890 -3.73682e-05)
    (0.9895 -3.60867e-05)
    (0.9900 -3.48555e-05)
    (0.9905 -3.36642e-05)
    (0.9910 -3.25039e-05)
    (0.9915 -3.13658e-05)
    (0.9920 -3.02409e-05)
    (0.9925 -2.91202e-05)
    (0.9930 -2.79943e-05)
    (0.9935 -2.68541e-05)
    (0.9940 -2.56917e-05)
    (0.9945 -2.44984e-05)
    (0.9950 -2.32607e-05)
    (0.9955 -2.19686e-05)
    (0.9960 -2.0629e-05)
    (0.9965 -1.92371e-05)
    (0.9970 -1.77242e-05)
    (0.9975 -1.60653e-05)
    (0.9980 -1.44739e-05)
    (0.9985 -1.30008e-05)
    (0.9990 -1.08059e-05)
    (0.9995 -6.82651e-06)
    (1.0000 0)
    (1.0005 0)
    (1.0010 0)
    (1.0015 0)
    (1.0020 0)
    (1.0025 0)
    (1.0030 0)
    (1.0035 0)
    (1.0040 0)
    (1.0045 0)
    (1.0050 0)
    (1.0055 0)
    (1.0060 0)
    (1.0065 0)
    (1.0070 0)
    (1.0075 0)
    (1.0080 0)
    (1.0085 0)
    (1.0090 0)
    (1.0095 0)
    (1.0100 0)
    (1.0105 0)
    (1.0110 0)
    (1.0115 0)
    (1.0120 0)
    (1.0125 0)
    (1.0130 0)
    (1.0135 0)
    (1.0140 0)
    (1.0145 0)
    (1.0150 0)
    (1.0155 0)
    (1.0160 0)
    (1.0165 0)
    (1.0170 0)
    (1.0175 0)
    (1.0180 0)
    (1.0185 0)
    (1.0190 0)
    (1.0195 0)
    (1.0200 0)
    (1.0205 0)
    (1.0210 0)
    (1.0215 0)
    (1.0220 0)
    (1.0225 0)
    (1.0230 0)
    (1.0235 0)
    (1.0240 0)
    (1.0245 0)
    (1.0250 0)
    (1.0255 0)
    (1.0260 0)
    (1.0265 0)
    (1.0270 0)
    (1.0275 0)
    (1.0280 0)
    (1.0285 0)
    (1.0290 0)
    (1.0295 0)
    (1.0300 0)
    (1.0305 0)
    (1.0310 0)
    (1.0315 0)
    (1.0320 0)
    (1.0325 0)
    (1.0330 0)
    (1.0335 0)
    (1.0340 0)
    (1.0345 0)
    (1.0350 0)
    (1.0355 0)
    (1.0360 0)
    (1.0365 0)
    (1.0370 0)
    (1.0375 0)
    (1.0380 0)
    (1.0385 0)
    (1.0390 0)
    (1.0395 0)
    (1.0400 0)
    (1.0405 0)
    (1.0410 0)
    (1.0415 0)
    (1.0420 0)
    (1.0425 0)
    (1.0430 0)
    (1.0435 0)
    (1.0440 0)
    (1.0445 0)
    (1.0450 0)
    (1.0455 0)
    (1.0460 0)
    (1.0465 0)
    (1.0470 0)
    (1.0475 0)
    (1.0480 0)
    (1.0485 0)
    (1.0490 0)
    (1.0495 0)
    (1.0500 0)
    (1.0505 0)
    (1.0510 0)
    (1.0515 0)
    (1.0520 0)
    (1.0525 0)
    (1.0530 0)
    (1.0535 0)
    (1.0540 0)
    (1.0545 0)
    (1.0550 0)
    (1.0555 0)
    (1.0560 0)
    (1.0565 0)
    (1.0570 0)
    (1.0575 0)
    (1.0580 0)
    (1.0585 0)
    (1.0590 0)
    (1.0595 0)
    (1.0600 0)
    (1.0605 0)
    (1.0610 0)
    (1.0615 0)
    (1.0620 0)
    (1.0625 0)
    (1.0630 0)
    (1.0635 0)
    (1.0640 0)
    (1.0645 0)
    (1.0650 0)
    (1.0655 0)
    (1.0660 0)
    (1.0665 0)
    (1.0670 0)
    (1.0675 0)
    (1.0680 0)
    (1.0685 0)
    (1.0690 0)
    (1.0695 0)
    (1.0700 0)
    (1.0705 0)
    (1.0710 0)
    (1.0715 0)
    (1.0720 0)
    (1.0725 0)
    (1.0730 0)
    (1.0735 0)
    (1.0740 0)
    (1.0745 0)
    (1.0750 0)
    (1.0755 0)
    (1.0760 0)
    (1.0765 0)
    (1.0770 0)
    (1.0775 0)
    (1.0780 0)
    (1.0785 0)
    (1.0790 0)
    (1.0795 0)
    (1.0800 0)
    (1.0805 0)
    (1.0810 0)
    (1.0815 0)
    (1.0820 0)
    (1.0825 0)
    (1.0830 0)
    (1.0835 0)
    (1.0840 0)
    (1.0845 0)
    (1.0850 0)
    (1.0855 0)
    (1.0860 0)
    (1.0865 0)
    (1.0870 0)
    (1.0875 0)
    (1.0880 0)
    (1.0885 0)
    (1.0890 0)
    (1.0895 0)
    (1.0900 0)
    (1.0905 0)
    (1.0910 0)
    (1.0915 0)
    (1.0920 0)
    (1.0925 0)
    (1.0930 0)
    (1.0935 0)
    (1.0940 0)
    (1.0945 0)
    (1.0950 0)
    (1.0955 0)
    (1.0960 0)
    (1.0965 0)
    (1.0970 0)
    (1.0975 0)
    (1.0980 0)
    (1.0985 0)
    (1.0990 0)
    (1.0995 0)
    (1.1000 0)
    (1.1005 0)
    (1.1010 0)
    (1.1015 0)
    (1.1020 0)
    (1.1025 0)
    (1.1030 0)
    (1.1035 0)
    (1.1040 0)
    (1.1045 0)
    (1.1050 0)
    (1.1055 0)
    (1.1060 0)
    (1.1065 0)
    (1.1070 0)
    (1.1075 0)
    (1.1080 0)
    (1.1085 0)
    (1.1090 0)
    (1.1095 0)
    (1.1100 0)
    (1.1105 0)
    (1.1110 0)
    (1.1115 0)
    (1.1120 0)
    (1.1125 0)
    (1.1130 0)
    (1.1135 0)
    (1.1140 0)
    (1.1145 0)
    (1.1150 0)
    (1.1155 0)
    (1.1160 0)
    (1.1165 0)
    (1.1170 0)
    (1.1175 0)
    (1.1180 0)
    (1.1185 0)
    (1.1190 0)
    (1.1195 0)
    (1.1200 0)
    (1.1205 0)
    (1.1210 0)
    (1.1215 0)
    (1.1220 0)
    (1.1225 0)
    (1.1230 0)
    (1.1235 0)
    (1.1240 0)
    (1.1245 0)
    (1.1250 0)
    (1.1255 0)
    (1.1260 0)
    (1.1265 0)
    (1.1270 0)
    (1.1275 0)
    (1.1280 0)
    (1.1285 0)
    (1.1290 0)
    (1.1295 0)
    (1.1300 0)
    (1.1305 0)
    (1.1310 0)
    (1.1315 0)
    (1.1320 0)
    (1.1325 0)
    (1.1330 0)
    (1.1335 0)
    (1.1340 0)
    (1.1345 0)
    (1.1350 0)
    (1.1355 0)
    (1.1360 0)
    (1.1365 0)
    (1.1370 0)
    (1.1375 0)
    (1.1380 0)
    (1.1385 0)
    (1.1390 0)
    (1.1395 0)
    (1.1400 0)
    (1.1405 0)
    (1.1410 0)
    (1.1415 0)
    (1.1420 0)
    (1.1425 0)
    (1.1430 0)
    (1.1435 0)
    (1.1440 0)
    (1.1445 0)
    (1.1450 0)
    (1.1455 0)
    (1.1460 0)
    (1.1465 0)
    (1.1470 0)
    (1.1475 0)
    (1.1480 0)
    (1.1485 0)
    (1.1490 0)
    (1.1495 0)
    (1.1500 0)
    (1.1505 0)
    (1.1510 0)
    (1.1515 0)
    (1.1520 0)
    (1.1525 0)
    (1.1530 0)
    (1.1535 0)
    (1.1540 0)
    (1.1545 0)
    (1.1550 0)
    (1.1555 0)
    (1.1560 0)
    (1.1565 0)
    (1.1570 0)
    (1.1575 0)
    (1.1580 0)
    (1.1585 0)
    (1.1590 0)
    (1.1595 0)
    (1.1600 0)
    (1.1605 0)
    (1.1610 0)
    (1.1615 0)
    (1.1620 0)
    (1.1625 0)
    (1.1630 0)
    (1.1635 0)
    (1.1640 0)
    (1.1645 0)
    (1.1650 0)
    (1.1655 0)
    (1.1660 0)
    (1.1665 0)
    (1.1670 0)
    (1.1675 0)
    (1.1680 0)
    (1.1685 0)
    (1.1690 0)
    (1.1695 0)
    (1.1700 0)
    (1.1705 0)
    (1.1710 0)
    (1.1715 0)
    (1.1720 0)
    (1.1725 0)
    (1.1730 0)
    (1.1735 0)
    (1.1740 0)
    (1.1745 0)
    (1.1750 0)
    (1.1755 0)
    (1.1760 0)
    (1.1765 0)
    (1.1770 0)
    (1.1775 0)
    (1.1780 0)
    (1.1785 0)
    (1.1790 0)
    (1.1795 0)
    (1.1800 0)
    (1.1805 0)
    (1.1810 0)
    (1.1815 0)
    (1.1820 0)
    (1.1825 0)
    (1.1830 0)
    (1.1835 0)
    (1.1840 0)
    (1.1845 0)
    (1.1850 0)
    (1.1855 0)
    (1.1860 0)
    (1.1865 0)
    (1.1870 0)
    (1.1875 0)
    (1.1880 0)
    (1.1885 0)
    (1.1890 0)
    (1.1895 0)
    (1.1900 0)
    (1.1905 0)
    (1.1910 0)
    (1.1915 0)
    (1.1920 0)
    (1.1925 0)
    (1.1930 0)
    (1.1935 0)
    (1.1940 0)
    (1.1945 0)
    (1.1950 0)
    (1.1955 0)
    (1.1960 0)
    (1.1965 0)
    (1.1970 0)
    (1.1975 0)
    (1.1980 0)
    (1.1985 0)
    (1.1990 0)
    (1.1995 0)
    (1.2000 0)
    (1.2005 0)
    (1.2010 0)
    (1.2015 0)
    (1.2020 0)
    (1.2025 0)
    (1.2030 0)
    (1.2035 0)
    (1.2040 0)
    (1.2045 0)
    (1.2050 0)
    (1.2055 0)
    (1.2060 0)
    (1.2065 0)
    (1.2070 0)
    (1.2075 0)
    (1.2080 0)
    (1.2085 0)
    (1.2090 0)
    (1.2095 0)
    (1.2100 0)
    (1.2105 0)
    (1.2110 0)
    (1.2115 0)
    (1.2120 0)
    (1.2125 0)
    (1.2130 0)
    (1.2135 0)
    (1.2140 0)
    (1.2145 0)
    (1.2150 0)
    (1.2155 0)
    (1.2160 0)
    (1.2165 0)
    (1.2170 0)
    (1.2175 0)
    (1.2180 0)
    (1.2185 0)
    (1.2190 0)
    (1.2195 0)
    (1.2200 0)
    (1.2205 0)
    (1.2210 0)
    (1.2215 0)
    (1.2220 0)
    (1.2225 0)
    (1.2230 0)
    (1.2235 0)
    (1.2240 0)
    (1.2245 0)
    (1.2250 0)
    (1.2255 0)
    (1.2260 0)
    (1.2265 0)
    (1.2270 0)
    (1.2275 0)
    (1.2280 0)
    (1.2285 0)
    (1.2290 0)
    (1.2295 0)
    (1.2300 0)
    (1.2305 0)
    (1.2310 0)
    (1.2315 0)
    (1.2320 0)
    (1.2325 0)
    (1.2330 0)
    (1.2335 0)
    (1.2340 0)
    (1.2345 0)
    (1.2350 0)
    (1.2355 0)
    (1.2360 0)
    (1.2365 0)
    (1.2370 0)
    (1.2375 0)
    (1.2380 0)
    (1.2385 0)
    (1.2390 0)
    (1.2395 0)
    (1.2400 0)
    (1.2405 0)
    (1.2410 0)
    (1.2415 0)
    (1.2420 0)
    (1.2425 0)
    (1.2430 0)
    (1.2435 0)
    (1.2440 0)
    (1.2445 0)
    (1.2450 0)
    (1.2455 0)
    (1.2460 0)
    (1.2465 0)
    (1.2470 0)
    (1.2475 0)
    (1.2480 0)
    (1.2485 0)
    (1.2490 0)
    (1.2495 0)
    (1.2500 0)
    (1.2505 0)
    (1.2510 0)
    (1.2515 0)
    (1.2520 0)
    (1.2525 0)
    (1.2530 0)
    (1.2535 0)
    (1.2540 0)
    (1.2545 0)
    (1.2550 0)
    (1.2555 0)
    (1.2560 0)
    (1.2565 0)
    (1.2570 0)
    (1.2575 0)
    (1.2580 0)
    (1.2585 0)
    (1.2590 0)
    (1.2595 0)
    (1.2600 0)
    (1.2605 0)
    (1.2610 0)
    (1.2615 0)
    (1.2620 0)
    (1.2625 0)
    (1.2630 0)
    (1.2635 0)
    (1.2640 0)
    (1.2645 0)
    (1.2650 0)
    (1.2655 0)
    (1.2660 0)
    (1.2665 0)
    (1.2670 0)
    (1.2675 0)
    (1.2680 0)
    (1.2685 0)
    (1.2690 0)
    (1.2695 0)
    (1.2700 0)
    (1.2705 0)
    (1.2710 0)
    (1.2715 0)
    (1.2720 0)
    (1.2725 0)
    (1.2730 0)
    (1.2735 0)
    (1.2740 0)
    (1.2745 0)
    (1.2750 0)
    (1.2755 0)
    (1.2760 0)
    (1.2765 0)
    (1.2770 0)
    (1.2775 0)
    (1.2780 0)
    (1.2785 0)
    (1.2790 0)
    (1.2795 0)
    (1.2800 0)
    (1.2805 0)
    (1.2810 0)
    (1.2815 0)
    (1.2820 0)
    (1.2825 0)
    (1.2830 0)
    (1.2835 0)
    (1.2840 0)
    (1.2845 0)
    (1.2850 0)
    (1.2855 0)
    (1.2860 0)
    (1.2865 0)
    (1.2870 0)
    (1.2875 0)
    (1.2880 0)
    (1.2885 0)
    (1.2890 0)
    (1.2895 0)
    (1.2900 0)
    (1.2905 0)
    (1.2910 0)
    (1.2915 0)
    (1.2920 0)
    (1.2925 0)
    (1.2930 0)
    (1.2935 0)
    (1.2940 0)
    (1.2945 0)
    (1.2950 0)
    (1.2955 0)
    (1.2960 0)
    (1.2965 0)
    (1.2970 0)
    (1.2975 0)
    (1.2980 0)
    (1.2985 0)
    (1.2990 0)
    (1.2995 0)
    (1.3000 0)
    (1.3005 0)
    (1.3010 0)
    (1.3015 0)
    (1.3020 0)
    (1.3025 0)
    (1.3030 0)
    (1.3035 0)
    (1.3040 0)
    (1.3045 0)
    (1.3050 0)
    (1.3055 0)
    (1.3060 0)
    (1.3065 0)
    (1.3070 0)
    (1.3075 0)
    (1.3080 0)
    (1.3085 0)
    (1.3090 0)
    (1.3095 0)
    (1.3100 0)
    (1.3105 0)
    (1.3110 0)
    (1.3115 0)
    (1.3120 0)
    (1.3125 0)
    (1.3130 0)
    (1.3135 0)
    (1.3140 0)
    (1.3145 0)
    (1.3150 0)
    (1.3155 0)
    (1.3160 0)
    (1.3165 0)
    (1.3170 0)
    (1.3175 0)
    (1.3180 0)
    (1.3185 0)
    (1.3190 0)
    (1.3195 0)
    (1.3200 0)
    (1.3205 0)
    (1.3210 0)
    (1.3215 0)
    (1.3220 0)
    (1.3225 0)
    (1.3230 0)
    (1.3235 0)
    (1.3240 0)
    (1.3245 0)
    (1.3250 0)
    (1.3255 0)
    (1.3260 0)
    (1.3265 0)
    (1.3270 0)
    (1.3275 0)
    (1.3280 0)
    (1.3285 0)
    (1.3290 0)
    (1.3295 0)
    (1.3300 0)
    (1.3305 0)
    (1.3310 0)
    (1.3315 0)
    (1.3320 0)
    (1.3325 0)
    (1.3330 0)
    (1.3335 0)
    (1.3340 0)
    (1.3345 0)
    (1.3350 0)
    (1.3355 0)
    (1.3360 0)
    (1.3365 0)
    (1.3370 0)
    (1.3375 0)
    (1.3380 0)
    (1.3385 0)
    (1.3390 0)
    (1.3395 0)
    (1.3400 0)
    (1.3405 0)
    (1.3410 0)
    (1.3415 0)
    (1.3420 0)
    (1.3425 0)
    (1.3430 0)
    (1.3435 0)
    (1.3440 0)
    (1.3445 0)
    (1.3450 0)
    (1.3455 0)
    (1.3460 0)
    (1.3465 0)
    (1.3470 0)
    (1.3475 0)
    (1.3480 0)
    (1.3485 0)
    (1.3490 0)
    (1.3495 0)
    (1.3500 0)
    (1.3505 0)
    (1.3510 0)
    (1.3515 0)
    (1.3520 0)
    (1.3525 0)
    (1.3530 0)
    (1.3535 0)
    (1.3540 0)
    (1.3545 0)
    (1.3550 0)
    (1.3555 0)
    (1.3560 0)
    (1.3565 0)
    (1.3570 0)
    (1.3575 0)
    (1.3580 0)
    (1.3585 0)
    (1.3590 0)
    (1.3595 0)
    (1.3600 0)
    (1.3605 0)
    (1.3610 0)
    (1.3615 0)
    (1.3620 0)
    (1.3625 0)
    (1.3630 0)
    (1.3635 0)
    (1.3640 0)
    (1.3645 0)
    (1.3650 0)
    (1.3655 0)
    (1.3660 0)
    (1.3665 0)
    (1.3670 0)
    (1.3675 0)
    (1.3680 0)
    (1.3685 0)
    (1.3690 0)
    (1.3695 0)
    (1.3700 0)
    (1.3705 0)
    (1.3710 0)
    (1.3715 0)
    (1.3720 0)
    (1.3725 0)
    (1.3730 0)
    (1.3735 0)
    (1.3740 0)
    (1.3745 0)
    (1.3750 0)
    (1.3755 0)
    (1.3760 0)
    (1.3765 0)
    (1.3770 0)
    (1.3775 0)
    (1.3780 0)
    (1.3785 0)
    (1.3790 0)
    (1.3795 0)
    (1.3800 0)
    (1.3805 0)
    (1.3810 0)
    (1.3815 0)
    (1.3820 0)
    (1.3825 0)
    (1.3830 0)
    (1.3835 0)
    (1.3840 0)
    (1.3845 0)
    (1.3850 0)
    (1.3855 0)
    (1.3860 0)
    (1.3865 0)
    (1.3870 0)
    (1.3875 0)
    (1.3880 0)
    (1.3885 0)
    (1.3890 0)
    (1.3895 0)
    (1.3900 0)
    (1.3905 0)
    (1.3910 0)
    (1.3915 0)
    (1.3920 0)
    (1.3925 0)
    (1.3930 0)
    (1.3935 0)
    (1.3940 0)
    (1.3945 0)
    (1.3950 0)
    (1.3955 0)
    (1.3960 0)
    (1.3965 0)
    (1.3970 0)
    (1.3975 0)
    (1.3980 0)
    (1.3985 0)
    (1.3990 0)
    (1.3995 0)
    (1.4000 0)
    (1.4005 0)
    (1.4010 0)
    (1.4015 0)
    (1.4020 0)
    (1.4025 0)
    (1.4030 0)
    (1.4035 0)
    (1.4040 0)
    (1.4045 0)
    (1.4050 0)
    (1.4055 0)
    (1.4060 0)
    (1.4065 0)
    (1.4070 0)
    (1.4075 0)
    (1.4080 0)
    (1.4085 0)
    (1.4090 0)
    (1.4095 0)
    (1.4100 0)
    (1.4105 0)
    (1.4110 0)
    (1.4115 0)
    (1.4120 0)
    (1.4125 0)
    (1.4130 0)
    (1.4135 0)
    (1.4140 0)
    (1.4145 0)
    (1.4150 0)
    (1.4155 0)
    (1.4160 0)
    (1.4165 0)
    (1.4170 0)
    (1.4175 0)
    (1.4180 0)
    (1.4185 0)
    (1.4190 0)
    (1.4195 0)
    (1.4200 0)
    (1.4205 0)
    (1.4210 0)
    (1.4215 0)
    (1.4220 0)
    (1.4225 0)
    (1.4230 0)
    (1.4235 0)
    (1.4240 0)
    (1.4245 0)
    (1.4250 0)
    (1.4255 0)
    (1.4260 0)
    (1.4265 0)
    (1.4270 0)
    (1.4275 0)
    (1.4280 0)
    (1.4285 0)
    (1.4290 0)
    (1.4295 0)
    (1.4300 0)
    (1.4305 0)
    (1.4310 0)
    (1.4315 0)
    (1.4320 0)
    (1.4325 0)
    (1.4330 0)
    (1.4335 0)
    (1.4340 0)
    (1.4345 0)
    (1.4350 0)
    (1.4355 0)
    (1.4360 0)
    (1.4365 0)
    (1.4370 0)
    (1.4375 0)
    (1.4380 0)
    (1.4385 0)
    (1.4390 0)
    (1.4395 0)
    (1.4400 0)
    (1.4405 0)
    (1.4410 0)
    (1.4415 0)
    (1.4420 0)
    (1.4425 0)
    (1.4430 0)
    (1.4435 0)
    (1.4440 0)
    (1.4445 0)
    (1.4450 0)
    (1.4455 0)
    (1.4460 0)
    (1.4465 0)
    (1.4470 0)
    (1.4475 0)
    (1.4480 0)
    (1.4485 0)
    (1.4490 0)
    (1.4495 0)
    (1.4500 0)
    (1.4505 0)
    (1.4510 0)
    (1.4515 0)
    (1.4520 0)
    (1.4525 0)
    (1.4530 0)
    (1.4535 0)
    (1.4540 0)
    (1.4545 0)
    (1.4550 0)
    (1.4555 0)
    (1.4560 0)
    (1.4565 0)
    (1.4570 0)
    (1.4575 0)
    (1.4580 0)
    (1.4585 0)
    (1.4590 0)
    (1.4595 0)
    (1.4600 0)
    (1.4605 0)
    (1.4610 0)
    (1.4615 0)
    (1.4620 0)
    (1.4625 0)
    (1.4630 0)
    (1.4635 0)
    (1.4640 0)
    (1.4645 0)
    (1.4650 0)
    (1.4655 0)
    (1.4660 0)
    (1.4665 0)
    (1.4670 0)
    (1.4675 0)
    (1.4680 0)
    (1.4685 0)
    (1.4690 0)
    (1.4695 0)
    (1.4700 0)
    (1.4705 0)
    (1.4710 0)
    (1.4715 0)
    (1.4720 0)
    (1.4725 0)
    (1.4730 0)
    (1.4735 0)
    (1.4740 0)
    (1.4745 0)
    (1.4750 0)
    (1.4755 0)
    (1.4760 0)
    (1.4765 0)
    (1.4770 0)
    (1.4775 0)
    (1.4780 0)
    (1.4785 0)
    (1.4790 0)
    (1.4795 0)
    (1.4800 0)
    (1.4805 0)
    (1.4810 0)
    (1.4815 0)
    (1.4820 0)
    (1.4825 0)
    (1.4830 0)
    (1.4835 0)
    (1.4840 0)
    (1.4845 0)
    (1.4850 0)
    (1.4855 0)
    (1.4860 0)
    (1.4865 0)
    (1.4870 0)
    (1.4875 0)
    (1.4880 0)
    (1.4885 0)
    (1.4890 0)
    (1.4895 0)
    (1.4900 0)
    (1.4905 0)
    (1.4910 0)
    (1.4915 0)
    (1.4920 0)
    (1.4925 0)
    (1.4930 0)
    (1.4935 0)
    (1.4940 0)
    (1.4945 0)
    (1.4950 0)
    (1.4955 0)
    (1.4960 0)
    (1.4965 0)
    (1.4970 0)
    (1.4975 0)
    (1.4980 0)
    (1.4985 0)
    (1.4990 0)
    (1.4995 0)
    (1.5000 0)
    (1.5005 0)
    (1.5010 0)
    (1.5015 0)
    (1.5020 0)
    (1.5025 0)
    (1.5030 0)
    (1.5035 0)
    (1.5040 0)
    (1.5045 0)
    (1.5050 0)
    (1.5055 0)
    (1.5060 0)
    (1.5065 0)
    (1.5070 0)
    (1.5075 0)
    (1.5080 0)
    (1.5085 0)
    (1.5090 0)
    (1.5095 0)
    (1.5100 0)
    (1.5105 0)
    (1.5110 0)
    (1.5115 0)
    (1.5120 0)
    (1.5125 0)
    (1.5130 0)
    (1.5135 0)
    (1.5140 0)
    (1.5145 0)
    (1.5150 0)
    (1.5155 0)
    (1.5160 0)
    (1.5165 0)
    (1.5170 0)
    (1.5175 0)
    (1.5180 0)
    (1.5185 0)
    (1.5190 0)
    (1.5195 0)
    (1.5200 0)
    (1.5205 0)
    (1.5210 0)
    (1.5215 0)
    (1.5220 0)
    (1.5225 0)
    (1.5230 0)
    (1.5235 0)
    (1.5240 0)
    (1.5245 0)
    (1.5250 0)
    (1.5255 0)
    (1.5260 0)
    (1.5265 0)
    (1.5270 0)
    (1.5275 0)
    (1.5280 0)
    (1.5285 0)
    (1.5290 0)
    (1.5295 0)
    (1.5300 0)
    (1.5305 0)
    (1.5310 0)
    (1.5315 0)
    (1.5320 0)
    (1.5325 0)
    (1.5330 0)
    (1.5335 0)
    (1.5340 0)
    (1.5345 0)
    (1.5350 0)
    (1.5355 0)
    (1.5360 0)
    (1.5365 0)
    (1.5370 0)
    (1.5375 0)
    (1.5380 0)
    (1.5385 0)
    (1.5390 0)
    (1.5395 0)
    (1.5400 0)
    (1.5405 0)
    (1.5410 0)
    (1.5415 0)
    (1.5420 0)
    (1.5425 0)
    (1.5430 0)
    (1.5435 0)
    (1.5440 0)
    (1.5445 0)
    (1.5450 0)
    (1.5455 0)
    (1.5460 0)
    (1.5465 0)
    (1.5470 0)
    (1.5475 0)
    (1.5480 0)
    (1.5485 0)
    (1.5490 0)
    (1.5495 0)
    (1.5500 0)
    (1.5505 0)
    (1.5510 0)
    (1.5515 0)
    (1.5520 0)
    (1.5525 0)
    (1.5530 0)
    (1.5535 0)
    (1.5540 0)
    (1.5545 0)
    (1.5550 0)
    (1.5555 0)
    (1.5560 0)
    (1.5565 0)
    (1.5570 0)
    (1.5575 0)
    (1.5580 0)
    (1.5585 0)
    (1.5590 0)
    (1.5595 0)
    (1.5600 0)
    (1.5605 0)
    (1.5610 0)
    (1.5615 0)
    (1.5620 0)
    (1.5625 0)
    (1.5630 0)
    (1.5635 0)
    (1.5640 0)
    (1.5645 0)
    (1.5650 0)
    (1.5655 0)
    (1.5660 0)
    (1.5665 0)
    (1.5670 0)
    (1.5675 0)
    (1.5680 0)
    (1.5685 0)
    (1.5690 0)
    (1.5695 0)
    (1.5700 0)
    (1.5705 0)
    (1.5710 0)
    (1.5715 0)
    (1.5720 0)
    (1.5725 0)
    (1.5730 0)
    (1.5735 0)
    (1.5740 0)
    (1.5745 0)
    (1.5750 0)
    (1.5755 0)
    (1.5760 0)
    (1.5765 0)
    (1.5770 0)
    (1.5775 0)
    (1.5780 0)
    (1.5785 0)
    (1.5790 0)
    (1.5795 0)
    (1.5800 0)
    (1.5805 0)
    (1.5810 0)
    (1.5815 0)
    (1.5820 0)
    (1.5825 0)
    (1.5830 0)
    (1.5835 0)
    (1.5840 0)
    (1.5845 0)
    (1.5850 0)
    (1.5855 0)
    (1.5860 0)
    (1.5865 0)
    (1.5870 0)
    (1.5875 0)
    (1.5880 0)
    (1.5885 0)
    (1.5890 0)
    (1.5895 0)
    (1.5900 0)
    (1.5905 0)
    (1.5910 0)
    (1.5915 0)
    (1.5920 0)
    (1.5925 0)
    (1.5930 0)
    (1.5935 0)
    (1.5940 0)
    (1.5945 0)
    (1.5950 0)
    (1.5955 0)
    (1.5960 0)
    (1.5965 0)
    (1.5970 0)
    (1.5975 0)
    (1.5980 0)
    (1.5985 0)
    (1.5990 0)
    (1.5995 0)
    (1.6000 0)
    (1.6005 0)
    (1.6010 0)
    (1.6015 0)
    (1.6020 0)
    (1.6025 0)
    (1.6030 0)
    (1.6035 0)
    (1.6040 0)
    (1.6045 0)
    (1.6050 0)
    (1.6055 0)
    (1.6060 0)
    (1.6065 0)
    (1.6070 0)
    (1.6075 0)
    (1.6080 0)
    (1.6085 0)
    (1.6090 0)
    (1.6095 0)
    (1.6100 0)
    (1.6105 0)
    (1.6110 0)
    (1.6115 0)
    (1.6120 0)
    (1.6125 0)
    (1.6130 0)
    (1.6135 0)
    (1.6140 0)
    (1.6145 0)
    (1.6150 0)
    (1.6155 0)
    (1.6160 0)
    (1.6165 0)
    (1.6170 0)
    (1.6175 0)
    (1.6180 0)
    (1.6185 0)
    (1.6190 0)
    (1.6195 0)
    (1.6200 0)
    (1.6205 0)
    (1.6210 0)
    (1.6215 0)
    (1.6220 0)
    (1.6225 0)
    (1.6230 0)
    (1.6235 0)
    (1.6240 0)
    (1.6245 0)
    (1.6250 0)
    (1.6255 0)
    (1.6260 0)
    (1.6265 0)
    (1.6270 0)
    (1.6275 0)
    (1.6280 0)
    (1.6285 0)
    (1.6290 0)
    (1.6295 0)
    (1.6300 0)
    (1.6305 0)
    (1.6310 0)
    (1.6315 0)
    (1.6320 0)
    (1.6325 0)
    (1.6330 0)
    (1.6335 0)
    (1.6340 0)
    (1.6345 0)
    (1.6350 0)
    (1.6355 0)
    (1.6360 0)
    (1.6365 0)
    (1.6370 0)
    (1.6375 0)
    (1.6380 0)
    (1.6385 0)
    (1.6390 0)
    (1.6395 0)
    (1.6400 0)
    (1.6405 0)
    (1.6410 0)
    (1.6415 0)
    (1.6420 0)
    (1.6425 0)
    (1.6430 0)
    (1.6435 0)
    (1.6440 0)
    (1.6445 0)
    (1.6450 0)
    (1.6455 0)
    (1.6460 0)
    (1.6465 0)
    (1.6470 0)
    (1.6475 6.94203e-08)
    (1.6480 0)
    (1.6485 -1.86011e-08)
    (1.6490 0)
    (1.6495 4.98415e-09)
    (1.6500 0)
    (1.6505 -1.3355e-09)
    (1.6510 0)
    (1.6515 3.57846e-10)
    (1.6520 0)
    (1.6525 -9.58846e-11)
    (1.6530 0)
    (1.6535 2.56922e-11)
    (1.6540 0)
    (1.6545 -6.88421e-12)
    (1.6550 0)
    (1.6555 1.84462e-12)
    (1.6560 0)
    (1.6565 -4.94264e-13)
    (1.6570 0)
    (1.6575 1.32438e-13)
    (1.6580 0)
    (1.6585 -3.54888e-14)
    (1.6590 0)
    (1.6595 9.51701e-15)
    (1.6600 0)
    (1.6605 -2.57923e-15)
    (1.6610 0)
    (1.6615 7.99911e-16)
    (1.6620 0)
    (1.6625 -6.20416e-16)
    (1.6630 0)
    (1.6635 1.68175e-15)
    (1.6640 0)
    (1.6645 -6.10659e-15)
    (1.6650 0)
    (1.6655 2.27446e-14)
    (1.6660 0)
    (1.6665 -8.48719e-14)
    (1.6670 0)
    (1.6675 3.16743e-13)
    (1.6680 0)
    (1.6685 -1.1821e-12)
    (1.6690 0)
    (1.6695 4.41166e-12)
    (1.6700 0)
    (1.6705 -1.64645e-11)
    (1.6710 0)
    (1.6715 6.14464e-11)
    (1.6720 0)
    (1.6725 -2.29321e-10)
    (1.6730 0)
    (1.6735 8.55838e-10)
    (1.6740 0)
    (1.6745 -3.19403e-09)
    (1.6750 0)
    (1.6755 9.25276e-10)
    (1.6760 -8.79601e-08)
    (1.6765 -3.39046e-07)
    (1.6770 -6.85229e-07)
    (1.6775 -1.04593e-06)
    (1.6780 -1.4262e-06)
    (1.6785 -1.84674e-06)
    (1.6790 -2.30532e-06)
    (1.6795 -2.7955e-06)
    (1.6800 -3.31701e-06)
    (1.6805 -3.87069e-06)
    (1.6810 -4.45571e-06)
    (1.6815 -5.07096e-06)
    (1.6820 -5.71586e-06)
    (1.6825 -6.38978e-06)
    (1.6830 -7.09127e-06)
    (1.6835 -7.81863e-06)
    (1.6840 -8.56995e-06)
    (1.6845 -9.34328e-06)
    (1.6850 -1.01367e-05)
    (1.6855 -1.09484e-05)
    (1.6860 -1.17764e-05)
    (1.6865 -1.26188e-05)
    (1.6870 -1.34737e-05)
    (1.6875 -1.43392e-05)
    (1.6880 -1.52135e-05)
    (1.6885 -1.60945e-05)
    (1.6890 -1.69805e-05)
    (1.6895 -1.78695e-05)
    (1.6900 -1.87596e-05)
    (1.6905 -1.96488e-05)
    (1.6910 -2.05355e-05)
    (1.6915 -2.14188e-05)
    (1.6920 -2.2301e-05)
    (1.6925 -2.31855e-05)
    (1.6930 -2.40753e-05)
    (1.6935 -2.49735e-05)
    (1.6940 -2.5883e-05)
    (1.6945 -2.68071e-05)
    (1.6950 -2.77489e-05)
    (1.6955 -2.87113e-05)
    (1.6960 -2.96974e-05)
    (1.6965 -3.07104e-05)
    (1.6970 -3.17534e-05)
    (1.6975 -3.28293e-05)
    (1.6980 -3.39413e-05)
    (1.6985 -3.50925e-05)
    (1.6990 -3.6286e-05)
    (1.6995 -3.75249e-05)
    (1.7000 -3.8812e-05)
    (1.7005 -4.01506e-05)
    (1.7010 -4.15441e-05)
    (1.7015 -4.29956e-05)
    (1.7020 -4.45055e-05)
    (1.7025 -4.60729e-05)
    (1.7030 -4.76943e-05)
    (1.7035 -4.93659e-05)
    (1.7040 -5.10841e-05)
    (1.7045 -5.28457e-05)
    (1.7050 -5.46473e-05)
    (1.7055 -5.64855e-05)
    (1.7060 -5.83567e-05)
    (1.7065 -6.02576e-05)
    (1.7070 -6.21848e-05)
    (1.7075 -6.41349e-05)
    (1.7080 -6.61042e-05)
    (1.7085 -6.80893e-05)
    (1.7090 -7.00876e-05)
    (1.7095 -7.20974e-05)
    (1.7100 -7.41191e-05)
    (1.7105 -7.61539e-05)
    (1.7110 -7.82024e-05)
    (1.7115 -8.02653e-05)
    (1.7120 -8.23433e-05)
    (1.7125 -8.44371e-05)
    (1.7130 -8.65475e-05)
    (1.7135 -8.86751e-05)
    (1.7140 -9.08207e-05)
    (1.7145 -9.29849e-05)
    (1.7150 -9.51686e-05)
    (1.7155 -9.73725e-05)
    (1.7160 -9.95962e-05)
    (1.7165 -0.00010184)
    (1.7170 -0.000104102)
    (1.7175 -0.000106383)
    (1.7180 -0.000108681)
    (1.7185 -0.000110997)
    (1.7190 -0.000113329)
    (1.7195 -0.000115678)
    (1.7200 -0.000118041)
    (1.7205 -0.00012042)
    (1.7210 -0.000122813)
    (1.7215 -0.00012522)
    (1.7220 -0.00012764)
    (1.7225 -0.00013007)
    (1.7230 -0.000132507)
    (1.7235 -0.000134947)
    (1.7240 -0.000137386)
    (1.7245 -0.00013982)
    (1.7250 -0.000142244)
    (1.7255 -0.000144655)
    (1.7260 -0.00014705)
    (1.7265 -0.000149423)
    (1.7270 -0.000151771)
    (1.7275 -0.000154088)
    (1.7280 -0.000156379)
    (1.7285 -0.000158653)
    (1.7290 -0.000160928)
    (1.7295 -0.000163221)
    (1.7300 -0.000165552)
    (1.7305 -0.000167937)
    (1.7310 -0.000170393)
    (1.7315 -0.000172938)
    (1.7320 -0.000175592)
    (1.7325 -0.000178374)
    (1.7330 -0.000181285)
    (1.7335 -0.000184316)
    (1.7340 -0.000187435)
    (1.7345 -0.000190606)
    (1.7350 -0.000193797)
    (1.7355 -0.000196975)
    (1.7360 -0.000200109)
    (1.7365 -0.000203164)
    (1.7370 -0.000206111)
    (1.7375 -0.000208929)
    (1.7380 -0.000211633)
    (1.7385 -0.000214247)
    (1.7390 -0.000216793)
    (1.7395 -0.000219291)
    (1.7400 -0.000221765)
    (1.7405 -0.000224235)
    (1.7410 -0.000226724)
    (1.7415 -0.000229255)
    (1.7420 -0.000231847)
    (1.7425 -0.000234518)
    (1.7430 -0.000237259)
    (1.7435 -0.000240055)
    (1.7440 -0.000242894)
    (1.7445 -0.00024576)
    (1.7450 -0.00024864)
    (1.7455 -0.00025152)
    (1.7460 -0.000254386)
    (1.7465 -0.000257224)
    (1.7470 -0.000260019)
    (1.7475 -0.000262762)
    (1.7480 -0.000265465)
    (1.7485 -0.000268146)
    (1.7490 -0.000270826)
    (1.7495 -0.000273525)
    (1.7500 -0.00027626)
    (1.7505 -0.000279054)
    (1.7510 -0.000281923)
    (1.7515 -0.000284887)
    (1.7520 -0.000287969)
    (1.7525 -0.000291184)
    (1.7530 -0.000294517)
    (1.7535 -0.000297948)
    (1.7540 -0.000301453)
    (1.7545 -0.000305006)
    (1.7550 -0.000308582)
    (1.7555 -0.000312158)
    (1.7560 -0.000315708)
    (1.7565 -0.00031921)
    (1.7570 -0.000322637)
    (1.7575 -0.000325966)
    (1.7580 -0.000329194)
    (1.7585 -0.000332325)
    (1.7590 -0.000335366)
    (1.7595 -0.000338327)
    (1.7600 -0.000341213)
    (1.7605 -0.000344031)
    (1.7610 -0.000346791)
    (1.7615 -0.000349499)
    (1.7620 -0.000352158)
    (1.7625 -0.00035477)
    (1.7630 -0.00035733)
    (1.7635 -0.000359835)
    (1.7640 -0.000362281)
    (1.7645 -0.000364664)
    (1.7650 -0.00036698)
    (1.7655 -0.000369226)
    (1.7660 -0.000371398)
    (1.7665 -0.000373493)
    (1.7670 -0.000375506)
    (1.7675 -0.000377434)
    (1.7680 -0.000379273)
    (1.7685 -0.00038102)
    (1.7690 -0.000382683)
    (1.7695 -0.000384269)
    (1.7700 -0.000385786)
    (1.7705 -0.000387243)
    (1.7710 -0.000388648)
    (1.7715 -0.00039001)
    (1.7720 -0.000391337)
    (1.7725 -0.000392637)
    (1.7730 -0.000393919)
    (1.7735 -0.000395191)
    (1.7740 -0.000396461)
    (1.7745 -0.000397738)
    (1.7750 -0.00039903)
    (1.7755 -0.000400347)
    (1.7760 -0.000401688)
    (1.7765 -0.000403052)
    (1.7770 -0.000404434)
    (1.7775 -0.000405831)
    (1.7780 -0.000407237)
    (1.7785 -0.00040865)
    (1.7790 -0.000410065)
    (1.7795 -0.000411478)
    (1.7800 -0.000412885)
    (1.7805 -0.000414282)
    (1.7810 -0.000415665)
    (1.7815 -0.00041703)
    (1.7820 -0.000418373)
    (1.7825 -0.000419689)
    (1.7830 -0.000420977)
    (1.7835 -0.000422235)
    (1.7840 -0.000423464)
    (1.7845 -0.000424667)
    (1.7850 -0.000425843)
    (1.7855 -0.000426993)
    (1.7860 -0.000428119)
    (1.7865 -0.000429221)
    (1.7870 -0.0004303)
    (1.7875 -0.000431357)
    (1.7880 -0.000432394)
    (1.7885 -0.00043341)
    (1.7890 -0.000434408)
    (1.7895 -0.000435387)
    (1.7900 -0.00043635)
    (1.7905 -0.000437295)
    (1.7910 -0.000438226)
    (1.7915 -0.000439142)
    (1.7920 -0.000440041)
    (1.7925 -0.000440921)
    (1.7930 -0.000441777)
    (1.7935 -0.000442607)
    (1.7940 -0.000443406)
    (1.7945 -0.000444172)
    (1.7950 -0.0004449)
    (1.7955 -0.000445588)
    (1.7960 -0.000446231)
    (1.7965 -0.000446828)
    (1.7970 -0.000447376)
    (1.7975 -0.000447877)
    (1.7980 -0.000448331)
    (1.7985 -0.000448741)
    (1.7990 -0.000449107)
    (1.7995 -0.00044943)
    (1.8000 -0.000449712)
    (1.8005 -0.000449954)
    (1.8010 -0.000450156)
    (1.8015 -0.000450321)
    (1.8020 -0.000450448)
    (1.8025 -0.00045054)
    (1.8030 -0.000450597)
    (1.8035 -0.000450621)
    (1.8040 -0.000450613)
    (1.8045 -0.000450574)
    (1.8050 -0.000450505)
    (1.8055 -0.000450407)
    (1.8060 -0.000450281)
    (1.8065 -0.000450129)
    (1.8070 -0.000449952)
    (1.8075 -0.000449751)
    (1.8080 -0.000449526)
    (1.8085 -0.00044928)
    (1.8090 -0.000449013)
    (1.8095 -0.000448727)
    (1.8100 -0.000448422)
    (1.8105 -0.0004481)
    (1.8110 -0.00044776)
    (1.8115 -0.000447399)
    (1.8120 -0.000447012)
    (1.8125 -0.000446596)
    (1.8130 -0.000446147)
    (1.8135 -0.000445661)
    (1.8140 -0.000445133)
    (1.8145 -0.00044456)
    (1.8150 -0.000443938)
    (1.8155 -0.000443263)
    (1.8160 -0.000442531)
    (1.8165 -0.000441738)
    (1.8170 -0.00044088)
    (1.8175 -0.000439954)
    (1.8180 -0.000438954)
    (1.8185 -0.000437877)
    (1.8190 -0.000436722)
    (1.8195 -0.00043549)
    (1.8200 -0.000434188)
    (1.8205 -0.000432822)
    (1.8210 -0.000431399)
    (1.8215 -0.000429924)
    (1.8220 -0.000428404)
    (1.8225 -0.000426845)
    (1.8230 -0.000425254)
    (1.8235 -0.000423635)
    (1.8240 -0.000421996)
    (1.8245 -0.000420342)
    (1.8250 -0.00041868)
    (1.8255 -0.000417016)
    (1.8260 -0.000415356)
    (1.8265 -0.000413707)
    (1.8270 -0.000412072)
    (1.8275 -0.000410454)
    (1.8280 -0.000408852)
    (1.8285 -0.000407266)
    (1.8290 -0.000405697)
    (1.8295 -0.000404144)
    (1.8300 -0.000402607)
    (1.8305 -0.000401086)
    (1.8310 -0.000399582)
    (1.8315 -0.000398093)
    (1.8320 -0.000396621)
    (1.8325 -0.000395165)
    (1.8330 -0.000393725)
    (1.8335 -0.000392301)
    (1.8340 -0.000390893)
    (1.8345 -0.000389501)
    (1.8350 -0.000388125)
    (1.8355 -0.000386765)
    (1.8360 -0.000385418)
    (1.8365 -0.000384086)
    (1.8370 -0.000382767)
    (1.8375 -0.00038146)
    (1.8380 -0.000380165)
    (1.8385 -0.00037888)
    (1.8390 -0.000377607)
    (1.8395 -0.000376342)
    (1.8400 -0.000375087)
    (1.8405 -0.00037384)
    (1.8410 -0.0003726)
    (1.8415 -0.000371368)
    (1.8420 -0.000370141)
    (1.8425 -0.00036892)
    (1.8430 -0.000367703)
    (1.8435 -0.000366491)
    (1.8440 -0.000365285)
    (1.8445 -0.000364086)
    (1.8450 -0.000362898)
    (1.8455 -0.000361721)
    (1.8460 -0.000360559)
    (1.8465 -0.000359413)
    (1.8470 -0.000358285)
    (1.8475 -0.000357178)
    (1.8480 -0.000356094)
    (1.8485 -0.000355034)
    (1.8490 -0.000354)
    (1.8495 -0.000352996)
    (1.8500 -0.000352023)
    (1.8505 -0.000351082)
    (1.8510 -0.000350177)
    (1.8515 -0.000349309)
    (1.8520 -0.00034848)
    (1.8525 -0.00034769)
    (1.8530 -0.000346935)
    (1.8535 -0.000346211)
    (1.8540 -0.000345512)
    (1.8545 -0.000344836)
    (1.8550 -0.000344176)
    (1.8555 -0.000343529)
    (1.8560 -0.00034289)
    (1.8565 -0.000342255)
    (1.8570 -0.00034162)
    (1.8575 -0.000340979)
    (1.8580 -0.000340329)
    (1.8585 -0.000339665)
    (1.8590 -0.000338983)
    (1.8595 -0.000338278)
    (1.8600 -0.000337545)
    (1.8605 -0.00033678)
    (1.8610 -0.000335984)
    (1.8615 -0.000335159)
    (1.8620 -0.00033431)
    (1.8625 -0.000333444)
    (1.8630 -0.000332565)
    (1.8635 -0.000331678)
    (1.8640 -0.000330788)
    (1.8645 -0.000329901)
    (1.8650 -0.000329021)
    (1.8655 -0.000328153)
    (1.8660 -0.000327303)
    (1.8665 -0.000326476)
    (1.8670 -0.000325676)
    (1.8675 -0.000324909)
    (1.8680 -0.00032418)
    (1.8685 -0.000323495)
    (1.8690 -0.000322855)
    (1.8695 -0.000322259)
    (1.8700 -0.0003217)
    (1.8705 -0.000321171)
    (1.8710 -0.000320665)
    (1.8715 -0.000320177)
    (1.8720 -0.0003197)
    (1.8725 -0.000319227)
    (1.8730 -0.000318753)
    (1.8735 -0.00031827)
    (1.8740 -0.000317772)
    (1.8745 -0.000317254)
    (1.8750 -0.000316714)
    (1.8755 -0.000316153)
    (1.8760 -0.00031557)
    (1.8765 -0.000314967)
    (1.8770 -0.000314343)
    (1.8775 -0.000313698)
    (1.8780 -0.000313032)
    (1.8785 -0.000312346)
    (1.8790 -0.000311641)
    (1.8795 -0.000310915)
    (1.8800 -0.000310169)
    (1.8805 -0.000309404)
    (1.8810 -0.00030862)
    (1.8815 -0.000307816)
    (1.8820 -0.000306993)
    (1.8825 -0.000306151)
    (1.8830 -0.000305291)
    (1.8835 -0.000304412)
    (1.8840 -0.000303515)
    (1.8845 -0.0003026)
    (1.8850 -0.000301667)
    (1.8855 -0.000300716)
    (1.8860 -0.000299748)
    (1.8865 -0.000298762)
    (1.8870 -0.000297759)
    (1.8875 -0.000296739)
    (1.8880 -0.000295702)
    (1.8885 -0.000294649)
    (1.8890 -0.000293579)
    (1.8895 -0.000292493)
    (1.8900 -0.000291391)
    (1.8905 -0.000290273)
    (1.8910 -0.000289139)
    (1.8915 -0.000287989)
    (1.8920 -0.000286825)
    (1.8925 -0.000285645)
    (1.8930 -0.00028445)
    (1.8935 -0.000283241)
    (1.8940 -0.000282016)
    (1.8945 -0.000280778)
    (1.8950 -0.000279525)
    (1.8955 -0.000278258)
    (1.8960 -0.000276981)
    (1.8965 -0.000275695)
    (1.8970 -0.000274404)
    (1.8975 -0.000273111)
    (1.8980 -0.00027182)
    (1.8985 -0.000270533)
    (1.8990 -0.000269254)
    (1.8995 -0.000267986)
    (1.9000 -0.000266733)
    (1.9005 -0.000265496)
    (1.9010 -0.000264281)
    (1.9015 -0.000263089)
    (1.9020 -0.000261924)
    (1.9025 -0.000260789)
    (1.9030 -0.000259687)
    (1.9035 -0.000258623)
    (1.9040 -0.000257596)
    (1.9045 -0.000256606)
    (1.9050 -0.000255649)
    (1.9055 -0.00025472)
    (1.9060 -0.000253815)
    (1.9065 -0.000252929)
    (1.9070 -0.000252059)
    (1.9075 -0.000251199)
    (1.9080 -0.000250346)
    (1.9085 -0.000249496)
    (1.9090 -0.000248644)
    (1.9095 -0.000247786)
    (1.9100 -0.000246918)
    (1.9105 -0.000246035)
    (1.9110 -0.000245134)
    (1.9115 -0.000244209)
    (1.9120 -0.000243257)
    (1.9125 -0.000242273)
    (1.9130 -0.000241258)
    (1.9135 -0.000240213)
    (1.9140 -0.00023914)
    (1.9145 -0.000238041)
    (1.9150 -0.00023692)
    (1.9155 -0.000235778)
    (1.9160 -0.000234617)
    (1.9165 -0.000233441)
    (1.9170 -0.00023225)
    (1.9175 -0.000231048)
    (1.9180 -0.000229837)
    (1.9185 -0.000228618)
    (1.9190 -0.000227395)
    (1.9195 -0.00022617)
    (1.9200 -0.000224945)
    (1.9205 -0.000223722)
    (1.9210 -0.000222503)
    (1.9215 -0.000221291)
    (1.9220 -0.000220084)
    (1.9225 -0.000218883)
    (1.9230 -0.000217687)
    (1.9235 -0.000216496)
    (1.9240 -0.00021531)
    (1.9245 -0.000214129)
    (1.9250 -0.000212951)
    (1.9255 -0.000211777)
    (1.9260 -0.000210607)
    (1.9265 -0.000209441)
    (1.9270 -0.000208277)
    (1.9275 -0.000207116)
    (1.9280 -0.000205957)
    (1.9285 -0.0002048)
    (1.9290 -0.000203646)
    (1.9295 -0.000202492)
    (1.9300 -0.00020134)
    (1.9305 -0.000200188)
    (1.9310 -0.000199035)
    (1.9315 -0.00019788)
    (1.9320 -0.000196722)
    (1.9325 -0.000195559)
    (1.9330 -0.00019439)
    (1.9335 -0.000193215)
    (1.9340 -0.000192032)
    (1.9345 -0.00019084)
    (1.9350 -0.000189638)
    (1.9355 -0.000188424)
    (1.9360 -0.000187198)
    (1.9365 -0.000185958)
    (1.9370 -0.000184704)
    (1.9375 -0.000183433)
    (1.9380 -0.000182146)
    (1.9385 -0.00018084)
    (1.9390 -0.000179518)
    (1.9395 -0.000178182)
    (1.9400 -0.000176834)
    (1.9405 -0.000175477)
    (1.9410 -0.000174114)
    (1.9415 -0.000172748)
    (1.9420 -0.00017138)
    (1.9425 -0.000170014)
    (1.9430 -0.000168651)
    (1.9435 -0.000167296)
    (1.9440 -0.00016595)
    (1.9445 -0.000164616)
    (1.9450 -0.000163296)
    (1.9455 -0.000161993)
    (1.9460 -0.000160711)
    (1.9465 -0.000159451)
    (1.9470 -0.000158213)
    (1.9475 -0.000156998)
    (1.9480 -0.000155801)
    (1.9485 -0.000154621)
    (1.9490 -0.000153456)
    (1.9495 -0.000152303)
    (1.9500 -0.00015116)
    (1.9505 -0.000150024)
    (1.9510 -0.000148894)
    (1.9515 -0.000147767)
    (1.9520 -0.00014664)
    (1.9525 -0.000145512)
    (1.9530 -0.00014438)
    (1.9535 -0.000143243)
    (1.9540 -0.000142096)
    (1.9545 -0.000140939)
    (1.9550 -0.00013977)
    (1.9555 -0.000138585)
    (1.9560 -0.000137382)
    (1.9565 -0.000136159)
    (1.9570 -0.000134915)
    (1.9575 -0.000133647)
    (1.9580 -0.000132358)
    (1.9585 -0.000131049)
    (1.9590 -0.000129722)
    (1.9595 -0.000128379)
    (1.9600 -0.000127021)
    (1.9605 -0.000125651)
    (1.9610 -0.00012427)
    (1.9615 -0.00012288)
    (1.9620 -0.000121483)
    (1.9625 -0.00012008)
    (1.9630 -0.000118674)
    (1.9635 -0.000117265)
    (1.9640 -0.000115857)
    (1.9645 -0.00011445)
    (1.9650 -0.000113047)
    (1.9655 -0.00011165)
    (1.9660 -0.000110258)
    (1.9665 -0.000108872)
    (1.9670 -0.00010749)
    (1.9675 -0.000106109)
    (1.9680 -0.000104728)
    (1.9685 -0.000103344)
    (1.9690 -0.000101956)
    (1.9695 -0.000100562)
    (1.9700 -9.91593e-05)
    (1.9705 -9.77467e-05)
    (1.9710 -9.63222e-05)
    (1.9715 -9.48837e-05)
    (1.9720 -9.34293e-05)
    (1.9725 -9.19573e-05)
    (1.9730 -9.04653e-05)
    (1.9735 -8.89516e-05)
    (1.9740 -8.74153e-05)
    (1.9745 -8.58563e-05)
    (1.9750 -8.42754e-05)
    (1.9755 -8.26733e-05)
    (1.9760 -8.10509e-05)
    (1.9765 -7.94087e-05)
    (1.9770 -7.77474e-05)
    (1.9775 -7.60679e-05)
    (1.9780 -7.43707e-05)
    (1.9785 -7.26565e-05)
    (1.9790 -7.09262e-05)
    (1.9795 -6.91805e-05)
    (1.9800 -6.74198e-05)
    (1.9805 -6.56448e-05)
    (1.9810 -6.38573e-05)
    (1.9815 -6.206e-05)
    (1.9820 -6.0258e-05)
    (1.9825 -5.84566e-05)
    (1.9830 -5.66607e-05)
    (1.9835 -5.48754e-05)
    (1.9840 -5.31056e-05)
    (1.9845 -5.13564e-05)
    (1.9850 -4.96329e-05)
    (1.9855 -4.79399e-05)
    (1.9860 -4.62827e-05)
    (1.9865 -4.46663e-05)
    (1.9870 -4.30954e-05)
    (1.9875 -4.15749e-05)
    (1.9880 -4.0111e-05)
    (1.9885 -3.87087e-05)
    (1.9890 -3.73682e-05)
    (1.9895 -3.60867e-05)
    (1.9900 -3.48555e-05)
    (1.9905 -3.36642e-05)
    (1.9910 -3.25039e-05)
    (1.9915 -3.13658e-05)
    (1.9920 -3.02409e-05)
    (1.9925 -2.91202e-05)
    (1.9930 -2.79943e-05)
    (1.9935 -2.68541e-05)
    (1.9940 -2.56917e-05)
    (1.9945 -2.44984e-05)
    (1.9950 -2.32607e-05)
    (1.9955 -2.19686e-05)
    (1.9960 -2.0629e-05)
    (1.9965 -1.92371e-05)
    (1.9970 -1.77242e-05)
    (1.9975 -1.60653e-05)
    (1.9980 -1.44739e-05)
    (1.9985 -1.30008e-05)
    (1.9990 -1.08059e-05)
    (1.9995 -6.82651e-06)
    (2.0000 0)
    (2.0005 0)
    (2.0010 0)
    (2.0015 0)
    (2.0020 0)
    (2.0025 0)
    (2.0030 0)
    (2.0035 0)
    (2.0040 0)
    (2.0045 0)
    (2.0050 0)
    (2.0055 0)
    (2.0060 0)
    (2.0065 0)
    (2.0070 0)
    (2.0075 0)
    (2.0080 0)
    (2.0085 0)
    (2.0090 0)
    (2.0095 0)
    (2.0100 0)
    (2.0105 0)
    (2.0110 0)
    (2.0115 0)
    (2.0120 0)
    (2.0125 0)
    (2.0130 0)
    (2.0135 0)
    (2.0140 0)
    (2.0145 0)
    (2.0150 0)
    (2.0155 0)
    (2.0160 0)
    (2.0165 0)
    (2.0170 0)
    (2.0175 0)
    (2.0180 0)
    (2.0185 0)
    (2.0190 0)
    (2.0195 0)
    (2.0200 0)
    (2.0205 0)
    (2.0210 0)
    (2.0215 0)
    (2.0220 0)
    (2.0225 0)
    (2.0230 0)
    (2.0235 0)
    (2.0240 0)
    (2.0245 0)
    (2.0250 0)
    (2.0255 0)
    (2.0260 0)
    (2.0265 0)
    (2.0270 0)
    (2.0275 0)
    (2.0280 0)
    (2.0285 0)
    (2.0290 0)
    (2.0295 0)
    (2.0300 0)
    (2.0305 0)
    (2.0310 0)
    (2.0315 0)
    (2.0320 0)
    (2.0325 0)
    (2.0330 0)
    (2.0335 0)
    (2.0340 0)
    (2.0345 0)
    (2.0350 0)
    (2.0355 0)
    (2.0360 0)
    (2.0365 0)
    (2.0370 0)
    (2.0375 0)
    (2.0380 0)
    (2.0385 0)
    (2.0390 0)
    (2.0395 0)
    (2.0400 0)
    (2.0405 0)
    (2.0410 0)
    (2.0415 0)
    (2.0420 0)
    (2.0425 0)
    (2.0430 0)
    (2.0435 0)
    (2.0440 0)
    (2.0445 0)
    (2.0450 0)
    (2.0455 0)
    (2.0460 0)
    (2.0465 0)
    (2.0470 0)
    (2.0475 0)
    (2.0480 0)
    (2.0485 0)
    (2.0490 0)
    (2.0495 0)
    (2.0500 0)
    (2.0505 0)
    (2.0510 0)
    (2.0515 0)
    (2.0520 0)
    (2.0525 0)
    (2.0530 0)
    (2.0535 0)
    (2.0540 0)
    (2.0545 0)
    (2.0550 0)
    (2.0555 0)
    (2.0560 0)
    (2.0565 0)
    (2.0570 0)
    (2.0575 0)
    (2.0580 0)
    (2.0585 0)
    (2.0590 0)
    (2.0595 0)
    (2.0600 0)
    (2.0605 0)
    (2.0610 0)
    (2.0615 0)
    (2.0620 0)
    (2.0625 0)
    (2.0630 0)
    (2.0635 0)
    (2.0640 0)
    (2.0645 0)
    (2.0650 0)
    (2.0655 0)
    (2.0660 0)
    (2.0665 0)
    (2.0670 0)
    (2.0675 0)
    (2.0680 0)
    (2.0685 0)
    (2.0690 0)
    (2.0695 0)
    (2.0700 0)
    (2.0705 0)
    (2.0710 0)
    (2.0715 0)
    (2.0720 0)
    (2.0725 0)
    (2.0730 0)
    (2.0735 0)
    (2.0740 0)
    (2.0745 0)
    (2.0750 0)
    (2.0755 0)
    (2.0760 0)
    (2.0765 0)
    (2.0770 0)
    (2.0775 0)
    (2.0780 0)
    (2.0785 0)
    (2.0790 0)
    (2.0795 0)
    (2.0800 0)
    (2.0805 0)
    (2.0810 0)
    (2.0815 0)
    (2.0820 0)
    (2.0825 0)
    (2.0830 0)
    (2.0835 0)
    (2.0840 0)
    (2.0845 0)
    (2.0850 0)
    (2.0855 0)
    (2.0860 0)
    (2.0865 0)
    (2.0870 0)
    (2.0875 0)
    (2.0880 0)
    (2.0885 0)
    (2.0890 0)
    (2.0895 0)
    (2.0900 0)
    (2.0905 0)
    (2.0910 0)
    (2.0915 0)
    (2.0920 0)
    (2.0925 0)
    (2.0930 0)
    (2.0935 0)
    (2.0940 0)
    (2.0945 0)
    (2.0950 0)
    (2.0955 0)
    (2.0960 0)
    (2.0965 0)
    (2.0970 0)
    (2.0975 0)
    (2.0980 0)
    (2.0985 0)
    (2.0990 0)
    (2.0995 0)
    (2.1000 0)
    (2.1005 0)
    (2.1010 0)
    (2.1015 0)
    (2.1020 0)
    (2.1025 0)
    (2.1030 0)
    (2.1035 0)
    (2.1040 0)
    (2.1045 0)
    (2.1050 0)
    (2.1055 0)
    (2.1060 0)
    (2.1065 0)
    (2.1070 0)
    (2.1075 0)
    (2.1080 0)
    (2.1085 0)
    (2.1090 0)
    (2.1095 0)
    (2.1100 0)
    (2.1105 0)
    (2.1110 0)
    (2.1115 0)
    (2.1120 0)
    (2.1125 0)
    (2.1130 0)
    (2.1135 0)
    (2.1140 0)
    (2.1145 0)
    (2.1150 0)
    (2.1155 0)
    (2.1160 0)
    (2.1165 0)
    (2.1170 0)
    (2.1175 0)
    (2.1180 0)
    (2.1185 0)
    (2.1190 0)
    (2.1195 0)
    (2.1200 0)
    (2.1205 0)
    (2.1210 0)
    (2.1215 0)
    (2.1220 0)
    (2.1225 0)
    (2.1230 0)
    (2.1235 0)
    (2.1240 0)
    (2.1245 0)
    (2.1250 0)
    (2.1255 0)
    (2.1260 0)
    (2.1265 0)
    (2.1270 0)
    (2.1275 0)
    (2.1280 0)
    (2.1285 0)
    (2.1290 0)
    (2.1295 0)
    (2.1300 0)
    (2.1305 0)
    (2.1310 0)
    (2.1315 0)
    (2.1320 0)
    (2.1325 0)
    (2.1330 0)
    (2.1335 0)
    (2.1340 0)
    (2.1345 0)
    (2.1350 0)
    (2.1355 0)
    (2.1360 0)
    (2.1365 0)
    (2.1370 0)
    (2.1375 0)
    (2.1380 0)
    (2.1385 0)
    (2.1390 0)
    (2.1395 0)
    (2.1400 0)
    (2.1405 0)
    (2.1410 0)
    (2.1415 0)
    (2.1420 0)
    (2.1425 0)
    (2.1430 0)
    (2.1435 0)
    (2.1440 0)
    (2.1445 0)
    (2.1450 0)
    (2.1455 0)
    (2.1460 0)
    (2.1465 0)
    (2.1470 0)
    (2.1475 0)
    (2.1480 0)
    (2.1485 0)
    (2.1490 0)
    (2.1495 0)
    (2.1500 0)
    (2.1505 0)
    (2.1510 0)
    (2.1515 0)
    (2.1520 0)
    (2.1525 0)
    (2.1530 0)
    (2.1535 0)
    (2.1540 0)
    (2.1545 0)
    (2.1550 0)
    (2.1555 0)
    (2.1560 0)
    (2.1565 0)
    (2.1570 0)
    (2.1575 0)
    (2.1580 0)
    (2.1585 0)
    (2.1590 0)
    (2.1595 0)
    (2.1600 0)
    (2.1605 0)
    (2.1610 0)
    (2.1615 0)
    (2.1620 0)
    (2.1625 0)
    (2.1630 0)
    (2.1635 0)
    (2.1640 0)
    (2.1645 0)
    (2.1650 0)
    (2.1655 0)
    (2.1660 0)
    (2.1665 0)
    (2.1670 0)
    (2.1675 0)
    (2.1680 0)
    (2.1685 0)
    (2.1690 0)
    (2.1695 0)
    (2.1700 0)
    (2.1705 0)
    (2.1710 0)
    (2.1715 0)
    (2.1720 0)
    (2.1725 0)
    (2.1730 0)
    (2.1735 0)
    (2.1740 0)
    (2.1745 0)
    (2.1750 0)
    (2.1755 0)
    (2.1760 0)
    (2.1765 0)
    (2.1770 0)
    (2.1775 0)
    (2.1780 0)
    (2.1785 0)
    (2.1790 0)
    (2.1795 0)
    (2.1800 0)
    (2.1805 0)
    (2.1810 0)
    (2.1815 0)
    (2.1820 0)
    (2.1825 0)
    (2.1830 0)
    (2.1835 0)
    (2.1840 0)
    (2.1845 0)
    (2.1850 0)
    (2.1855 0)
    (2.1860 0)
    (2.1865 0)
    (2.1870 0)
    (2.1875 0)
    (2.1880 0)
    (2.1885 0)
    (2.1890 0)
    (2.1895 0)
    (2.1900 0)
    (2.1905 0)
    (2.1910 0)
    (2.1915 0)
    (2.1920 0)
    (2.1925 0)
    (2.1930 0)
    (2.1935 0)
    (2.1940 0)
    (2.1945 0)
    (2.1950 0)
    (2.1955 0)
    (2.1960 0)
    (2.1965 0)
    (2.1970 0)
    (2.1975 0)
    (2.1980 0)
    (2.1985 0)
    (2.1990 0)
    (2.1995 0)
    (2.2000 0)
    (2.2005 0)
    (2.2010 0)
    (2.2015 0)
    (2.2020 0)
    (2.2025 0)
    (2.2030 0)
    (2.2035 0)
    (2.2040 0)
    (2.2045 0)
    (2.2050 0)
    (2.2055 0)
    (2.2060 0)
    (2.2065 0)
    (2.2070 0)
    (2.2075 0)
    (2.2080 0)
    (2.2085 0)
    (2.2090 0)
    (2.2095 0)
    (2.2100 0)
    (2.2105 0)
    (2.2110 0)
    (2.2115 0)
    (2.2120 0)
    (2.2125 0)
    (2.2130 0)
    (2.2135 0)
    (2.2140 0)
    (2.2145 0)
    (2.2150 0)
    (2.2155 0)
    (2.2160 0)
    (2.2165 0)
    (2.2170 0)
    (2.2175 0)
    (2.2180 0)
    (2.2185 0)
    (2.2190 0)
    (2.2195 0)
    (2.2200 0)
    (2.2205 0)
    (2.2210 0)
    (2.2215 0)
    (2.2220 0)
    (2.2225 0)
    (2.2230 0)
    (2.2235 0)
    (2.2240 0)
    (2.2245 0)
    (2.2250 0)
    (2.2255 0)
    (2.2260 0)
    (2.2265 0)
    (2.2270 0)
    (2.2275 0)
    (2.2280 0)
    (2.2285 0)
    (2.2290 0)
    (2.2295 0)
    (2.2300 0)
    (2.2305 0)
    (2.2310 0)
    (2.2315 0)
    (2.2320 0)
    (2.2325 0)
    (2.2330 0)
    (2.2335 0)
    (2.2340 0)
    (2.2345 0)
    (2.2350 0)
    (2.2355 0)
    (2.2360 0)
    (2.2365 0)
    (2.2370 0)
    (2.2375 0)
    (2.2380 0)
    (2.2385 0)
    (2.2390 0)
    (2.2395 0)
    (2.2400 0)
    (2.2405 0)
    (2.2410 0)
    (2.2415 0)
    (2.2420 0)
    (2.2425 0)
    (2.2430 0)
    (2.2435 0)
    (2.2440 0)
    (2.2445 0)
    (2.2450 0)
    (2.2455 0)
    (2.2460 0)
    (2.2465 0)
    (2.2470 0)
    (2.2475 0)
    (2.2480 0)
    (2.2485 0)
    (2.2490 0)
    (2.2495 0)
    (2.2500 0)
    (2.2505 0)
    (2.2510 0)
    (2.2515 0)
    (2.2520 0)
    (2.2525 0)
    (2.2530 0)
    (2.2535 0)
    (2.2540 0)
    (2.2545 0)
    (2.2550 0)
    (2.2555 0)
    (2.2560 0)
    (2.2565 0)
    (2.2570 0)
    (2.2575 0)
    (2.2580 0)
    (2.2585 0)
    (2.2590 0)
    (2.2595 0)
    (2.2600 0)
    (2.2605 0)
    (2.2610 0)
    (2.2615 0)
    (2.2620 0)
    (2.2625 0)
    (2.2630 0)
    (2.2635 0)
    (2.2640 0)
    (2.2645 0)
    (2.2650 0)
    (2.2655 0)
    (2.2660 0)
    (2.2665 0)
    (2.2670 0)
    (2.2675 0)
    (2.2680 0)
    (2.2685 0)
    (2.2690 0)
    (2.2695 0)
    (2.2700 0)
    (2.2705 0)
    (2.2710 0)
    (2.2715 0)
    (2.2720 0)
    (2.2725 0)
    (2.2730 0)
    (2.2735 0)
    (2.2740 0)
    (2.2745 0)
    (2.2750 0)
    (2.2755 0)
    (2.2760 0)
    (2.2765 0)
    (2.2770 0)
    (2.2775 0)
    (2.2780 0)
    (2.2785 0)
    (2.2790 0)
    (2.2795 0)
    (2.2800 0)
    (2.2805 0)
    (2.2810 0)
    (2.2815 0)
    (2.2820 0)
    (2.2825 0)
    (2.2830 0)
    (2.2835 0)
    (2.2840 0)
    (2.2845 0)
    (2.2850 0)
    (2.2855 0)
    (2.2860 0)
    (2.2865 0)
    (2.2870 0)
    (2.2875 0)
    (2.2880 0)
    (2.2885 0)
    (2.2890 0)
    (2.2895 0)
    (2.2900 0)
    (2.2905 0)
    (2.2910 0)
    (2.2915 0)
    (2.2920 0)
    (2.2925 0)
    (2.2930 0)
    (2.2935 0)
    (2.2940 0)
    (2.2945 0)
    (2.2950 0)
    (2.2955 0)
    (2.2960 0)
    (2.2965 0)
    (2.2970 0)
    (2.2975 0)
    (2.2980 0)
    (2.2985 0)
    (2.2990 0)
    (2.2995 0)
    (2.3000 0)
    (2.3005 0)
    (2.3010 0)
    (2.3015 0)
    (2.3020 0)
    (2.3025 0)
    (2.3030 0)
    (2.3035 0)
    (2.3040 0)
    (2.3045 0)
    (2.3050 0)
    (2.3055 0)
    (2.3060 0)
    (2.3065 0)
    (2.3070 0)
    (2.3075 0)
    (2.3080 0)
    (2.3085 0)
    (2.3090 0)
    (2.3095 0)
    (2.3100 0)
    (2.3105 0)
    (2.3110 0)
    (2.3115 0)
    (2.3120 0)
    (2.3125 0)
    (2.3130 0)
    (2.3135 0)
    (2.3140 0)
    (2.3145 0)
    (2.3150 0)
    (2.3155 0)
    (2.3160 0)
    (2.3165 0)
    (2.3170 0)
    (2.3175 0)
    (2.3180 0)
    (2.3185 0)
    (2.3190 0)
    (2.3195 0)
    (2.3200 0)
    (2.3205 0)
    (2.3210 0)
    (2.3215 0)
    (2.3220 0)
    (2.3225 0)
    (2.3230 0)
    (2.3235 0)
    (2.3240 0)
    (2.3245 0)
    (2.3250 0)
    (2.3255 0)
    (2.3260 0)
    (2.3265 0)
    (2.3270 0)
    (2.3275 0)
    (2.3280 0)
    (2.3285 0)
    (2.3290 0)
    (2.3295 0)
    (2.3300 0)
    (2.3305 0)
    (2.3310 0)
    (2.3315 0)
    (2.3320 0)
    (2.3325 0)
    (2.3330 0)
    (2.3335 0)
    (2.3340 0)
    (2.3345 0)
    (2.3350 0)
    (2.3355 0)
    (2.3360 0)
    (2.3365 0)
    (2.3370 0)
    (2.3375 0)
    (2.3380 0)
    (2.3385 0)
    (2.3390 0)
    (2.3395 0)
    (2.3400 0)
    (2.3405 0)
    (2.3410 0)
    (2.3415 0)
    (2.3420 0)
    (2.3425 0)
    (2.3430 0)
    (2.3435 0)
    (2.3440 0)
    (2.3445 0)
    (2.3450 0)
    (2.3455 0)
    (2.3460 0)
    (2.3465 0)
    (2.3470 0)
    (2.3475 0)
    (2.3480 0)
    (2.3485 0)
    (2.3490 0)
    (2.3495 0)
    (2.3500 0)
    (2.3505 0)
    (2.3510 0)
    (2.3515 0)
    (2.3520 0)
    (2.3525 0)
    (2.3530 0)
    (2.3535 0)
    (2.3540 0)
    (2.3545 0)
    (2.3550 0)
    (2.3555 0)
    (2.3560 0)
    (2.3565 0)
    (2.3570 0)
    (2.3575 0)
    (2.3580 0)
    (2.3585 0)
    (2.3590 0)
    (2.3595 0)
    (2.3600 0)
    (2.3605 0)
    (2.3610 0)
    (2.3615 0)
    (2.3620 0)
    (2.3625 0)
    (2.3630 0)
    (2.3635 0)
    (2.3640 0)
    (2.3645 0)
    (2.3650 0)
    (2.3655 0)
    (2.3660 0)
    (2.3665 0)
    (2.3670 0)
    (2.3675 0)
    (2.3680 0)
    (2.3685 0)
    (2.3690 0)
    (2.3695 0)
    (2.3700 0)
    (2.3705 0)
    (2.3710 0)
    (2.3715 0)
    (2.3720 0)
    (2.3725 0)
    (2.3730 0)
    (2.3735 0)
    (2.3740 0)
    (2.3745 0)
    (2.3750 0)
    (2.3755 0)
    (2.3760 0)
    (2.3765 0)
    (2.3770 0)
    (2.3775 0)
    (2.3780 0)
    (2.3785 0)
    (2.3790 0)
    (2.3795 0)
    (2.3800 0)
    (2.3805 0)
    (2.3810 0)
    (2.3815 0)
    (2.3820 0)
    (2.3825 0)
    (2.3830 0)
    (2.3835 0)
    (2.3840 0)
    (2.3845 0)
    (2.3850 0)
    (2.3855 0)
    (2.3860 0)
    (2.3865 0)
    (2.3870 0)
    (2.3875 0)
    (2.3880 0)
    (2.3885 0)
    (2.3890 0)
    (2.3895 0)
    (2.3900 0)
    (2.3905 0)
    (2.3910 0)
    (2.3915 0)
    (2.3920 0)
    (2.3925 0)
    (2.3930 0)
    (2.3935 0)
    (2.3940 0)
    (2.3945 0)
    (2.3950 0)
    (2.3955 0)
    (2.3960 0)
    (2.3965 0)
    (2.3970 0)
    (2.3975 0)
    (2.3980 0)
    (2.3985 0)
    (2.3990 0)
    (2.3995 0)
    (2.4000 0)
    (2.4005 0)
    (2.4010 0)
    (2.4015 0)
    (2.4020 0)
    (2.4025 0)
    (2.4030 0)
    (2.4035 0)
    (2.4040 0)
    (2.4045 0)
    (2.4050 0)
    (2.4055 0)
    (2.4060 0)
    (2.4065 0)
    (2.4070 0)
    (2.4075 0)
    (2.4080 0)
    (2.4085 0)
    (2.4090 0)
    (2.4095 0)
    (2.4100 0)
    (2.4105 0)
    (2.4110 0)
    (2.4115 0)
    (2.4120 0)
    (2.4125 0)
    (2.4130 0)
    (2.4135 0)
    (2.4140 0)
    (2.4145 0)
    (2.4150 0)
    (2.4155 0)
    (2.4160 0)
    (2.4165 0)
    (2.4170 0)
    (2.4175 0)
    (2.4180 0)
    (2.4185 0)
    (2.4190 0)
    (2.4195 0)
    (2.4200 0)
    (2.4205 0)
    (2.4210 0)
    (2.4215 0)
    (2.4220 0)
    (2.4225 0)
    (2.4230 0)
    (2.4235 0)
    (2.4240 0)
    (2.4245 0)
    (2.4250 0)
    (2.4255 0)
    (2.4260 0)
    (2.4265 0)
    (2.4270 0)
    (2.4275 0)
    (2.4280 0)
    (2.4285 0)
    (2.4290 0)
    (2.4295 0)
    (2.4300 0)
    (2.4305 0)
    (2.4310 0)
    (2.4315 0)
    (2.4320 0)
    (2.4325 0)
    (2.4330 0)
    (2.4335 0)
    (2.4340 0)
    (2.4345 0)
    (2.4350 0)
    (2.4355 0)
    (2.4360 0)
    (2.4365 0)
    (2.4370 0)
    (2.4375 0)
    (2.4380 0)
    (2.4385 0)
    (2.4390 0)
    (2.4395 0)
    (2.4400 0)
    (2.4405 0)
    (2.4410 0)
    (2.4415 0)
    (2.4420 0)
    (2.4425 0)
    (2.4430 0)
    (2.4435 0)
    (2.4440 0)
    (2.4445 0)
    (2.4450 0)
    (2.4455 0)
    (2.4460 0)
    (2.4465 0)
    (2.4470 0)
    (2.4475 0)
    (2.4480 0)
    (2.4485 0)
    (2.4490 0)
    (2.4495 0)
    (2.4500 0)
    (2.4505 0)
    (2.4510 0)
    (2.4515 0)
    (2.4520 0)
    (2.4525 0)
    (2.4530 0)
    (2.4535 0)
    (2.4540 0)
    (2.4545 0)
    (2.4550 0)
    (2.4555 0)
    (2.4560 0)
    (2.4565 0)
    (2.4570 0)
    (2.4575 0)
    (2.4580 0)
    (2.4585 0)
    (2.4590 0)
    (2.4595 0)
    (2.4600 0)
    (2.4605 0)
    (2.4610 0)
    (2.4615 0)
    (2.4620 0)
    (2.4625 0)
    (2.4630 0)
    (2.4635 0)
    (2.4640 0)
    (2.4645 0)
    (2.4650 0)
    (2.4655 0)
    (2.4660 0)
    (2.4665 0)
    (2.4670 0)
    (2.4675 0)
    (2.4680 0)
    (2.4685 0)
    (2.4690 0)
    (2.4695 0)
    (2.4700 0)
    (2.4705 0)
    (2.4710 0)
    (2.4715 0)
    (2.4720 0)
    (2.4725 0)
    (2.4730 0)
    (2.4735 0)
    (2.4740 0)
    (2.4745 0)
    (2.4750 0)
    (2.4755 0)
    (2.4760 0)
    (2.4765 0)
    (2.4770 0)
    (2.4775 0)
    (2.4780 0)
    (2.4785 0)
    (2.4790 0)
    (2.4795 0)
    (2.4800 0)
    (2.4805 0)
    (2.4810 0)
    (2.4815 0)
    (2.4820 0)
    (2.4825 0)
    (2.4830 0)
    (2.4835 0)
    (2.4840 0)
    (2.4845 0)
    (2.4850 0)
    (2.4855 0)
    (2.4860 0)
    (2.4865 0)
    (2.4870 0)
    (2.4875 0)
    (2.4880 0)
    (2.4885 0)
    (2.4890 0)
    (2.4895 0)
    (2.4900 0)
    (2.4905 0)
    (2.4910 0)
    (2.4915 0)
    (2.4920 0)
    (2.4925 0)
    (2.4930 0)
    (2.4935 0)
    (2.4940 0)
    (2.4945 0)
    (2.4950 0)
    (2.4955 0)
    (2.4960 0)
    (2.4965 0)
    (2.4970 0)
    (2.4975 0)
    (2.4980 0)
    (2.4985 0)
    (2.4990 0)
    (2.4995 0)
    (2.5000 0)
    (2.5005 0)
    (2.5010 0)
    (2.5015 0)
    (2.5020 0)
    (2.5025 0)
    (2.5030 0)
    (2.5035 0)
    (2.5040 0)
    (2.5045 0)
    (2.5050 0)
    (2.5055 0)
    (2.5060 0)
    (2.5065 0)
    (2.5070 0)
    (2.5075 0)
    (2.5080 0)
    (2.5085 0)
    (2.5090 0)
    (2.5095 0)
    (2.5100 0)
    (2.5105 0)
    (2.5110 0)
    (2.5115 0)
    (2.5120 0)
    (2.5125 0)
    (2.5130 0)
    (2.5135 0)
    (2.5140 0)
    (2.5145 0)
    (2.5150 0)
    (2.5155 0)
    (2.5160 0)
    (2.5165 0)
    (2.5170 0)
    (2.5175 0)
    (2.5180 0)
    (2.5185 0)
    (2.5190 0)
    (2.5195 0)
    (2.5200 0)
    (2.5205 0)
    (2.5210 0)
    (2.5215 0)
    (2.5220 0)
    (2.5225 0)
    (2.5230 0)
    (2.5235 0)
    (2.5240 0)
    (2.5245 0)
    (2.5250 0)
    (2.5255 0)
    (2.5260 0)
    (2.5265 0)
    (2.5270 0)
    (2.5275 0)
    (2.5280 0)
    (2.5285 0)
    (2.5290 0)
    (2.5295 0)
    (2.5300 0)
    (2.5305 0)
    (2.5310 0)
    (2.5315 0)
    (2.5320 0)
    (2.5325 0)
    (2.5330 0)
    (2.5335 0)
    (2.5340 0)
    (2.5345 0)
    (2.5350 0)
    (2.5355 0)
    (2.5360 0)
    (2.5365 0)
    (2.5370 0)
    (2.5375 0)
    (2.5380 0)
    (2.5385 0)
    (2.5390 0)
    (2.5395 0)
    (2.5400 0)
    (2.5405 0)
    (2.5410 0)
    (2.5415 0)
    (2.5420 0)
    (2.5425 0)
    (2.5430 0)
    (2.5435 0)
    (2.5440 0)
    (2.5445 0)
    (2.5450 0)
    (2.5455 0)
    (2.5460 0)
    (2.5465 0)
    (2.5470 0)
    (2.5475 0)
    (2.5480 0)
    (2.5485 0)
    (2.5490 0)
    (2.5495 0)
    (2.5500 0)
    (2.5505 0)
    (2.5510 0)
    (2.5515 0)
    (2.5520 0)
    (2.5525 0)
    (2.5530 0)
    (2.5535 0)
    (2.5540 0)
    (2.5545 0)
    (2.5550 0)
    (2.5555 0)
    (2.5560 0)
    (2.5565 0)
    (2.5570 0)
    (2.5575 0)
    (2.5580 0)
    (2.5585 0)
    (2.5590 0)
    (2.5595 0)
    (2.5600 0)
    (2.5605 0)
    (2.5610 0)
    (2.5615 0)
    (2.5620 0)
    (2.5625 0)
    (2.5630 0)
    (2.5635 0)
    (2.5640 0)
    (2.5645 0)
    (2.5650 0)
    (2.5655 0)
    (2.5660 0)
    (2.5665 0)
    (2.5670 0)
    (2.5675 0)
    (2.5680 0)
    (2.5685 0)
    (2.5690 0)
    (2.5695 0)
    (2.5700 0)
    (2.5705 0)
    (2.5710 0)
    (2.5715 0)
    (2.5720 0)
    (2.5725 0)
    (2.5730 0)
    (2.5735 0)
    (2.5740 0)
    (2.5745 0)
    (2.5750 0)
    (2.5755 0)
    (2.5760 0)
    (2.5765 0)
    (2.5770 0)
    (2.5775 0)
    (2.5780 0)
    (2.5785 0)
    (2.5790 0)
    (2.5795 0)
    (2.5800 0)
    (2.5805 0)
    (2.5810 0)
    (2.5815 0)
    (2.5820 0)
    (2.5825 0)
    (2.5830 0)
    (2.5835 0)
    (2.5840 0)
    (2.5845 0)
    (2.5850 0)
    (2.5855 0)
    (2.5860 0)
    (2.5865 0)
    (2.5870 0)
    (2.5875 0)
    (2.5880 0)
    (2.5885 0)
    (2.5890 0)
    (2.5895 0)
    (2.5900 0)
    (2.5905 0)
    (2.5910 0)
    (2.5915 0)
    (2.5920 0)
    (2.5925 0)
    (2.5930 0)
    (2.5935 0)
    (2.5940 0)
    (2.5945 0)
    (2.5950 0)
    (2.5955 0)
    (2.5960 0)
    (2.5965 0)
    (2.5970 0)
    (2.5975 0)
    (2.5980 0)
    (2.5985 0)
    (2.5990 0)
    (2.5995 0)
    (2.6000 0)
    (2.6005 0)
    (2.6010 0)
    (2.6015 0)
    (2.6020 0)
    (2.6025 0)
    (2.6030 0)
    (2.6035 0)
    (2.6040 0)
    (2.6045 0)
    (2.6050 0)
    (2.6055 0)
    (2.6060 0)
    (2.6065 0)
    (2.6070 0)
    (2.6075 0)
    (2.6080 0)
    (2.6085 0)
    (2.6090 0)
    (2.6095 0)
    (2.6100 0)
    (2.6105 0)
    (2.6110 0)
    (2.6115 0)
    (2.6120 0)
    (2.6125 0)
    (2.6130 0)
    (2.6135 0)
    (2.6140 0)
    (2.6145 0)
    (2.6150 0)
    (2.6155 0)
    (2.6160 0)
    (2.6165 0)
    (2.6170 0)
    (2.6175 0)
    (2.6180 0)
    (2.6185 0)
    (2.6190 0)
    (2.6195 0)
    (2.6200 0)
    (2.6205 0)
    (2.6210 0)
    (2.6215 0)
    (2.6220 0)
    (2.6225 0)
    (2.6230 0)
    (2.6235 0)
    (2.6240 0)
    (2.6245 0)
    (2.6250 0)
    (2.6255 0)
    (2.6260 0)
    (2.6265 0)
    (2.6270 0)
    (2.6275 0)
    (2.6280 0)
    (2.6285 0)
    (2.6290 0)
    (2.6295 0)
    (2.6300 0)
    (2.6305 0)
    (2.6310 0)
    (2.6315 0)
    (2.6320 0)
    (2.6325 0)
    (2.6330 0)
    (2.6335 0)
    (2.6340 0)
    (2.6345 0)
    (2.6350 0)
    (2.6355 0)
    (2.6360 0)
    (2.6365 0)
    (2.6370 0)
    (2.6375 0)
    (2.6380 0)
    (2.6385 0)
    (2.6390 0)
    (2.6395 0)
    (2.6400 0)
    (2.6405 0)
    (2.6410 0)
    (2.6415 0)
    (2.6420 0)
    (2.6425 0)
    (2.6430 0)
    (2.6435 0)
    (2.6440 0)
    (2.6445 0)
    (2.6450 0)
    (2.6455 0)
    (2.6460 0)
    (2.6465 0)
    (2.6470 0)
    (2.6475 6.94203e-08)
    (2.6480 0)
    (2.6485 -1.86011e-08)
    (2.6490 0)
    (2.6495 4.98415e-09)
    (2.6500 0)
    (2.6505 -1.3355e-09)
    (2.6510 0)
    (2.6515 3.57846e-10)
    (2.6520 0)
    (2.6525 -9.58846e-11)
    (2.6530 0)
    (2.6535 2.56922e-11)
    (2.6540 0)
    (2.6545 -6.88421e-12)
    (2.6550 0)
    (2.6555 1.84462e-12)
    (2.6560 0)
    (2.6565 -4.94264e-13)
    (2.6570 0)
    (2.6575 1.32438e-13)
    (2.6580 0)
    (2.6585 -3.54888e-14)
    (2.6590 0)
    (2.6595 9.51701e-15)
    (2.6600 0)
    (2.6605 -2.57923e-15)
    (2.6610 0)
    (2.6615 7.99911e-16)
    (2.6620 0)
    (2.6625 -6.20416e-16)
    (2.6630 0)
    (2.6635 1.68175e-15)
    (2.6640 0)
    (2.6645 -6.10659e-15)
    (2.6650 0)
    (2.6655 2.27446e-14)
    (2.6660 0)
    (2.6665 -8.48719e-14)
    (2.6670 0)
    (2.6675 3.16743e-13)
    (2.6680 0)
    (2.6685 -1.1821e-12)
    (2.6690 0)
    (2.6695 4.41166e-12)
    (2.6700 0)
    (2.6705 -1.64645e-11)
    (2.6710 0)
    (2.6715 6.14464e-11)
    (2.6720 0)
    (2.6725 -2.29321e-10)
    (2.6730 0)
    (2.6735 8.55838e-10)
    (2.6740 0)
    (2.6745 -3.19403e-09)
    (2.6750 0)
    (2.6755 9.25276e-10)
    (2.6760 -8.79601e-08)
    (2.6765 -3.39046e-07)
    (2.6770 -6.85229e-07)
    (2.6775 -1.04593e-06)
    (2.6780 -1.4262e-06)
    (2.6785 -1.84674e-06)
    (2.6790 -2.30532e-06)
    (2.6795 -2.7955e-06)
    (2.6800 -3.31701e-06)
    (2.6805 -3.87069e-06)
    (2.6810 -4.45571e-06)
    (2.6815 -5.07096e-06)
    (2.6820 -5.71586e-06)
    (2.6825 -6.38978e-06)
    (2.6830 -7.09127e-06)
    (2.6835 -7.81863e-06)
    (2.6840 -8.56995e-06)
    (2.6845 -9.34328e-06)
    (2.6850 -1.01367e-05)
    (2.6855 -1.09484e-05)
    (2.6860 -1.17764e-05)
    (2.6865 -1.26188e-05)
    (2.6870 -1.34737e-05)
    (2.6875 -1.43392e-05)
    (2.6880 -1.52135e-05)
    (2.6885 -1.60945e-05)
    (2.6890 -1.69805e-05)
    (2.6895 -1.78695e-05)
    (2.6900 -1.87596e-05)
    (2.6905 -1.96488e-05)
    (2.6910 -2.05355e-05)
    (2.6915 -2.14188e-05)
    (2.6920 -2.2301e-05)
    (2.6925 -2.31855e-05)
    (2.6930 -2.40753e-05)
    (2.6935 -2.49735e-05)
    (2.6940 -2.5883e-05)
    (2.6945 -2.68071e-05)
    (2.6950 -2.77489e-05)
    (2.6955 -2.87113e-05)
    (2.6960 -2.96974e-05)
    (2.6965 -3.07104e-05)
    (2.6970 -3.17534e-05)
    (2.6975 -3.28293e-05)
    (2.6980 -3.39413e-05)
    (2.6985 -3.50925e-05)
    (2.6990 -3.6286e-05)
    (2.6995 -3.75249e-05)
    (2.7000 -3.8812e-05)
    (2.7005 -4.01506e-05)
    (2.7010 -4.15441e-05)
    (2.7015 -4.29956e-05)
    (2.7020 -4.45055e-05)
    (2.7025 -4.60729e-05)
    (2.7030 -4.76943e-05)
    (2.7035 -4.93659e-05)
    (2.7040 -5.10841e-05)
    (2.7045 -5.28457e-05)
    (2.7050 -5.46473e-05)
    (2.7055 -5.64855e-05)
    (2.7060 -5.83567e-05)
    (2.7065 -6.02576e-05)
    (2.7070 -6.21848e-05)
    (2.7075 -6.41349e-05)
    (2.7080 -6.61042e-05)
    (2.7085 -6.80893e-05)
    (2.7090 -7.00876e-05)
    (2.7095 -7.20974e-05)
    (2.7100 -7.41191e-05)
    (2.7105 -7.61539e-05)
    (2.7110 -7.82024e-05)
    (2.7115 -8.02653e-05)
    (2.7120 -8.23433e-05)
    (2.7125 -8.44371e-05)
    (2.7130 -8.65475e-05)
    (2.7135 -8.86751e-05)
    (2.7140 -9.08207e-05)
    (2.7145 -9.29849e-05)
    (2.7150 -9.51686e-05)
    (2.7155 -9.73725e-05)
    (2.7160 -9.95962e-05)
    (2.7165 -0.00010184)
    (2.7170 -0.000104102)
    (2.7175 -0.000106383)
    (2.7180 -0.000108681)
    (2.7185 -0.000110997)
    (2.7190 -0.000113329)
    (2.7195 -0.000115678)
    (2.7200 -0.000118041)
    (2.7205 -0.00012042)
    (2.7210 -0.000122813)
    (2.7215 -0.00012522)
    (2.7220 -0.00012764)
    (2.7225 -0.00013007)
    (2.7230 -0.000132507)
    (2.7235 -0.000134947)
    (2.7240 -0.000137386)
    (2.7245 -0.00013982)
    (2.7250 -0.000142244)
    (2.7255 -0.000144655)
    (2.7260 -0.00014705)
    (2.7265 -0.000149423)
    (2.7270 -0.000151771)
    (2.7275 -0.000154088)
    (2.7280 -0.000156379)
    (2.7285 -0.000158653)
    (2.7290 -0.000160928)
    (2.7295 -0.000163221)
    (2.7300 -0.000165552)
    (2.7305 -0.000167937)
    (2.7310 -0.000170393)
    (2.7315 -0.000172938)
    (2.7320 -0.000175592)
    (2.7325 -0.000178374)
    (2.7330 -0.000181285)
    (2.7335 -0.000184316)
    (2.7340 -0.000187435)
    (2.7345 -0.000190606)
    (2.7350 -0.000193797)
    (2.7355 -0.000196975)
    (2.7360 -0.000200109)
    (2.7365 -0.000203164)
    (2.7370 -0.000206111)
    (2.7375 -0.000208929)
    (2.7380 -0.000211633)
    (2.7385 -0.000214247)
    (2.7390 -0.000216793)
    (2.7395 -0.000219291)
    (2.7400 -0.000221765)
    (2.7405 -0.000224235)
    (2.7410 -0.000226724)
    (2.7415 -0.000229255)
    (2.7420 -0.000231847)
    (2.7425 -0.000234518)
    (2.7430 -0.000237259)
    (2.7435 -0.000240055)
    (2.7440 -0.000242894)
    (2.7445 -0.00024576)
    (2.7450 -0.00024864)
    (2.7455 -0.00025152)
    (2.7460 -0.000254386)
    (2.7465 -0.000257224)
    (2.7470 -0.000260019)
    (2.7475 -0.000262762)
    (2.7480 -0.000265465)
    (2.7485 -0.000268146)
    (2.7490 -0.000270826)
    (2.7495 -0.000273525)
    (2.7500 -0.00027626)
    (2.7505 -0.000279054)
    (2.7510 -0.000281923)
    (2.7515 -0.000284887)
    (2.7520 -0.000287969)
    (2.7525 -0.000291184)
    (2.7530 -0.000294517)
    (2.7535 -0.000297948)
    (2.7540 -0.000301453)
    (2.7545 -0.000305006)
    (2.7550 -0.000308582)
    (2.7555 -0.000312158)
    (2.7560 -0.000315708)
    (2.7565 -0.00031921)
    (2.7570 -0.000322637)
    (2.7575 -0.000325966)
    (2.7580 -0.000329194)
    (2.7585 -0.000332325)
    (2.7590 -0.000335366)
    (2.7595 -0.000338327)
    (2.7600 -0.000341213)
    (2.7605 -0.000344031)
    (2.7610 -0.000346791)
    (2.7615 -0.000349499)
    (2.7620 -0.000352158)
    (2.7625 -0.00035477)
    (2.7630 -0.00035733)
    (2.7635 -0.000359835)
    (2.7640 -0.000362281)
    (2.7645 -0.000364664)
    (2.7650 -0.00036698)
    (2.7655 -0.000369226)
    (2.7660 -0.000371398)
    (2.7665 -0.000373493)
    (2.7670 -0.000375506)
    (2.7675 -0.000377434)
    (2.7680 -0.000379273)
    (2.7685 -0.00038102)
    (2.7690 -0.000382683)
    (2.7695 -0.000384269)
    (2.7700 -0.000385786)
    (2.7705 -0.000387243)
    (2.7710 -0.000388648)
    (2.7715 -0.00039001)
    (2.7720 -0.000391337)
    (2.7725 -0.000392637)
    (2.7730 -0.000393919)
    (2.7735 -0.000395191)
    (2.7740 -0.000396461)
    (2.7745 -0.000397738)
    (2.7750 -0.00039903)
    (2.7755 -0.000400347)
    (2.7760 -0.000401688)
    (2.7765 -0.000403052)
    (2.7770 -0.000404434)
    (2.7775 -0.000405831)
    (2.7780 -0.000407237)
    (2.7785 -0.00040865)
    (2.7790 -0.000410065)
    (2.7795 -0.000411478)
    (2.7800 -0.000412885)
    (2.7805 -0.000414282)
    (2.7810 -0.000415665)
    (2.7815 -0.00041703)
    (2.7820 -0.000418373)
    (2.7825 -0.000419689)
    (2.7830 -0.000420977)
    (2.7835 -0.000422235)
    (2.7840 -0.000423464)
    (2.7845 -0.000424667)
    (2.7850 -0.000425843)
    (2.7855 -0.000426993)
    (2.7860 -0.000428119)
    (2.7865 -0.000429221)
    (2.7870 -0.0004303)
    (2.7875 -0.000431357)
    (2.7880 -0.000432394)
    (2.7885 -0.00043341)
    (2.7890 -0.000434408)
    (2.7895 -0.000435387)
    (2.7900 -0.00043635)
    (2.7905 -0.000437295)
    (2.7910 -0.000438226)
    (2.7915 -0.000439142)
    (2.7920 -0.000440041)
    (2.7925 -0.000440921)
    (2.7930 -0.000441777)
    (2.7935 -0.000442607)
    (2.7940 -0.000443406)
    (2.7945 -0.000444172)
    (2.7950 -0.0004449)
    (2.7955 -0.000445588)
    (2.7960 -0.000446231)
    (2.7965 -0.000446828)
    (2.7970 -0.000447376)
    (2.7975 -0.000447877)
    (2.7980 -0.000448331)
    (2.7985 -0.000448741)
    (2.7990 -0.000449107)
    (2.7995 -0.00044943)
    (2.8000 -0.000449712)
    (2.8005 -0.000449954)
    (2.8010 -0.000450156)
    (2.8015 -0.000450321)
    (2.8020 -0.000450448)
    (2.8025 -0.00045054)
    (2.8030 -0.000450597)
    (2.8035 -0.000450621)
    (2.8040 -0.000450613)
    (2.8045 -0.000450574)
    (2.8050 -0.000450505)
    (2.8055 -0.000450407)
    (2.8060 -0.000450281)
    (2.8065 -0.000450129)
    (2.8070 -0.000449952)
    (2.8075 -0.000449751)
    (2.8080 -0.000449526)
    (2.8085 -0.00044928)
    (2.8090 -0.000449013)
    (2.8095 -0.000448727)
    (2.8100 -0.000448422)
    (2.8105 -0.0004481)
    (2.8110 -0.00044776)
    (2.8115 -0.000447399)
    (2.8120 -0.000447012)
    (2.8125 -0.000446596)
    (2.8130 -0.000446147)
    (2.8135 -0.000445661)
    (2.8140 -0.000445133)
    (2.8145 -0.00044456)
    (2.8150 -0.000443938)
    (2.8155 -0.000443263)
    (2.8160 -0.000442531)
    (2.8165 -0.000441738)
    (2.8170 -0.00044088)
    (2.8175 -0.000439954)
    (2.8180 -0.000438954)
    (2.8185 -0.000437877)
    (2.8190 -0.000436722)
    (2.8195 -0.00043549)
    (2.8200 -0.000434188)
    (2.8205 -0.000432822)
    (2.8210 -0.000431399)
    (2.8215 -0.000429924)
    (2.8220 -0.000428404)
    (2.8225 -0.000426845)
    (2.8230 -0.000425254)
    (2.8235 -0.000423635)
    (2.8240 -0.000421996)
    (2.8245 -0.000420342)
    (2.8250 -0.00041868)
    (2.8255 -0.000417016)
    (2.8260 -0.000415356)
    (2.8265 -0.000413707)
    (2.8270 -0.000412072)
    (2.8275 -0.000410454)
    (2.8280 -0.000408852)
    (2.8285 -0.000407266)
    (2.8290 -0.000405697)
    (2.8295 -0.000404144)
    (2.8300 -0.000402607)
    (2.8305 -0.000401086)
    (2.8310 -0.000399582)
    (2.8315 -0.000398093)
    (2.8320 -0.000396621)
    (2.8325 -0.000395165)
    (2.8330 -0.000393725)
    (2.8335 -0.000392301)
    (2.8340 -0.000390893)
    (2.8345 -0.000389501)
    (2.8350 -0.000388125)
    (2.8355 -0.000386765)
    (2.8360 -0.000385418)
    (2.8365 -0.000384086)
    (2.8370 -0.000382767)
    (2.8375 -0.00038146)
    (2.8380 -0.000380165)
    (2.8385 -0.00037888)
    (2.8390 -0.000377607)
    (2.8395 -0.000376342)
    (2.8400 -0.000375087)
    (2.8405 -0.00037384)
    (2.8410 -0.0003726)
    (2.8415 -0.000371368)
    (2.8420 -0.000370141)
    (2.8425 -0.00036892)
    (2.8430 -0.000367703)
    (2.8435 -0.000366491)
    (2.8440 -0.000365285)
    (2.8445 -0.000364086)
    (2.8450 -0.000362898)
    (2.8455 -0.000361721)
    (2.8460 -0.000360559)
    (2.8465 -0.000359413)
    (2.8470 -0.000358285)
    (2.8475 -0.000357178)
    (2.8480 -0.000356094)
    (2.8485 -0.000355034)
    (2.8490 -0.000354)
    (2.8495 -0.000352996)
    (2.8500 -0.000352023)
    (2.8505 -0.000351082)
    (2.8510 -0.000350177)
    (2.8515 -0.000349309)
    (2.8520 -0.00034848)
    (2.8525 -0.00034769)
    (2.8530 -0.000346935)
    (2.8535 -0.000346211)
    (2.8540 -0.000345512)
    (2.8545 -0.000344836)
    (2.8550 -0.000344176)
    (2.8555 -0.000343529)
    (2.8560 -0.00034289)
    (2.8565 -0.000342255)
    (2.8570 -0.00034162)
    (2.8575 -0.000340979)
    (2.8580 -0.000340329)
    (2.8585 -0.000339665)
    (2.8590 -0.000338983)
    (2.8595 -0.000338278)
    (2.8600 -0.000337545)
    (2.8605 -0.00033678)
    (2.8610 -0.000335984)
    (2.8615 -0.000335159)
    (2.8620 -0.00033431)
    (2.8625 -0.000333444)
    (2.8630 -0.000332565)
    (2.8635 -0.000331678)
    (2.8640 -0.000330788)
    (2.8645 -0.000329901)
    (2.8650 -0.000329021)
    (2.8655 -0.000328153)
    (2.8660 -0.000327303)
    (2.8665 -0.000326476)
    (2.8670 -0.000325676)
    (2.8675 -0.000324909)
    (2.8680 -0.00032418)
    (2.8685 -0.000323495)
    (2.8690 -0.000322855)
    (2.8695 -0.000322259)
    (2.8700 -0.0003217)
    (2.8705 -0.000321171)
    (2.8710 -0.000320665)
    (2.8715 -0.000320177)
    (2.8720 -0.0003197)
    (2.8725 -0.000319227)
    (2.8730 -0.000318753)
    (2.8735 -0.00031827)
    (2.8740 -0.000317772)
    (2.8745 -0.000317254)
    (2.8750 -0.000316714)
    (2.8755 -0.000316153)
    (2.8760 -0.00031557)
    (2.8765 -0.000314967)
    (2.8770 -0.000314343)
    (2.8775 -0.000313698)
    (2.8780 -0.000313032)
    (2.8785 -0.000312346)
    (2.8790 -0.000311641)
    (2.8795 -0.000310915)
    (2.8800 -0.000310169)
    (2.8805 -0.000309404)
    (2.8810 -0.00030862)
    (2.8815 -0.000307816)
    (2.8820 -0.000306993)
    (2.8825 -0.000306151)
    (2.8830 -0.000305291)
    (2.8835 -0.000304412)
    (2.8840 -0.000303515)
    (2.8845 -0.0003026)
    (2.8850 -0.000301667)
    (2.8855 -0.000300716)
    (2.8860 -0.000299748)
    (2.8865 -0.000298762)
    (2.8870 -0.000297759)
    (2.8875 -0.000296739)
    (2.8880 -0.000295702)
    (2.8885 -0.000294649)
    (2.8890 -0.000293579)
    (2.8895 -0.000292493)
    (2.8900 -0.000291391)
    (2.8905 -0.000290273)
    (2.8910 -0.000289139)
    (2.8915 -0.000287989)
    (2.8920 -0.000286825)
    (2.8925 -0.000285645)
    (2.8930 -0.00028445)
    (2.8935 -0.000283241)
    (2.8940 -0.000282016)
    (2.8945 -0.000280778)
    (2.8950 -0.000279525)
    (2.8955 -0.000278258)
    (2.8960 -0.000276981)
    (2.8965 -0.000275695)
    (2.8970 -0.000274404)
    (2.8975 -0.000273111)
    (2.8980 -0.00027182)
    (2.8985 -0.000270533)
    (2.8990 -0.000269254)
    (2.8995 -0.000267986)
    (2.9000 -0.000266733)
    (2.9005 -0.000265496)
    (2.9010 -0.000264281)
    (2.9015 -0.000263089)
    (2.9020 -0.000261924)
    (2.9025 -0.000260789)
    (2.9030 -0.000259687)
    (2.9035 -0.000258623)
    (2.9040 -0.000257596)
    (2.9045 -0.000256606)
    (2.9050 -0.000255649)
    (2.9055 -0.00025472)
    (2.9060 -0.000253815)
    (2.9065 -0.000252929)
    (2.9070 -0.000252059)
    (2.9075 -0.000251199)
    (2.9080 -0.000250346)
    (2.9085 -0.000249496)
    (2.9090 -0.000248644)
    (2.9095 -0.000247786)
    (2.9100 -0.000246918)
    (2.9105 -0.000246035)
    (2.9110 -0.000245134)
    (2.9115 -0.000244209)
    (2.9120 -0.000243257)
    (2.9125 -0.000242273)
    (2.9130 -0.000241258)
    (2.9135 -0.000240213)
    (2.9140 -0.00023914)
    (2.9145 -0.000238041)
    (2.9150 -0.00023692)
    (2.9155 -0.000235778)
    (2.9160 -0.000234617)
    (2.9165 -0.000233441)
    (2.9170 -0.00023225)
    (2.9175 -0.000231048)
    (2.9180 -0.000229837)
    (2.9185 -0.000228618)
    (2.9190 -0.000227395)
    (2.9195 -0.00022617)
    (2.9200 -0.000224945)
    (2.9205 -0.000223722)
    (2.9210 -0.000222503)
    (2.9215 -0.000221291)
    (2.9220 -0.000220084)
    (2.9225 -0.000218883)
    (2.9230 -0.000217687)
    (2.9235 -0.000216496)
    (2.9240 -0.00021531)
    (2.9245 -0.000214129)
    (2.9250 -0.000212951)
    (2.9255 -0.000211777)
    (2.9260 -0.000210607)
    (2.9265 -0.000209441)
    (2.9270 -0.000208277)
    (2.9275 -0.000207116)
    (2.9280 -0.000205957)
    (2.9285 -0.0002048)
    (2.9290 -0.000203646)
    (2.9295 -0.000202492)
    (2.9300 -0.00020134)
    (2.9305 -0.000200188)
    (2.9310 -0.000199035)
    (2.9315 -0.00019788)
    (2.9320 -0.000196722)
    (2.9325 -0.000195559)
    (2.9330 -0.00019439)
    (2.9335 -0.000193215)
    (2.9340 -0.000192032)
    (2.9345 -0.00019084)
    (2.9350 -0.000189638)
    (2.9355 -0.000188424)
    (2.9360 -0.000187198)
    (2.9365 -0.000185958)
    (2.9370 -0.000184704)
    (2.9375 -0.000183433)
    (2.9380 -0.000182146)
    (2.9385 -0.00018084)
    (2.9390 -0.000179518)
    (2.9395 -0.000178182)
    (2.9400 -0.000176834)
    (2.9405 -0.000175477)
    (2.9410 -0.000174114)
    (2.9415 -0.000172748)
    (2.9420 -0.00017138)
    (2.9425 -0.000170014)
    (2.9430 -0.000168651)
    (2.9435 -0.000167296)
    (2.9440 -0.00016595)
    (2.9445 -0.000164616)
    (2.9450 -0.000163296)
    (2.9455 -0.000161993)
    (2.9460 -0.000160711)
    (2.9465 -0.000159451)
    (2.9470 -0.000158213)
    (2.9475 -0.000156998)
    (2.9480 -0.000155801)
    (2.9485 -0.000154621)
    (2.9490 -0.000153456)
    (2.9495 -0.000152303)
    (2.9500 -0.00015116)
    (2.9505 -0.000150024)
    (2.9510 -0.000148894)
    (2.9515 -0.000147767)
    (2.9520 -0.00014664)
    (2.9525 -0.000145512)
    (2.9530 -0.00014438)
    (2.9535 -0.000143243)
    (2.9540 -0.000142096)
    (2.9545 -0.000140939)
    (2.9550 -0.00013977)
    (2.9555 -0.000138585)
    (2.9560 -0.000137382)
    (2.9565 -0.000136159)
    (2.9570 -0.000134915)
    (2.9575 -0.000133647)
    (2.9580 -0.000132358)
    (2.9585 -0.000131049)
    (2.9590 -0.000129722)
    (2.9595 -0.000128379)
    (2.9600 -0.000127021)
    (2.9605 -0.000125651)
    (2.9610 -0.00012427)
    (2.9615 -0.00012288)
    (2.9620 -0.000121483)
    (2.9625 -0.00012008)
    (2.9630 -0.000118674)
    (2.9635 -0.000117265)
    (2.9640 -0.000115857)
    (2.9645 -0.00011445)
    (2.9650 -0.000113047)
    (2.9655 -0.00011165)
    (2.9660 -0.000110258)
    (2.9665 -0.000108872)
    (2.9670 -0.00010749)
    (2.9675 -0.000106109)
    (2.9680 -0.000104728)
    (2.9685 -0.000103344)
    (2.9690 -0.000101956)
    (2.9695 -0.000100562)
    (2.9700 -9.91593e-05)
    (2.9705 -9.77467e-05)
    (2.9710 -9.63222e-05)
    (2.9715 -9.48837e-05)
    (2.9720 -9.34293e-05)
    (2.9725 -9.19573e-05)
    (2.9730 -9.04653e-05)
    (2.9735 -8.89516e-05)
    (2.9740 -8.74153e-05)
    (2.9745 -8.58563e-05)
    (2.9750 -8.42754e-05)
    (2.9755 -8.26733e-05)
    (2.9760 -8.10509e-05)
    (2.9765 -7.94087e-05)
    (2.9770 -7.77474e-05)
    (2.9775 -7.60679e-05)
    (2.9780 -7.43707e-05)
    (2.9785 -7.26565e-05)
    (2.9790 -7.09262e-05)
    (2.9795 -6.91805e-05)
    (2.9800 -6.74198e-05)
    (2.9805 -6.56448e-05)
    (2.9810 -6.38573e-05)
    (2.9815 -6.206e-05)
    (2.9820 -6.0258e-05)
    (2.9825 -5.84566e-05)
    (2.9830 -5.66607e-05)
    (2.9835 -5.48754e-05)
    (2.9840 -5.31056e-05)
    (2.9845 -5.13564e-05)
    (2.9850 -4.96329e-05)
    (2.9855 -4.79399e-05)
    (2.9860 -4.62827e-05)
    (2.9865 -4.46663e-05)
    (2.9870 -4.30954e-05)
    (2.9875 -4.15749e-05)
    (2.9880 -4.0111e-05)
    (2.9885 -3.87087e-05)
    (2.9890 -3.73682e-05)
    (2.9895 -3.60867e-05)
    (2.9900 -3.48555e-05)
    (2.9905 -3.36642e-05)
    (2.9910 -3.25039e-05)
    (2.9915 -3.13658e-05)
    (2.9920 -3.02409e-05)
    (2.9925 -2.91202e-05)
    (2.9930 -2.79943e-05)
    (2.9935 -2.68541e-05)
    (2.9940 -2.56917e-05)
    (2.9945 -2.44984e-05)
    (2.9950 -2.32607e-05)
    (2.9955 -2.19686e-05)
    (2.9960 -2.0629e-05)
    (2.9965 -1.92371e-05)
    (2.9970 -1.77242e-05)
    (2.9975 -1.60653e-05)
    (2.9980 -1.44739e-05)
    (2.9985 -1.30008e-05)
    (2.9990 -1.08059e-05)
    (2.9995 -6.82651e-06)
    (3.0000 0)
    (3.0005 0)
    (3.0010 0)
    (3.0015 0)
    (3.0020 0)
    (3.0025 0)
    (3.0030 0)
    (3.0035 0)
    (3.0040 0)
    (3.0045 0)
    (3.0050 0)
    (3.0055 0)
    (3.0060 0)
    (3.0065 0)
    (3.0070 0)
    (3.0075 0)
    (3.0080 0)
    (3.0085 0)
    (3.0090 0)
    (3.0095 0)
    (3.0100 0)
    (3.0105 0)
    (3.0110 0)
    (3.0115 0)
    (3.0120 0)
    (3.0125 0)
    (3.0130 0)
    (3.0135 0)
    (3.0140 0)
    (3.0145 0)
    (3.0150 0)
    (3.0155 0)
    (3.0160 0)
    (3.0165 0)
    (3.0170 0)
    (3.0175 0)
    (3.0180 0)
    (3.0185 0)
    (3.0190 0)
    (3.0195 0)
    (3.0200 0)
    (3.0205 0)
    (3.0210 0)
    (3.0215 0)
    (3.0220 0)
    (3.0225 0)
    (3.0230 0)
    (3.0235 0)
    (3.0240 0)
    (3.0245 0)
    (3.0250 0)
    (3.0255 0)
    (3.0260 0)
    (3.0265 0)
    (3.0270 0)
    (3.0275 0)
    (3.0280 0)
    (3.0285 0)
    (3.0290 0)
    (3.0295 0)
    (3.0300 0)
    (3.0305 0)
    (3.0310 0)
    (3.0315 0)
    (3.0320 0)
    (3.0325 0)
    (3.0330 0)
    (3.0335 0)
    (3.0340 0)
    (3.0345 0)
    (3.0350 0)
    (3.0355 0)
    (3.0360 0)
    (3.0365 0)
    (3.0370 0)
    (3.0375 0)
    (3.0380 0)
    (3.0385 0)
    (3.0390 0)
    (3.0395 0)
    (3.0400 0)
    (3.0405 0)
    (3.0410 0)
    (3.0415 0)
    (3.0420 0)
    (3.0425 0)
    (3.0430 0)
    (3.0435 0)
    (3.0440 0)
    (3.0445 0)
    (3.0450 0)
    (3.0455 0)
    (3.0460 0)
    (3.0465 0)
    (3.0470 0)
    (3.0475 0)
    (3.0480 0)
    (3.0485 0)
    (3.0490 0)
    (3.0495 0)
    (3.0500 0)
    (3.0505 0)
    (3.0510 0)
    (3.0515 0)
    (3.0520 0)
    (3.0525 0)
    (3.0530 0)
    (3.0535 0)
    (3.0540 0)
    (3.0545 0)
    (3.0550 0)
    (3.0555 0)
    (3.0560 0)
    (3.0565 0)
    (3.0570 0)
    (3.0575 0)
    (3.0580 0)
    (3.0585 0)
    (3.0590 0)
    (3.0595 0)
    (3.0600 0)
    (3.0605 0)
    (3.0610 0)
    (3.0615 0)
    (3.0620 0)
    (3.0625 0)
    (3.0630 0)
    (3.0635 0)
    (3.0640 0)
    (3.0645 0)
    (3.0650 0)
    (3.0655 0)
    (3.0660 0)
    (3.0665 0)
    (3.0670 0)
    (3.0675 0)
    (3.0680 0)
    (3.0685 0)
    (3.0690 0)
    (3.0695 0)
    (3.0700 0)
    (3.0705 0)
    (3.0710 0)
    (3.0715 0)
    (3.0720 0)
    (3.0725 0)
    (3.0730 0)
    (3.0735 0)
    (3.0740 0)
    (3.0745 0)
    (3.0750 0)
    (3.0755 0)
    (3.0760 0)
    (3.0765 0)
    (3.0770 0)
    (3.0775 0)
    (3.0780 0)
    (3.0785 0)
    (3.0790 0)
    (3.0795 0)
    (3.0800 0)
    (3.0805 0)
    (3.0810 0)
    (3.0815 0)
    (3.0820 0)
    (3.0825 0)
    (3.0830 0)
    (3.0835 0)
    (3.0840 0)
    (3.0845 0)
    (3.0850 0)
    (3.0855 0)
    (3.0860 0)
    (3.0865 0)
    (3.0870 0)
    (3.0875 0)
    (3.0880 0)
    (3.0885 0)
    (3.0890 0)
    (3.0895 0)
    (3.0900 0)
    (3.0905 0)
    (3.0910 0)
    (3.0915 0)
    (3.0920 0)
    (3.0925 0)
    (3.0930 0)
    (3.0935 0)
    (3.0940 0)
    (3.0945 0)
    (3.0950 0)
    (3.0955 0)
    (3.0960 0)
    (3.0965 0)
    (3.0970 0)
    (3.0975 0)
    (3.0980 0)
    (3.0985 0)
    (3.0990 0)
    (3.0995 0)
    (3.1000 0)
    (3.1005 0)
    (3.1010 0)
    (3.1015 0)
    (3.1020 0)
    (3.1025 0)
    (3.1030 0)
    (3.1035 0)
    (3.1040 0)
    (3.1045 0)
    (3.1050 0)
    (3.1055 0)
    (3.1060 0)
    (3.1065 0)
    (3.1070 0)
    (3.1075 0)
    (3.1080 0)
    (3.1085 0)
    (3.1090 0)
    (3.1095 0)
    (3.1100 0)
    (3.1105 0)
    (3.1110 0)
    (3.1115 0)
    (3.1120 0)
    (3.1125 0)
    (3.1130 0)
    (3.1135 0)
    (3.1140 0)
    (3.1145 0)
    (3.1150 0)
    (3.1155 0)
    (3.1160 0)
    (3.1165 0)
    (3.1170 0)
    (3.1175 0)
    (3.1180 0)
    (3.1185 0)
    (3.1190 0)
    (3.1195 0)
    (3.1200 0)
    (3.1205 0)
    (3.1210 0)
    (3.1215 0)
    (3.1220 0)
    (3.1225 0)
    (3.1230 0)
    (3.1235 0)
    (3.1240 0)
    (3.1245 0)
    (3.1250 0)
    (3.1255 0)
    (3.1260 0)
    (3.1265 0)
    (3.1270 0)
    (3.1275 0)
    (3.1280 0)
    (3.1285 0)
    (3.1290 0)
    (3.1295 0)
    (3.1300 0)
    (3.1305 0)
    (3.1310 0)
    (3.1315 0)
    (3.1320 0)
    (3.1325 0)
    (3.1330 0)
    (3.1335 0)
    (3.1340 0)
    (3.1345 0)
    (3.1350 0)
    (3.1355 0)
    (3.1360 0)
    (3.1365 0)
    (3.1370 0)
    (3.1375 0)
    (3.1380 0)
    (3.1385 0)
    (3.1390 0)
    (3.1395 0)
    (3.1400 0)
    (3.1405 0)
    (3.1410 0)
    (3.1415 0)
    (3.1420 0)
    (3.1425 0)
    (3.1430 0)
    (3.1435 0)
    (3.1440 0)
    (3.1445 0)
    (3.1450 0)
    (3.1455 0)
    (3.1460 0)
    (3.1465 0)
    (3.1470 0)
    (3.1475 0)
    (3.1480 0)
    (3.1485 0)
    (3.1490 0)
    (3.1495 0)
    (3.1500 0)
    (3.1505 0)
    (3.1510 0)
    (3.1515 0)
    (3.1520 0)
    (3.1525 0)
    (3.1530 0)
    (3.1535 0)
    (3.1540 0)
    (3.1545 0)
    (3.1550 0)
    (3.1555 0)
    (3.1560 0)
    (3.1565 0)
    (3.1570 0)
    (3.1575 0)
    (3.1580 0)
    (3.1585 0)
    (3.1590 0)
    (3.1595 0)
    (3.1600 0)
    (3.1605 0)
    (3.1610 0)
    (3.1615 0)
    (3.1620 0)
    (3.1625 0)
    (3.1630 0)
    (3.1635 0)
    (3.1640 0)
    (3.1645 0)
    (3.1650 0)
    (3.1655 0)
    (3.1660 0)
    (3.1665 0)
    (3.1670 0)
    (3.1675 0)
    (3.1680 0)
    (3.1685 0)
    (3.1690 0)
    (3.1695 0)
    (3.1700 0)
    (3.1705 0)
    (3.1710 0)
    (3.1715 0)
    (3.1720 0)
    (3.1725 0)
    (3.1730 0)
    (3.1735 0)
    (3.1740 0)
    (3.1745 0)
    (3.1750 0)
    (3.1755 0)
    (3.1760 0)
    (3.1765 0)
    (3.1770 0)
    (3.1775 0)
    (3.1780 0)
    (3.1785 0)
    (3.1790 0)
    (3.1795 0)
    (3.1800 0)
    (3.1805 0)
    (3.1810 0)
    (3.1815 0)
    (3.1820 0)
    (3.1825 0)
    (3.1830 0)
    (3.1835 0)
    (3.1840 0)
    (3.1845 0)
    (3.1850 0)
    (3.1855 0)
    (3.1860 0)
    (3.1865 0)
    (3.1870 0)
    (3.1875 0)
    (3.1880 0)
    (3.1885 0)
    (3.1890 0)
    (3.1895 0)
    (3.1900 0)
    (3.1905 0)
    (3.1910 0)
    (3.1915 0)
    (3.1920 0)
    (3.1925 0)
    (3.1930 0)
    (3.1935 0)
    (3.1940 0)
    (3.1945 0)
    (3.1950 0)
    (3.1955 0)
    (3.1960 0)
    (3.1965 0)
    (3.1970 0)
    (3.1975 0)
    (3.1980 0)
    (3.1985 0)
    (3.1990 0)
    (3.1995 0)
    (3.2000 0)
    (3.2005 0)
    (3.2010 0)
    (3.2015 0)
    (3.2020 0)
    (3.2025 0)
    (3.2030 0)
    (3.2035 0)
    (3.2040 0)
    (3.2045 0)
    (3.2050 0)
    (3.2055 0)
    (3.2060 0)
    (3.2065 0)
    (3.2070 0)
    (3.2075 0)
    (3.2080 0)
    (3.2085 0)
    (3.2090 0)
    (3.2095 0)
    (3.2100 0)
    (3.2105 0)
    (3.2110 0)
    (3.2115 0)
    (3.2120 0)
    (3.2125 0)
    (3.2130 0)
    (3.2135 0)
    (3.2140 0)
    (3.2145 0)
    (3.2150 0)
    (3.2155 0)
    (3.2160 0)
    (3.2165 0)
    (3.2170 0)
    (3.2175 0)
    (3.2180 0)
    (3.2185 0)
    (3.2190 0)
    (3.2195 0)
    (3.2200 0)
    (3.2205 0)
    (3.2210 0)
    (3.2215 0)
    (3.2220 0)
    (3.2225 0)
    (3.2230 0)
    (3.2235 0)
    (3.2240 0)
    (3.2245 0)
    (3.2250 0)
    (3.2255 0)
    (3.2260 0)
    (3.2265 0)
    (3.2270 0)
    (3.2275 0)
    (3.2280 0)
    (3.2285 0)
    (3.2290 0)
    (3.2295 0)
    (3.2300 0)
    (3.2305 0)
    (3.2310 0)
    (3.2315 0)
    (3.2320 0)
    (3.2325 0)
    (3.2330 0)
    (3.2335 0)
    (3.2340 0)
    (3.2345 0)
    (3.2350 0)
    (3.2355 0)
    (3.2360 0)
    (3.2365 0)
    (3.2370 0)
    (3.2375 0)
    (3.2380 0)
    (3.2385 0)
    (3.2390 0)
    (3.2395 0)
    (3.2400 0)
    (3.2405 0)
    (3.2410 0)
    (3.2415 0)
    (3.2420 0)
    (3.2425 0)
    (3.2430 0)
    (3.2435 0)
    (3.2440 0)
    (3.2445 0)
    (3.2450 0)
    (3.2455 0)
    (3.2460 0)
    (3.2465 0)
    (3.2470 0)
    (3.2475 0)
    (3.2480 0)
    (3.2485 0)
    (3.2490 0)
    (3.2495 0)
    (3.2500 0)
    (3.2505 0)
    (3.2510 0)
    (3.2515 0)
    (3.2520 0)
    (3.2525 0)
    (3.2530 0)
    (3.2535 0)
    (3.2540 0)
    (3.2545 0)
    (3.2550 0)
    (3.2555 0)
    (3.2560 0)
    (3.2565 0)
    (3.2570 0)
    (3.2575 0)
    (3.2580 0)
    (3.2585 0)
    (3.2590 0)
    (3.2595 0)
    (3.2600 0)
    (3.2605 0)
    (3.2610 0)
    (3.2615 0)
    (3.2620 0)
    (3.2625 0)
    (3.2630 0)
    (3.2635 0)
    (3.2640 0)
    (3.2645 0)
    (3.2650 0)
    (3.2655 0)
    (3.2660 0)
    (3.2665 0)
    (3.2670 0)
    (3.2675 0)
    (3.2680 0)
    (3.2685 0)
    (3.2690 0)
    (3.2695 0)
    (3.2700 0)
    (3.2705 0)
    (3.2710 0)
    (3.2715 0)
    (3.2720 0)
    (3.2725 0)
    (3.2730 0)
    (3.2735 0)
    (3.2740 0)
    (3.2745 0)
    (3.2750 0)
    (3.2755 0)
    (3.2760 0)
    (3.2765 0)
    (3.2770 0)
    (3.2775 0)
    (3.2780 0)
    (3.2785 0)
    (3.2790 0)
    (3.2795 0)
    (3.2800 0)
    (3.2805 0)
    (3.2810 0)
    (3.2815 0)
    (3.2820 0)
    (3.2825 0)
    (3.2830 0)
    (3.2835 0)
    (3.2840 0)
    (3.2845 0)
    (3.2850 0)
    (3.2855 0)
    (3.2860 0)
    (3.2865 0)
    (3.2870 0)
    (3.2875 0)
    (3.2880 0)
    (3.2885 0)
    (3.2890 0)
    (3.2895 0)
    (3.2900 0)
    (3.2905 0)
    (3.2910 0)
    (3.2915 0)
    (3.2920 0)
    (3.2925 0)
    (3.2930 0)
    (3.2935 0)
    (3.2940 0)
    (3.2945 0)
    (3.2950 0)
    (3.2955 0)
    (3.2960 0)
    (3.2965 0)
    (3.2970 0)
    (3.2975 0)
    (3.2980 0)
    (3.2985 0)
    (3.2990 0)
    (3.2995 0)
    (3.3000 0)
    (3.3005 0)
    (3.3010 0)
    (3.3015 0)
    (3.3020 0)
    (3.3025 0)
    (3.3030 0)
    (3.3035 0)
    (3.3040 0)
    (3.3045 0)
    (3.3050 0)
    (3.3055 0)
    (3.3060 0)
    (3.3065 0)
    (3.3070 0)
    (3.3075 0)
    (3.3080 0)
    (3.3085 0)
    (3.3090 0)
    (3.3095 0)
    (3.3100 0)
    (3.3105 0)
    (3.3110 0)
    (3.3115 0)
    (3.3120 0)
    (3.3125 0)
    (3.3130 0)
    (3.3135 0)
    (3.3140 0)
    (3.3145 0)
    (3.3150 0)
    (3.3155 0)
    (3.3160 0)
    (3.3165 0)
    (3.3170 0)
    (3.3175 0)
    (3.3180 0)
    (3.3185 0)
    (3.3190 0)
    (3.3195 0)
    (3.3200 0)
    (3.3205 0)
    (3.3210 0)
    (3.3215 0)
    (3.3220 0)
    (3.3225 0)
    (3.3230 0)
    (3.3235 0)
    (3.3240 0)
    (3.3245 0)
    (3.3250 0)
    (3.3255 0)
    (3.3260 0)
    (3.3265 0)
    (3.3270 0)
    (3.3275 0)
    (3.3280 0)
    (3.3285 0)
    (3.3290 0)
    (3.3295 0)
    (3.3300 0)
    (3.3305 0)
    (3.3310 0)
    (3.3315 0)
    (3.3320 0)
    (3.3325 0)
    (3.3330 0)
    (3.3335 0)
    (3.3340 0)
    (3.3345 0)
    (3.3350 0)
    (3.3355 0)
    (3.3360 0)
    (3.3365 0)
    (3.3370 0)
    (3.3375 0)
    (3.3380 0)
    (3.3385 0)
    (3.3390 0)
    (3.3395 0)
    (3.3400 0)
    (3.3405 0)
    (3.3410 0)
    (3.3415 0)
    (3.3420 0)
    (3.3425 0)
    (3.3430 0)
    (3.3435 0)
    (3.3440 0)
    (3.3445 0)
    (3.3450 0)
    (3.3455 0)
    (3.3460 0)
    (3.3465 0)
    (3.3470 0)
    (3.3475 0)
    (3.3480 0)
    (3.3485 0)
    (3.3490 0)
    (3.3495 0)
    (3.3500 0)
    (3.3505 0)
    (3.3510 0)
    (3.3515 0)
    (3.3520 0)
    (3.3525 0)
    (3.3530 0)
    (3.3535 0)
    (3.3540 0)
    (3.3545 0)
    (3.3550 0)
    (3.3555 0)
    (3.3560 0)
    (3.3565 0)
    (3.3570 0)
    (3.3575 0)
    (3.3580 0)
    (3.3585 0)
    (3.3590 0)
    (3.3595 0)
    (3.3600 0)
    (3.3605 0)
    (3.3610 0)
    (3.3615 0)
    (3.3620 0)
    (3.3625 0)
    (3.3630 0)
    (3.3635 0)
    (3.3640 0)
    (3.3645 0)
    (3.3650 0)
    (3.3655 0)
    (3.3660 0)
    (3.3665 0)
    (3.3670 0)
    (3.3675 0)
    (3.3680 0)
    (3.3685 0)
    (3.3690 0)
    (3.3695 0)
    (3.3700 0)
    (3.3705 0)
    (3.3710 0)
    (3.3715 0)
    (3.3720 0)
    (3.3725 0)
    (3.3730 0)
    (3.3735 0)
    (3.3740 0)
    (3.3745 0)
    (3.3750 0)
    (3.3755 0)
    (3.3760 0)
    (3.3765 0)
    (3.3770 0)
    (3.3775 0)
    (3.3780 0)
    (3.3785 0)
    (3.3790 0)
    (3.3795 0)
    (3.3800 0)
    (3.3805 0)
    (3.3810 0)
    (3.3815 0)
    (3.3820 0)
    (3.3825 0)
    (3.3830 0)
    (3.3835 0)
    (3.3840 0)
    (3.3845 0)
    (3.3850 0)
    (3.3855 0)
    (3.3860 0)
    (3.3865 0)
    (3.3870 0)
    (3.3875 0)
    (3.3880 0)
    (3.3885 0)
    (3.3890 0)
    (3.3895 0)
    (3.3900 0)
    (3.3905 0)
    (3.3910 0)
    (3.3915 0)
    (3.3920 0)
    (3.3925 0)
    (3.3930 0)
    (3.3935 0)
    (3.3940 0)
    (3.3945 0)
    (3.3950 0)
    (3.3955 0)
    (3.3960 0)
    (3.3965 0)
    (3.3970 0)
    (3.3975 0)
    (3.3980 0)
    (3.3985 0)
    (3.3990 0)
    (3.3995 0)
    (3.4000 0)
    (3.4005 0)
    (3.4010 0)
    (3.4015 0)
    (3.4020 0)
    (3.4025 0)
    (3.4030 0)
    (3.4035 0)
    (3.4040 0)
    (3.4045 0)
    (3.4050 0)
    (3.4055 0)
    (3.4060 0)
    (3.4065 0)
    (3.4070 0)
    (3.4075 0)
    (3.4080 0)
    (3.4085 0)
    (3.4090 0)
    (3.4095 0)
    (3.4100 0)
    (3.4105 0)
    (3.4110 0)
    (3.4115 0)
    (3.4120 0)
    (3.4125 0)
    (3.4130 0)
    (3.4135 0)
    (3.4140 0)
    (3.4145 0)
    (3.4150 0)
    (3.4155 0)
    (3.4160 0)
    (3.4165 0)
    (3.4170 0)
    (3.4175 0)
    (3.4180 0)
    (3.4185 0)
    (3.4190 0)
    (3.4195 0)
    (3.4200 0)
    (3.4205 0)
    (3.4210 0)
    (3.4215 0)
    (3.4220 0)
    (3.4225 0)
    (3.4230 0)
    (3.4235 0)
    (3.4240 0)
    (3.4245 0)
    (3.4250 0)
    (3.4255 0)
    (3.4260 0)
    (3.4265 0)
    (3.4270 0)
    (3.4275 0)
    (3.4280 0)
    (3.4285 0)
    (3.4290 0)
    (3.4295 0)
    (3.4300 0)
    (3.4305 0)
    (3.4310 0)
    (3.4315 0)
    (3.4320 0)
    (3.4325 0)
    (3.4330 0)
    (3.4335 0)
    (3.4340 0)
    (3.4345 0)
    (3.4350 0)
    (3.4355 0)
    (3.4360 0)
    (3.4365 0)
    (3.4370 0)
    (3.4375 0)
    (3.4380 0)
    (3.4385 0)
    (3.4390 0)
    (3.4395 0)
    (3.4400 0)
    (3.4405 0)
    (3.4410 0)
    (3.4415 0)
    (3.4420 0)
    (3.4425 0)
    (3.4430 0)
    (3.4435 0)
    (3.4440 0)
    (3.4445 0)
    (3.4450 0)
    (3.4455 0)
    (3.4460 0)
    (3.4465 0)
    (3.4470 0)
    (3.4475 0)
    (3.4480 0)
    (3.4485 0)
    (3.4490 0)
    (3.4495 0)
    (3.4500 0)
    (3.4505 0)
    (3.4510 0)
    (3.4515 0)
    (3.4520 0)
    (3.4525 0)
    (3.4530 0)
    (3.4535 0)
    (3.4540 0)
    (3.4545 0)
    (3.4550 0)
    (3.4555 0)
    (3.4560 0)
    (3.4565 0)
    (3.4570 0)
    (3.4575 0)
    (3.4580 0)
    (3.4585 0)
    (3.4590 0)
    (3.4595 0)
    (3.4600 0)
    (3.4605 0)
    (3.4610 0)
    (3.4615 0)
    (3.4620 0)
    (3.4625 0)
    (3.4630 0)
    (3.4635 0)
    (3.4640 0)
    (3.4645 0)
    (3.4650 0)
    (3.4655 0)
    (3.4660 0)
    (3.4665 0)
    (3.4670 0)
    (3.4675 0)
    (3.4680 0)
    (3.4685 0)
    (3.4690 0)
    (3.4695 0)
    (3.4700 0)
    (3.4705 0)
    (3.4710 0)
    (3.4715 0)
    (3.4720 0)
    (3.4725 0)
    (3.4730 0)
    (3.4735 0)
    (3.4740 0)
    (3.4745 0)
    (3.4750 0)
    (3.4755 0)
    (3.4760 0)
    (3.4765 0)
    (3.4770 0)
    (3.4775 0)
    (3.4780 0)
    (3.4785 0)
    (3.4790 0)
    (3.4795 0)
    (3.4800 0)
    (3.4805 0)
    (3.4810 0)
    (3.4815 0)
    (3.4820 0)
    (3.4825 0)
    (3.4830 0)
    (3.4835 0)
    (3.4840 0)
    (3.4845 0)
    (3.4850 0)
    (3.4855 0)
    (3.4860 0)
    (3.4865 0)
    (3.4870 0)
    (3.4875 0)
    (3.4880 0)
    (3.4885 0)
    (3.4890 0)
    (3.4895 0)
    (3.4900 0)
    (3.4905 0)
    (3.4910 0)
    (3.4915 0)
    (3.4920 0)
    (3.4925 0)
    (3.4930 0)
    (3.4935 0)
    (3.4940 0)
    (3.4945 0)
    (3.4950 0)
    (3.4955 0)
    (3.4960 0)
    (3.4965 0)
    (3.4970 0)
    (3.4975 0)
    (3.4980 0)
    (3.4985 0)
    (3.4990 0)
    (3.4995 0)
    (3.5000 0)
    (3.5005 0)
    (3.5010 0)
    (3.5015 0)
    (3.5020 0)
    (3.5025 0)
    (3.5030 0)
    (3.5035 0)
    (3.5040 0)
    (3.5045 0)
    (3.5050 0)
    (3.5055 0)
    (3.5060 0)
    (3.5065 0)
    (3.5070 0)
    (3.5075 0)
    (3.5080 0)
    (3.5085 0)
    (3.5090 0)
    (3.5095 0)
    (3.5100 0)
    (3.5105 0)
    (3.5110 0)
    (3.5115 0)
    (3.5120 0)
    (3.5125 0)
    (3.5130 0)
    (3.5135 0)
    (3.5140 0)
    (3.5145 0)
    (3.5150 0)
    (3.5155 0)
    (3.5160 0)
    (3.5165 0)
    (3.5170 0)
    (3.5175 0)
    (3.5180 0)
    (3.5185 0)
    (3.5190 0)
    (3.5195 0)
    (3.5200 0)
    (3.5205 0)
    (3.5210 0)
    (3.5215 0)
    (3.5220 0)
    (3.5225 0)
    (3.5230 0)
    (3.5235 0)
    (3.5240 0)
    (3.5245 0)
    (3.5250 0)
    (3.5255 0)
    (3.5260 0)
    (3.5265 0)
    (3.5270 0)
    (3.5275 0)
    (3.5280 0)
    (3.5285 0)
    (3.5290 0)
    (3.5295 0)
    (3.5300 0)
    (3.5305 0)
    (3.5310 0)
    (3.5315 0)
    (3.5320 0)
    (3.5325 0)
    (3.5330 0)
    (3.5335 0)
    (3.5340 0)
    (3.5345 0)
    (3.5350 0)
    (3.5355 0)
    (3.5360 0)
    (3.5365 0)
    (3.5370 0)
    (3.5375 0)
    (3.5380 0)
    (3.5385 0)
    (3.5390 0)
    (3.5395 0)
    (3.5400 0)
    (3.5405 0)
    (3.5410 0)
    (3.5415 0)
    (3.5420 0)
    (3.5425 0)
    (3.5430 0)
    (3.5435 0)
    (3.5440 0)
    (3.5445 0)
    (3.5450 0)
    (3.5455 0)
    (3.5460 0)
    (3.5465 0)
    (3.5470 0)
    (3.5475 0)
    (3.5480 0)
    (3.5485 0)
    (3.5490 0)
    (3.5495 0)
    (3.5500 0)
    (3.5505 0)
    (3.5510 0)
    (3.5515 0)
    (3.5520 0)
    (3.5525 0)
    (3.5530 0)
    (3.5535 0)
    (3.5540 0)
    (3.5545 0)
    (3.5550 0)
    (3.5555 0)
    (3.5560 0)
    (3.5565 0)
    (3.5570 0)
    (3.5575 0)
    (3.5580 0)
    (3.5585 0)
    (3.5590 0)
    (3.5595 0)
    (3.5600 0)
    (3.5605 0)
    (3.5610 0)
    (3.5615 0)
    (3.5620 0)
    (3.5625 0)
    (3.5630 0)
    (3.5635 0)
    (3.5640 0)
    (3.5645 0)
    (3.5650 0)
    (3.5655 0)
    (3.5660 0)
    (3.5665 0)
    (3.5670 0)
    (3.5675 0)
    (3.5680 0)
    (3.5685 0)
    (3.5690 0)
    (3.5695 0)
    (3.5700 0)
    (3.5705 0)
    (3.5710 0)
    (3.5715 0)
    (3.5720 0)
    (3.5725 0)
    (3.5730 0)
    (3.5735 0)
    (3.5740 0)
    (3.5745 0)
    (3.5750 0)
    (3.5755 0)
    (3.5760 0)
    (3.5765 0)
    (3.5770 0)
    (3.5775 0)
    (3.5780 0)
    (3.5785 0)
    (3.5790 0)
    (3.5795 0)
    (3.5800 0)
    (3.5805 0)
    (3.5810 0)
    (3.5815 0)
    (3.5820 0)
    (3.5825 0)
    (3.5830 0)
    (3.5835 0)
    (3.5840 0)
    (3.5845 0)
    (3.5850 0)
    (3.5855 0)
    (3.5860 0)
    (3.5865 0)
    (3.5870 0)
    (3.5875 0)
    (3.5880 0)
    (3.5885 0)
    (3.5890 0)
    (3.5895 0)
    (3.5900 0)
    (3.5905 0)
    (3.5910 0)
    (3.5915 0)
    (3.5920 0)
    (3.5925 0)
    (3.5930 0)
    (3.5935 0)
    (3.5940 0)
    (3.5945 0)
    (3.5950 0)
    (3.5955 0)
    (3.5960 0)
    (3.5965 0)
    (3.5970 0)
    (3.5975 0)
    (3.5980 0)
    (3.5985 0)
    (3.5990 0)
    (3.5995 0)
    (3.6000 0)
    (3.6005 0)
    (3.6010 0)
    (3.6015 0)
    (3.6020 0)
    (3.6025 0)
    (3.6030 0)
    (3.6035 0)
    (3.6040 0)
    (3.6045 0)
    (3.6050 0)
    (3.6055 0)
    (3.6060 0)
    (3.6065 0)
    (3.6070 0)
    (3.6075 0)
    (3.6080 0)
    (3.6085 0)
    (3.6090 0)
    (3.6095 0)
    (3.6100 0)
    (3.6105 0)
    (3.6110 0)
    (3.6115 0)
    (3.6120 0)
    (3.6125 0)
    (3.6130 0)
    (3.6135 0)
    (3.6140 0)
    (3.6145 0)
    (3.6150 0)
    (3.6155 0)
    (3.6160 0)
    (3.6165 0)
    (3.6170 0)
    (3.6175 0)
    (3.6180 0)
    (3.6185 0)
    (3.6190 0)
    (3.6195 0)
    (3.6200 0)
    (3.6205 0)
    (3.6210 0)
    (3.6215 0)
    (3.6220 0)
    (3.6225 0)
    (3.6230 0)
    (3.6235 0)
    (3.6240 0)
    (3.6245 0)
    (3.6250 0)
    (3.6255 0)
    (3.6260 0)
    (3.6265 0)
    (3.6270 0)
    (3.6275 0)
    (3.6280 0)
    (3.6285 0)
    (3.6290 0)
    (3.6295 0)
    (3.6300 0)
    (3.6305 0)
    (3.6310 0)
    (3.6315 0)
    (3.6320 0)
    (3.6325 0)
    (3.6330 0)
    (3.6335 0)
    (3.6340 0)
    (3.6345 0)
    (3.6350 0)
    (3.6355 0)
    (3.6360 0)
    (3.6365 0)
    (3.6370 0)
    (3.6375 0)
    (3.6380 0)
    (3.6385 0)
    (3.6390 0)
    (3.6395 0)
    (3.6400 0)
    (3.6405 0)
    (3.6410 0)
    (3.6415 0)
    (3.6420 0)
    (3.6425 0)
    (3.6430 0)
    (3.6435 0)
    (3.6440 0)
    (3.6445 0)
    (3.6450 0)
    (3.6455 0)
    (3.6460 0)
    (3.6465 0)
    (3.6470 0)
    (3.6475 6.94203e-08)
    (3.6480 0)
    (3.6485 -1.86011e-08)
    (3.6490 0)
    (3.6495 4.98415e-09)
    (3.6500 0)
    (3.6505 -1.3355e-09)
    (3.6510 0)
    (3.6515 3.57846e-10)
    (3.6520 0)
    (3.6525 -9.58846e-11)
    (3.6530 0)
    (3.6535 2.56922e-11)
    (3.6540 0)
    (3.6545 -6.88421e-12)
    (3.6550 0)
    (3.6555 1.84462e-12)
    (3.6560 0)
    (3.6565 -4.94264e-13)
    (3.6570 0)
    (3.6575 1.32438e-13)
    (3.6580 0)
    (3.6585 -3.54888e-14)
    (3.6590 0)
    (3.6595 9.51701e-15)
    (3.6600 0)
    (3.6605 -2.57923e-15)
    (3.6610 0)
    (3.6615 7.99911e-16)
    (3.6620 0)
    (3.6625 -6.20416e-16)
    (3.6630 0)
    (3.6635 1.68175e-15)
    (3.6640 0)
    (3.6645 -6.10659e-15)
    (3.6650 0)
    (3.6655 2.27446e-14)
    (3.6660 0)
    (3.6665 -8.48719e-14)
    (3.6670 0)
    (3.6675 3.16743e-13)
    (3.6680 0)
    (3.6685 -1.1821e-12)
    (3.6690 0)
    (3.6695 4.41166e-12)
    (3.6700 0)
    (3.6705 -1.64645e-11)
    (3.6710 0)
    (3.6715 6.14464e-11)
    (3.6720 0)
    (3.6725 -2.29321e-10)
    (3.6730 0)
    (3.6735 8.55838e-10)
    (3.6740 0)
    (3.6745 -3.19403e-09)
    (3.6750 0)
    (3.6755 9.25276e-10)
    (3.6760 -8.79601e-08)
    (3.6765 -3.39046e-07)
    (3.6770 -6.85229e-07)
    (3.6775 -1.04593e-06)
    (3.6780 -1.4262e-06)
    (3.6785 -1.84674e-06)
    (3.6790 -2.30532e-06)
    (3.6795 -2.7955e-06)
    (3.6800 -3.31701e-06)
    (3.6805 -3.87069e-06)
    (3.6810 -4.45571e-06)
    (3.6815 -5.07096e-06)
    (3.6820 -5.71586e-06)
    (3.6825 -6.38978e-06)
    (3.6830 -7.09127e-06)
    (3.6835 -7.81863e-06)
    (3.6840 -8.56995e-06)
    (3.6845 -9.34328e-06)
    (3.6850 -1.01367e-05)
    (3.6855 -1.09484e-05)
    (3.6860 -1.17764e-05)
    (3.6865 -1.26188e-05)
    (3.6870 -1.34737e-05)
    (3.6875 -1.43392e-05)
    (3.6880 -1.52135e-05)
    (3.6885 -1.60945e-05)
    (3.6890 -1.69805e-05)
    (3.6895 -1.78695e-05)
    (3.6900 -1.87596e-05)
    (3.6905 -1.96488e-05)
    (3.6910 -2.05355e-05)
    (3.6915 -2.14188e-05)
    (3.6920 -2.2301e-05)
    (3.6925 -2.31855e-05)
    (3.6930 -2.40753e-05)
    (3.6935 -2.49735e-05)
    (3.6940 -2.5883e-05)
    (3.6945 -2.68071e-05)
    (3.6950 -2.77489e-05)
    (3.6955 -2.87113e-05)
    (3.6960 -2.96974e-05)
    (3.6965 -3.07104e-05)
    (3.6970 -3.17534e-05)
    (3.6975 -3.28293e-05)
    (3.6980 -3.39413e-05)
    (3.6985 -3.50925e-05)
    (3.6990 -3.6286e-05)
    (3.6995 -3.75249e-05)
    (3.7000 -3.8812e-05)
    (3.7005 -4.01506e-05)
    (3.7010 -4.15441e-05)
    (3.7015 -4.29956e-05)
    (3.7020 -4.45055e-05)
    (3.7025 -4.60729e-05)
    (3.7030 -4.76943e-05)
    (3.7035 -4.93659e-05)
    (3.7040 -5.10841e-05)
    (3.7045 -5.28457e-05)
    (3.7050 -5.46473e-05)
    (3.7055 -5.64855e-05)
    (3.7060 -5.83567e-05)
    (3.7065 -6.02576e-05)
    (3.7070 -6.21848e-05)
    (3.7075 -6.41349e-05)
    (3.7080 -6.61042e-05)
    (3.7085 -6.80893e-05)
    (3.7090 -7.00876e-05)
    (3.7095 -7.20974e-05)
    (3.7100 -7.41191e-05)
    (3.7105 -7.61539e-05)
    (3.7110 -7.82024e-05)
    (3.7115 -8.02653e-05)
    (3.7120 -8.23433e-05)
    (3.7125 -8.44371e-05)
    (3.7130 -8.65475e-05)
    (3.7135 -8.86751e-05)
    (3.7140 -9.08207e-05)
    (3.7145 -9.29849e-05)
    (3.7150 -9.51686e-05)
    (3.7155 -9.73725e-05)
    (3.7160 -9.95962e-05)
    (3.7165 -0.00010184)
    (3.7170 -0.000104102)
    (3.7175 -0.000106383)
    (3.7180 -0.000108681)
    (3.7185 -0.000110997)
    (3.7190 -0.000113329)
    (3.7195 -0.000115678)
    (3.7200 -0.000118041)
    (3.7205 -0.00012042)
    (3.7210 -0.000122813)
    (3.7215 -0.00012522)
    (3.7220 -0.00012764)
    (3.7225 -0.00013007)
    (3.7230 -0.000132507)
    (3.7235 -0.000134947)
    (3.7240 -0.000137386)
    (3.7245 -0.00013982)
    (3.7250 -0.000142244)
    (3.7255 -0.000144655)
    (3.7260 -0.00014705)
    (3.7265 -0.000149423)
    (3.7270 -0.000151771)
    (3.7275 -0.000154088)
    (3.7280 -0.000156379)
    (3.7285 -0.000158653)
    (3.7290 -0.000160928)
    (3.7295 -0.000163221)
    (3.7300 -0.000165552)
    (3.7305 -0.000167937)
    (3.7310 -0.000170393)
    (3.7315 -0.000172938)
    (3.7320 -0.000175592)
    (3.7325 -0.000178374)
    (3.7330 -0.000181285)
    (3.7335 -0.000184316)
    (3.7340 -0.000187435)
    (3.7345 -0.000190606)
    (3.7350 -0.000193797)
    (3.7355 -0.000196975)
    (3.7360 -0.000200109)
    (3.7365 -0.000203164)
    (3.7370 -0.000206111)
    (3.7375 -0.000208929)
    (3.7380 -0.000211633)
    (3.7385 -0.000214247)
    (3.7390 -0.000216793)
    (3.7395 -0.000219291)
    (3.7400 -0.000221765)
    (3.7405 -0.000224235)
    (3.7410 -0.000226724)
    (3.7415 -0.000229255)
    (3.7420 -0.000231847)
    (3.7425 -0.000234518)
    (3.7430 -0.000237259)
    (3.7435 -0.000240055)
    (3.7440 -0.000242894)
    (3.7445 -0.00024576)
    (3.7450 -0.00024864)
    (3.7455 -0.00025152)
    (3.7460 -0.000254386)
    (3.7465 -0.000257224)
    (3.7470 -0.000260019)
    (3.7475 -0.000262762)
    (3.7480 -0.000265465)
    (3.7485 -0.000268146)
    (3.7490 -0.000270826)
    (3.7495 -0.000273525)
    (3.7500 -0.00027626)
    (3.7505 -0.000279054)
    (3.7510 -0.000281923)
    (3.7515 -0.000284887)
    (3.7520 -0.000287969)
    (3.7525 -0.000291184)
    (3.7530 -0.000294517)
    (3.7535 -0.000297948)
    (3.7540 -0.000301453)
    (3.7545 -0.000305006)
    (3.7550 -0.000308582)
    (3.7555 -0.000312158)
    (3.7560 -0.000315708)
    (3.7565 -0.00031921)
    (3.7570 -0.000322637)
    (3.7575 -0.000325966)
    (3.7580 -0.000329194)
    (3.7585 -0.000332325)
    (3.7590 -0.000335366)
    (3.7595 -0.000338327)
    (3.7600 -0.000341213)
    (3.7605 -0.000344031)
    (3.7610 -0.000346791)
    (3.7615 -0.000349499)
    (3.7620 -0.000352158)
    (3.7625 -0.00035477)
    (3.7630 -0.00035733)
    (3.7635 -0.000359835)
    (3.7640 -0.000362281)
    (3.7645 -0.000364664)
    (3.7650 -0.00036698)
    (3.7655 -0.000369226)
    (3.7660 -0.000371398)
    (3.7665 -0.000373493)
    (3.7670 -0.000375506)
    (3.7675 -0.000377434)
    (3.7680 -0.000379273)
    (3.7685 -0.00038102)
    (3.7690 -0.000382683)
    (3.7695 -0.000384269)
    (3.7700 -0.000385786)
    (3.7705 -0.000387243)
    (3.7710 -0.000388648)
    (3.7715 -0.00039001)
    (3.7720 -0.000391337)
    (3.7725 -0.000392637)
    (3.7730 -0.000393919)
    (3.7735 -0.000395191)
    (3.7740 -0.000396461)
    (3.7745 -0.000397738)
    (3.7750 -0.00039903)
    (3.7755 -0.000400347)
    (3.7760 -0.000401688)
    (3.7765 -0.000403052)
    (3.7770 -0.000404434)
    (3.7775 -0.000405831)
    (3.7780 -0.000407237)
    (3.7785 -0.00040865)
    (3.7790 -0.000410065)
    (3.7795 -0.000411478)
    (3.7800 -0.000412885)
    (3.7805 -0.000414282)
    (3.7810 -0.000415665)
    (3.7815 -0.00041703)
    (3.7820 -0.000418373)
    (3.7825 -0.000419689)
    (3.7830 -0.000420977)
    (3.7835 -0.000422235)
    (3.7840 -0.000423464)
    (3.7845 -0.000424667)
    (3.7850 -0.000425843)
    (3.7855 -0.000426993)
    (3.7860 -0.000428119)
    (3.7865 -0.000429221)
    (3.7870 -0.0004303)
    (3.7875 -0.000431357)
    (3.7880 -0.000432394)
    (3.7885 -0.00043341)
    (3.7890 -0.000434408)
    (3.7895 -0.000435387)
    (3.7900 -0.00043635)
    (3.7905 -0.000437295)
    (3.7910 -0.000438226)
    (3.7915 -0.000439142)
    (3.7920 -0.000440041)
    (3.7925 -0.000440921)
    (3.7930 -0.000441777)
    (3.7935 -0.000442607)
    (3.7940 -0.000443406)
    (3.7945 -0.000444172)
    (3.7950 -0.0004449)
    (3.7955 -0.000445588)
    (3.7960 -0.000446231)
    (3.7965 -0.000446828)
    (3.7970 -0.000447376)
    (3.7975 -0.000447877)
    (3.7980 -0.000448331)
    (3.7985 -0.000448741)
    (3.7990 -0.000449107)
    (3.7995 -0.00044943)
    (3.8000 -0.000449712)
    (3.8005 -0.000449954)
    (3.8010 -0.000450156)
    (3.8015 -0.000450321)
    (3.8020 -0.000450448)
    (3.8025 -0.00045054)
    (3.8030 -0.000450597)
    (3.8035 -0.000450621)
    (3.8040 -0.000450613)
    (3.8045 -0.000450574)
    (3.8050 -0.000450505)
    (3.8055 -0.000450407)
    (3.8060 -0.000450281)
    (3.8065 -0.000450129)
    (3.8070 -0.000449952)
    (3.8075 -0.000449751)
    (3.8080 -0.000449526)
    (3.8085 -0.00044928)
    (3.8090 -0.000449013)
    (3.8095 -0.000448727)
    (3.8100 -0.000448422)
    (3.8105 -0.0004481)
    (3.8110 -0.00044776)
    (3.8115 -0.000447399)
    (3.8120 -0.000447012)
    (3.8125 -0.000446596)
    (3.8130 -0.000446147)
    (3.8135 -0.000445661)
    (3.8140 -0.000445133)
    (3.8145 -0.00044456)
    (3.8150 -0.000443938)
    (3.8155 -0.000443263)
    (3.8160 -0.000442531)
    (3.8165 -0.000441738)
    (3.8170 -0.00044088)
    (3.8175 -0.000439954)
    (3.8180 -0.000438954)
    (3.8185 -0.000437877)
    (3.8190 -0.000436722)
    (3.8195 -0.00043549)
    (3.8200 -0.000434188)
    (3.8205 -0.000432822)
    (3.8210 -0.000431399)
    (3.8215 -0.000429924)
    (3.8220 -0.000428404)
    (3.8225 -0.000426845)
    (3.8230 -0.000425254)
    (3.8235 -0.000423635)
    (3.8240 -0.000421996)
    (3.8245 -0.000420342)
    (3.8250 -0.00041868)
    (3.8255 -0.000417016)
    (3.8260 -0.000415356)
    (3.8265 -0.000413707)
    (3.8270 -0.000412072)
    (3.8275 -0.000410454)
    (3.8280 -0.000408852)
    (3.8285 -0.000407266)
    (3.8290 -0.000405697)
    (3.8295 -0.000404144)
    (3.8300 -0.000402607)
    (3.8305 -0.000401086)
    (3.8310 -0.000399582)
    (3.8315 -0.000398093)
    (3.8320 -0.000396621)
    (3.8325 -0.000395165)
    (3.8330 -0.000393725)
    (3.8335 -0.000392301)
    (3.8340 -0.000390893)
    (3.8345 -0.000389501)
    (3.8350 -0.000388125)
    (3.8355 -0.000386765)
    (3.8360 -0.000385418)
    (3.8365 -0.000384086)
    (3.8370 -0.000382767)
    (3.8375 -0.00038146)
    (3.8380 -0.000380165)
    (3.8385 -0.00037888)
    (3.8390 -0.000377607)
    (3.8395 -0.000376342)
    (3.8400 -0.000375087)
    (3.8405 -0.00037384)
    (3.8410 -0.0003726)
    (3.8415 -0.000371368)
    (3.8420 -0.000370141)
    (3.8425 -0.00036892)
    (3.8430 -0.000367703)
    (3.8435 -0.000366491)
    (3.8440 -0.000365285)
    (3.8445 -0.000364086)
    (3.8450 -0.000362898)
    (3.8455 -0.000361721)
    (3.8460 -0.000360559)
    (3.8465 -0.000359413)
    (3.8470 -0.000358285)
    (3.8475 -0.000357178)
    (3.8480 -0.000356094)
    (3.8485 -0.000355034)
    (3.8490 -0.000354)
    (3.8495 -0.000352996)
    (3.8500 -0.000352023)
    (3.8505 -0.000351082)
    (3.8510 -0.000350177)
    (3.8515 -0.000349309)
    (3.8520 -0.00034848)
    (3.8525 -0.00034769)
    (3.8530 -0.000346935)
    (3.8535 -0.000346211)
    (3.8540 -0.000345512)
    (3.8545 -0.000344836)
    (3.8550 -0.000344176)
    (3.8555 -0.000343529)
    (3.8560 -0.00034289)
    (3.8565 -0.000342255)
    (3.8570 -0.00034162)
    (3.8575 -0.000340979)
    (3.8580 -0.000340329)
    (3.8585 -0.000339665)
    (3.8590 -0.000338983)
    (3.8595 -0.000338278)
    (3.8600 -0.000337545)
    (3.8605 -0.00033678)
    (3.8610 -0.000335984)
    (3.8615 -0.000335159)
    (3.8620 -0.00033431)
    (3.8625 -0.000333444)
    (3.8630 -0.000332565)
    (3.8635 -0.000331678)
    (3.8640 -0.000330788)
    (3.8645 -0.000329901)
    (3.8650 -0.000329021)
    (3.8655 -0.000328153)
    (3.8660 -0.000327303)
    (3.8665 -0.000326476)
    (3.8670 -0.000325676)
    (3.8675 -0.000324909)
    (3.8680 -0.00032418)
    (3.8685 -0.000323495)
    (3.8690 -0.000322855)
    (3.8695 -0.000322259)
    (3.8700 -0.0003217)
    (3.8705 -0.000321171)
    (3.8710 -0.000320665)
    (3.8715 -0.000320177)
    (3.8720 -0.0003197)
    (3.8725 -0.000319227)
    (3.8730 -0.000318753)
    (3.8735 -0.00031827)
    (3.8740 -0.000317772)
    (3.8745 -0.000317254)
    (3.8750 -0.000316714)
    (3.8755 -0.000316153)
    (3.8760 -0.00031557)
    (3.8765 -0.000314967)
    (3.8770 -0.000314343)
    (3.8775 -0.000313698)
    (3.8780 -0.000313032)
    (3.8785 -0.000312346)
    (3.8790 -0.000311641)
    (3.8795 -0.000310915)
    (3.8800 -0.000310169)
    (3.8805 -0.000309404)
    (3.8810 -0.00030862)
    (3.8815 -0.000307816)
    (3.8820 -0.000306993)
    (3.8825 -0.000306151)
    (3.8830 -0.000305291)
    (3.8835 -0.000304412)
    (3.8840 -0.000303515)
    (3.8845 -0.0003026)
    (3.8850 -0.000301667)
    (3.8855 -0.000300716)
    (3.8860 -0.000299748)
    (3.8865 -0.000298762)
    (3.8870 -0.000297759)
    (3.8875 -0.000296739)
    (3.8880 -0.000295702)
    (3.8885 -0.000294649)
    (3.8890 -0.000293579)
    (3.8895 -0.000292493)
    (3.8900 -0.000291391)
    (3.8905 -0.000290273)
    (3.8910 -0.000289139)
    (3.8915 -0.000287989)
    (3.8920 -0.000286825)
    (3.8925 -0.000285645)
    (3.8930 -0.00028445)
    (3.8935 -0.000283241)
    (3.8940 -0.000282016)
    (3.8945 -0.000280778)
    (3.8950 -0.000279525)
    (3.8955 -0.000278258)
    (3.8960 -0.000276981)
    (3.8965 -0.000275695)
    (3.8970 -0.000274404)
    (3.8975 -0.000273111)
    (3.8980 -0.00027182)
    (3.8985 -0.000270533)
    (3.8990 -0.000269254)
    (3.8995 -0.000267986)
    (3.9000 -0.000266733)
    (3.9005 -0.000265496)
    (3.9010 -0.000264281)
    (3.9015 -0.000263089)
    (3.9020 -0.000261924)
    (3.9025 -0.000260789)
    (3.9030 -0.000259687)
    (3.9035 -0.000258623)
    (3.9040 -0.000257596)
    (3.9045 -0.000256606)
    (3.9050 -0.000255649)
    (3.9055 -0.00025472)
    (3.9060 -0.000253815)
    (3.9065 -0.000252929)
    (3.9070 -0.000252059)
    (3.9075 -0.000251199)
    (3.9080 -0.000250346)
    (3.9085 -0.000249496)
    (3.9090 -0.000248644)
    (3.9095 -0.000247786)
    (3.9100 -0.000246918)
    (3.9105 -0.000246035)
    (3.9110 -0.000245134)
    (3.9115 -0.000244209)
    (3.9120 -0.000243257)
    (3.9125 -0.000242273)
    (3.9130 -0.000241258)
    (3.9135 -0.000240213)
    (3.9140 -0.00023914)
    (3.9145 -0.000238041)
    (3.9150 -0.00023692)
    (3.9155 -0.000235778)
    (3.9160 -0.000234617)
    (3.9165 -0.000233441)
    (3.9170 -0.00023225)
    (3.9175 -0.000231048)
    (3.9180 -0.000229837)
    (3.9185 -0.000228618)
    (3.9190 -0.000227395)
    (3.9195 -0.00022617)
    (3.9200 -0.000224945)
    (3.9205 -0.000223722)
    (3.9210 -0.000222503)
    (3.9215 -0.000221291)
    (3.9220 -0.000220084)
    (3.9225 -0.000218883)
    (3.9230 -0.000217687)
    (3.9235 -0.000216496)
    (3.9240 -0.00021531)
    (3.9245 -0.000214129)
    (3.9250 -0.000212951)
    (3.9255 -0.000211777)
    (3.9260 -0.000210607)
    (3.9265 -0.000209441)
    (3.9270 -0.000208277)
    (3.9275 -0.000207116)
    (3.9280 -0.000205957)
    (3.9285 -0.0002048)
    (3.9290 -0.000203646)
    (3.9295 -0.000202492)
    (3.9300 -0.00020134)
    (3.9305 -0.000200188)
    (3.9310 -0.000199035)
    (3.9315 -0.00019788)
    (3.9320 -0.000196722)
    (3.9325 -0.000195559)
    (3.9330 -0.00019439)
    (3.9335 -0.000193215)
    (3.9340 -0.000192032)
    (3.9345 -0.00019084)
    (3.9350 -0.000189638)
    (3.9355 -0.000188424)
    (3.9360 -0.000187198)
    (3.9365 -0.000185958)
    (3.9370 -0.000184704)
    (3.9375 -0.000183433)
    (3.9380 -0.000182146)
    (3.9385 -0.00018084)
    (3.9390 -0.000179518)
    (3.9395 -0.000178182)
    (3.9400 -0.000176834)
    (3.9405 -0.000175477)
    (3.9410 -0.000174114)
    (3.9415 -0.000172748)
    (3.9420 -0.00017138)
    (3.9425 -0.000170014)
    (3.9430 -0.000168651)
    (3.9435 -0.000167296)
    (3.9440 -0.00016595)
    (3.9445 -0.000164616)
    (3.9450 -0.000163296)
    (3.9455 -0.000161993)
    (3.9460 -0.000160711)
    (3.9465 -0.000159451)
    (3.9470 -0.000158213)
    (3.9475 -0.000156998)
    (3.9480 -0.000155801)
    (3.9485 -0.000154621)
    (3.9490 -0.000153456)
    (3.9495 -0.000152303)
    (3.9500 -0.00015116)
    (3.9505 -0.000150024)
    (3.9510 -0.000148894)
    (3.9515 -0.000147767)
    (3.9520 -0.00014664)
    (3.9525 -0.000145512)
    (3.9530 -0.00014438)
    (3.9535 -0.000143243)
    (3.9540 -0.000142096)
    (3.9545 -0.000140939)
    (3.9550 -0.00013977)
    (3.9555 -0.000138585)
    (3.9560 -0.000137382)
    (3.9565 -0.000136159)
    (3.9570 -0.000134915)
    (3.9575 -0.000133647)
    (3.9580 -0.000132358)
    (3.9585 -0.000131049)
    (3.9590 -0.000129722)
    (3.9595 -0.000128379)
    (3.9600 -0.000127021)
    (3.9605 -0.000125651)
    (3.9610 -0.00012427)
    (3.9615 -0.00012288)
    (3.9620 -0.000121483)
    (3.9625 -0.00012008)
    (3.9630 -0.000118674)
    (3.9635 -0.000117265)
    (3.9640 -0.000115857)
    (3.9645 -0.00011445)
    (3.9650 -0.000113047)
    (3.9655 -0.00011165)
    (3.9660 -0.000110258)
    (3.9665 -0.000108872)
    (3.9670 -0.00010749)
    (3.9675 -0.000106109)
    (3.9680 -0.000104728)
    (3.9685 -0.000103344)
    (3.9690 -0.000101956)
    (3.9695 -0.000100562)
    (3.9700 -9.91593e-05)
    (3.9705 -9.77467e-05)
    (3.9710 -9.63222e-05)
    (3.9715 -9.48837e-05)
    (3.9720 -9.34293e-05)
    (3.9725 -9.19573e-05)
    (3.9730 -9.04653e-05)
    (3.9735 -8.89516e-05)
    (3.9740 -8.74153e-05)
    (3.9745 -8.58563e-05)
    (3.9750 -8.42754e-05)
    (3.9755 -8.26733e-05)
    (3.9760 -8.10509e-05)
    (3.9765 -7.94087e-05)
    (3.9770 -7.77474e-05)
    (3.9775 -7.60679e-05)
    (3.9780 -7.43707e-05)
    (3.9785 -7.26565e-05)
    (3.9790 -7.09262e-05)
    (3.9795 -6.91805e-05)
    (3.9800 -6.74198e-05)
    (3.9805 -6.56448e-05)
    (3.9810 -6.38573e-05)
    (3.9815 -6.206e-05)
    (3.9820 -6.0258e-05)
    (3.9825 -5.84566e-05)
    (3.9830 -5.66607e-05)
    (3.9835 -5.48754e-05)
    (3.9840 -5.31056e-05)
    (3.9845 -5.13564e-05)
    (3.9850 -4.96329e-05)
    (3.9855 -4.79399e-05)
    (3.9860 -4.62827e-05)
    (3.9865 -4.46663e-05)
    (3.9870 -4.30954e-05)
    (3.9875 -4.15749e-05)
    (3.9880 -4.0111e-05)
    (3.9885 -3.87087e-05)
    (3.9890 -3.73682e-05)
    (3.9895 -3.60867e-05)
    (3.9900 -3.48555e-05)
    (3.9905 -3.36642e-05)
    (3.9910 -3.25039e-05)
    (3.9915 -3.13658e-05)
    (3.9920 -3.02409e-05)
    (3.9925 -2.91202e-05)
    (3.9930 -2.79943e-05)
    (3.9935 -2.68541e-05)
    (3.9940 -2.56917e-05)
    (3.9945 -2.44984e-05)
    (3.9950 -2.32607e-05)
    (3.9955 -2.19686e-05)
    (3.9960 -2.0629e-05)
    (3.9965 -1.92371e-05)
    (3.9970 -1.77242e-05)
    (3.9975 -1.60653e-05)
    (3.9980 -1.44739e-05)
    (3.9985 -1.30008e-05)
    (3.9990 -1.08059e-05)
    (3.9995 -6.82651e-06)
    (4.0000 0)
    (4.0005 0)
    (4.0010 0)
    (4.0015 0)
    (4.0020 0)
    (4.0025 0)
    (4.0030 0)
    (4.0035 0)
    (4.0040 0)
    (4.0045 0)
    (4.0050 0)
    (4.0055 0)
    (4.0060 0)
    (4.0065 0)
    (4.0070 0)
    (4.0075 0)
    (4.0080 0)
    (4.0085 0)
    (4.0090 0)
    (4.0095 0)
    (4.0100 0)
    (4.0105 0)
    (4.0110 0)
    (4.0115 0)
    (4.0120 0)
    (4.0125 0)
    (4.0130 0)
    (4.0135 0)
    (4.0140 0)
    (4.0145 0)
    (4.0150 0)
    (4.0155 0)
    (4.0160 0)
    (4.0165 0)
    (4.0170 0)
    (4.0175 0)
    (4.0180 0)
    (4.0185 0)
    (4.0190 0)
    (4.0195 0)
    (4.0200 0)
    (4.0205 0)
    (4.0210 0)
    (4.0215 0)
    (4.0220 0)
    (4.0225 0)
    (4.0230 0)
    (4.0235 0)
    (4.0240 0)
    (4.0245 0)
    (4.0250 0)
    (4.0255 0)
    (4.0260 0)
    (4.0265 0)
    (4.0270 0)
    (4.0275 0)
    (4.0280 0)
    (4.0285 0)
    (4.0290 0)
    (4.0295 0)
    (4.0300 0)
    (4.0305 0)
    (4.0310 0)
    (4.0315 0)
    (4.0320 0)
    (4.0325 0)
    (4.0330 0)
    (4.0335 0)
    (4.0340 0)
    (4.0345 0)
    (4.0350 0)
    (4.0355 0)
    (4.0360 0)
    (4.0365 0)
    (4.0370 0)
    (4.0375 0)
    (4.0380 0)
    (4.0385 0)
    (4.0390 0)
    (4.0395 0)
    (4.0400 0)
    (4.0405 0)
    (4.0410 0)
    (4.0415 0)
    (4.0420 0)
    (4.0425 0)
    (4.0430 0)
    (4.0435 0)
    (4.0440 0)
    (4.0445 0)
    (4.0450 0)
    (4.0455 0)
    (4.0460 0)
    (4.0465 0)
    (4.0470 0)
    (4.0475 0)
    (4.0480 0)
    (4.0485 0)
    (4.0490 0)
    (4.0495 0)
    (4.0500 0)
    (4.0505 0)
    (4.0510 0)
    (4.0515 0)
    (4.0520 0)
    (4.0525 0)
    (4.0530 0)
    (4.0535 0)
    (4.0540 0)
    (4.0545 0)
    (4.0550 0)
    (4.0555 0)
    (4.0560 0)
    (4.0565 0)
    (4.0570 0)
    (4.0575 0)
    (4.0580 0)
    (4.0585 0)
    (4.0590 0)
    (4.0595 0)
    (4.0600 0)
    (4.0605 0)
    (4.0610 0)
    (4.0615 0)
    (4.0620 0)
    (4.0625 0)
    (4.0630 0)
    (4.0635 0)
    (4.0640 0)
    (4.0645 0)
    (4.0650 0)
    (4.0655 0)
    (4.0660 0)
    (4.0665 0)
    (4.0670 0)
    (4.0675 0)
    (4.0680 0)
    (4.0685 0)
    (4.0690 0)
    (4.0695 0)
    (4.0700 0)
    (4.0705 0)
    (4.0710 0)
    (4.0715 0)
    (4.0720 0)
    (4.0725 0)
    (4.0730 0)
    (4.0735 0)
    (4.0740 0)
    (4.0745 0)
    (4.0750 0)
    (4.0755 0)
    (4.0760 0)
    (4.0765 0)
    (4.0770 0)
    (4.0775 0)
    (4.0780 0)
    (4.0785 0)
    (4.0790 0)
    (4.0795 0)
    (4.0800 0)
    (4.0805 0)
    (4.0810 0)
    (4.0815 0)
    (4.0820 0)
    (4.0825 0)
    (4.0830 0)
    (4.0835 0)
    (4.0840 0)
    (4.0845 0)
    (4.0850 0)
    (4.0855 0)
    (4.0860 0)
    (4.0865 0)
    (4.0870 0)
    (4.0875 0)
    (4.0880 0)
    (4.0885 0)
    (4.0890 0)
    (4.0895 0)
    (4.0900 0)
    (4.0905 0)
    (4.0910 0)
    (4.0915 0)
    (4.0920 0)
    (4.0925 0)
    (4.0930 0)
    (4.0935 0)
    (4.0940 0)
    (4.0945 0)
    (4.0950 0)
    (4.0955 0)
    (4.0960 0)
    (4.0965 0)
    (4.0970 0)
    (4.0975 0)
    (4.0980 0)
    (4.0985 0)
    (4.0990 0)
    (4.0995 0)
    (4.1000 0)
    (4.1005 0)
    (4.1010 0)
    (4.1015 0)
    (4.1020 0)
    (4.1025 0)
    (4.1030 0)
    (4.1035 0)
    (4.1040 0)
    (4.1045 0)
    (4.1050 0)
    (4.1055 0)
    (4.1060 0)
    (4.1065 0)
    (4.1070 0)
    (4.1075 0)
    (4.1080 0)
    (4.1085 0)
    (4.1090 0)
    (4.1095 0)
    (4.1100 0)
    (4.1105 0)
    (4.1110 0)
    (4.1115 0)
    (4.1120 0)
    (4.1125 0)
    (4.1130 0)
    (4.1135 0)
    (4.1140 0)
    (4.1145 0)
    (4.1150 0)
    (4.1155 0)
    (4.1160 0)
    (4.1165 0)
    (4.1170 0)
    (4.1175 0)
    (4.1180 0)
    (4.1185 0)
    (4.1190 0)
    (4.1195 0)
    (4.1200 0)
    (4.1205 0)
    (4.1210 0)
    (4.1215 0)
    (4.1220 0)
    (4.1225 0)
    (4.1230 0)
    (4.1235 0)
    (4.1240 0)
    (4.1245 0)
    (4.1250 0)
    (4.1255 0)
    (4.1260 0)
    (4.1265 0)
    (4.1270 0)
    (4.1275 0)
    (4.1280 0)
    (4.1285 0)
    (4.1290 0)
    (4.1295 0)
    (4.1300 0)
    (4.1305 0)
    (4.1310 0)
    (4.1315 0)
    (4.1320 0)
    (4.1325 0)
    (4.1330 0)
    (4.1335 0)
    (4.1340 0)
    (4.1345 0)
    (4.1350 0)
    (4.1355 0)
    (4.1360 0)
    (4.1365 0)
    (4.1370 0)
    (4.1375 0)
    (4.1380 0)
    (4.1385 0)
    (4.1390 0)
    (4.1395 0)
    (4.1400 0)
    (4.1405 0)
    (4.1410 0)
    (4.1415 0)
    (4.1420 0)
    (4.1425 0)
    (4.1430 0)
    (4.1435 0)
    (4.1440 0)
    (4.1445 0)
    (4.1450 0)
    (4.1455 0)
    (4.1460 0)
    (4.1465 0)
    (4.1470 0)
    (4.1475 0)
    (4.1480 0)
    (4.1485 0)
    (4.1490 0)
    (4.1495 0)
    (4.1500 0)
    (4.1505 0)
    (4.1510 0)
    (4.1515 0)
    (4.1520 0)
    (4.1525 0)
    (4.1530 0)
    (4.1535 0)
    (4.1540 0)
    (4.1545 0)
    (4.1550 0)
    (4.1555 0)
    (4.1560 0)
    (4.1565 0)
    (4.1570 0)
    (4.1575 0)
    (4.1580 0)
    (4.1585 0)
    (4.1590 0)
    (4.1595 0)
    (4.1600 0)
    (4.1605 0)
    (4.1610 0)
    (4.1615 0)
    (4.1620 0)
    (4.1625 0)
    (4.1630 0)
    (4.1635 0)
    (4.1640 0)
    (4.1645 0)
    (4.1650 0)
    (4.1655 0)
    (4.1660 0)
    (4.1665 0)
    (4.1670 0)
    (4.1675 0)
    (4.1680 0)
    (4.1685 0)
    (4.1690 0)
    (4.1695 0)
    (4.1700 0)
    (4.1705 0)
    (4.1710 0)
    (4.1715 0)
    (4.1720 0)
    (4.1725 0)
    (4.1730 0)
    (4.1735 0)
    (4.1740 0)
    (4.1745 0)
    (4.1750 0)
    (4.1755 0)
    (4.1760 0)
    (4.1765 0)
    (4.1770 0)
    (4.1775 0)
    (4.1780 0)
    (4.1785 0)
    (4.1790 0)
    (4.1795 0)
    (4.1800 0)
    (4.1805 0)
    (4.1810 0)
    (4.1815 0)
    (4.1820 0)
    (4.1825 0)
    (4.1830 0)
    (4.1835 0)
    (4.1840 0)
    (4.1845 0)
    (4.1850 0)
    (4.1855 0)
    (4.1860 0)
    (4.1865 0)
    (4.1870 0)
    (4.1875 0)
    (4.1880 0)
    (4.1885 0)
    (4.1890 0)
    (4.1895 0)
    (4.1900 0)
    (4.1905 0)
    (4.1910 0)
    (4.1915 0)
    (4.1920 0)
    (4.1925 0)
    (4.1930 0)
    (4.1935 0)
    (4.1940 0)
    (4.1945 0)
    (4.1950 0)
    (4.1955 0)
    (4.1960 0)
    (4.1965 0)
    (4.1970 0)
    (4.1975 0)
    (4.1980 0)
    (4.1985 0)
    (4.1990 0)
    (4.1995 0)
    (4.2000 0)
    (4.2005 0)
    (4.2010 0)
    (4.2015 0)
    (4.2020 0)
    (4.2025 0)
    (4.2030 0)
    (4.2035 0)
    (4.2040 0)
    (4.2045 0)
    (4.2050 0)
    (4.2055 0)
    (4.2060 0)
    (4.2065 0)
    (4.2070 0)
    (4.2075 0)
    (4.2080 0)
    (4.2085 0)
    (4.2090 0)
    (4.2095 0)
    (4.2100 0)
    (4.2105 0)
    (4.2110 0)
    (4.2115 0)
    (4.2120 0)
    (4.2125 0)
    (4.2130 0)
    (4.2135 0)
    (4.2140 0)
    (4.2145 0)
    (4.2150 0)
    (4.2155 0)
    (4.2160 0)
    (4.2165 0)
    (4.2170 0)
    (4.2175 0)
    (4.2180 0)
    (4.2185 0)
    (4.2190 0)
    (4.2195 0)
    (4.2200 0)
    (4.2205 0)
    (4.2210 0)
    (4.2215 0)
    (4.2220 0)
    (4.2225 0)
    (4.2230 0)
    (4.2235 0)
    (4.2240 0)
    (4.2245 0)
    (4.2250 0)
    (4.2255 0)
    (4.2260 0)
    (4.2265 0)
    (4.2270 0)
    (4.2275 0)
    (4.2280 0)
    (4.2285 0)
    (4.2290 0)
    (4.2295 0)
    (4.2300 0)
    (4.2305 0)
    (4.2310 0)
    (4.2315 0)
    (4.2320 0)
    (4.2325 0)
    (4.2330 0)
    (4.2335 0)
    (4.2340 0)
    (4.2345 0)
    (4.2350 0)
    (4.2355 0)
    (4.2360 0)
    (4.2365 0)
    (4.2370 0)
    (4.2375 0)
    (4.2380 0)
    (4.2385 0)
    (4.2390 0)
    (4.2395 0)
    (4.2400 0)
    (4.2405 0)
    (4.2410 0)
    (4.2415 0)
    (4.2420 0)
    (4.2425 0)
    (4.2430 0)
    (4.2435 0)
    (4.2440 0)
    (4.2445 0)
    (4.2450 0)
    (4.2455 0)
    (4.2460 0)
    (4.2465 0)
    (4.2470 0)
    (4.2475 0)
    (4.2480 0)
    (4.2485 0)
    (4.2490 0)
    (4.2495 0)
    (4.2500 0)
    (4.2505 0)
    (4.2510 0)
    (4.2515 0)
    (4.2520 0)
    (4.2525 0)
    (4.2530 0)
    (4.2535 0)
    (4.2540 0)
    (4.2545 0)
    (4.2550 0)
    (4.2555 0)
    (4.2560 0)
    (4.2565 0)
    (4.2570 0)
    (4.2575 0)
    (4.2580 0)
    (4.2585 0)
    (4.2590 0)
    (4.2595 0)
    (4.2600 0)
    (4.2605 0)
    (4.2610 0)
    (4.2615 0)
    (4.2620 0)
    (4.2625 0)
    (4.2630 0)
    (4.2635 0)
    (4.2640 0)
    (4.2645 0)
    (4.2650 0)
    (4.2655 0)
    (4.2660 0)
    (4.2665 0)
    (4.2670 0)
    (4.2675 0)
    (4.2680 0)
    (4.2685 0)
    (4.2690 0)
    (4.2695 0)
    (4.2700 0)
    (4.2705 0)
    (4.2710 0)
    (4.2715 0)
    (4.2720 0)
    (4.2725 0)
    (4.2730 0)
    (4.2735 0)
    (4.2740 0)
    (4.2745 0)
    (4.2750 0)
    (4.2755 0)
    (4.2760 0)
    (4.2765 0)
    (4.2770 0)
    (4.2775 0)
    (4.2780 0)
    (4.2785 0)
    (4.2790 0)
    (4.2795 0)
    (4.2800 0)
    (4.2805 0)
    (4.2810 0)
    (4.2815 0)
    (4.2820 0)
    (4.2825 0)
    (4.2830 0)
    (4.2835 0)
    (4.2840 0)
    (4.2845 0)
    (4.2850 0)
    (4.2855 0)
    (4.2860 0)
    (4.2865 0)
    (4.2870 0)
    (4.2875 0)
    (4.2880 0)
    (4.2885 0)
    (4.2890 0)
    (4.2895 0)
    (4.2900 0)
    (4.2905 0)
    (4.2910 0)
    (4.2915 0)
    (4.2920 0)
    (4.2925 0)
    (4.2930 0)
    (4.2935 0)
    (4.2940 0)
    (4.2945 0)
    (4.2950 0)
    (4.2955 0)
    (4.2960 0)
    (4.2965 0)
    (4.2970 0)
    (4.2975 0)
    (4.2980 0)
    (4.2985 0)
    (4.2990 0)
    (4.2995 0)
    (4.3000 0)
    (4.3005 0)
    (4.3010 0)
    (4.3015 0)
    (4.3020 0)
    (4.3025 0)
    (4.3030 0)
    (4.3035 0)
    (4.3040 0)
    (4.3045 0)
    (4.3050 0)
    (4.3055 0)
    (4.3060 0)
    (4.3065 0)
    (4.3070 0)
    (4.3075 0)
    (4.3080 0)
    (4.3085 0)
    (4.3090 0)
    (4.3095 0)
    (4.3100 0)
    (4.3105 0)
    (4.3110 0)
    (4.3115 0)
    (4.3120 0)
    (4.3125 0)
    (4.3130 0)
    (4.3135 0)
    (4.3140 0)
    (4.3145 0)
    (4.3150 0)
    (4.3155 0)
    (4.3160 0)
    (4.3165 0)
    (4.3170 0)
    (4.3175 0)
    (4.3180 0)
    (4.3185 0)
    (4.3190 0)
    (4.3195 0)
    (4.3200 0)
    (4.3205 0)
    (4.3210 0)
    (4.3215 0)
    (4.3220 0)
    (4.3225 0)
    (4.3230 0)
    (4.3235 0)
    (4.3240 0)
    (4.3245 0)
    (4.3250 0)
    (4.3255 0)
    (4.3260 0)
    (4.3265 0)
    (4.3270 0)
    (4.3275 0)
    (4.3280 0)
    (4.3285 0)
    (4.3290 0)
    (4.3295 0)
    (4.3300 0)
    (4.3305 0)
    (4.3310 0)
    (4.3315 0)
    (4.3320 0)
    (4.3325 0)
    (4.3330 0)
    (4.3335 0)
    (4.3340 0)
    (4.3345 0)
    (4.3350 0)
    (4.3355 0)
    (4.3360 0)
    (4.3365 0)
    (4.3370 0)
    (4.3375 0)
    (4.3380 0)
    (4.3385 0)
    (4.3390 0)
    (4.3395 0)
    (4.3400 0)
    (4.3405 0)
    (4.3410 0)
    (4.3415 0)
    (4.3420 0)
    (4.3425 0)
    (4.3430 0)
    (4.3435 0)
    (4.3440 0)
    (4.3445 0)
    (4.3450 0)
    (4.3455 0)
    (4.3460 0)
    (4.3465 0)
    (4.3470 0)
    (4.3475 0)
    (4.3480 0)
    (4.3485 0)
    (4.3490 0)
    (4.3495 0)
    (4.3500 0)
    (4.3505 0)
    (4.3510 0)
    (4.3515 0)
    (4.3520 0)
    (4.3525 0)
    (4.3530 0)
    (4.3535 0)
    (4.3540 0)
    (4.3545 0)
    (4.3550 0)
    (4.3555 0)
    (4.3560 0)
    (4.3565 0)
    (4.3570 0)
    (4.3575 0)
    (4.3580 0)
    (4.3585 0)
    (4.3590 0)
    (4.3595 0)
    (4.3600 0)
    (4.3605 0)
    (4.3610 0)
    (4.3615 0)
    (4.3620 0)
    (4.3625 0)
    (4.3630 0)
    (4.3635 0)
    (4.3640 0)
    (4.3645 0)
    (4.3650 0)
    (4.3655 0)
    (4.3660 0)
    (4.3665 0)
    (4.3670 0)
    (4.3675 0)
    (4.3680 0)
    (4.3685 0)
    (4.3690 0)
    (4.3695 0)
    (4.3700 0)
    (4.3705 0)
    (4.3710 0)
    (4.3715 0)
    (4.3720 0)
    (4.3725 0)
    (4.3730 0)
    (4.3735 0)
    (4.3740 0)
    (4.3745 0)
    (4.3750 0)
    (4.3755 0)
    (4.3760 0)
    (4.3765 0)
    (4.3770 0)
    (4.3775 0)
    (4.3780 0)
    (4.3785 0)
    (4.3790 0)
    (4.3795 0)
    (4.3800 0)
    (4.3805 0)
    (4.3810 0)
    (4.3815 0)
    (4.3820 0)
    (4.3825 0)
    (4.3830 0)
    (4.3835 0)
    (4.3840 0)
    (4.3845 0)
    (4.3850 0)
    (4.3855 0)
    (4.3860 0)
    (4.3865 0)
    (4.3870 0)
    (4.3875 0)
    (4.3880 0)
    (4.3885 0)
    (4.3890 0)
    (4.3895 0)
    (4.3900 0)
    (4.3905 0)
    (4.3910 0)
    (4.3915 0)
    (4.3920 0)
    (4.3925 0)
    (4.3930 0)
    (4.3935 0)
    (4.3940 0)
    (4.3945 0)
    (4.3950 0)
    (4.3955 0)
    (4.3960 0)
    (4.3965 0)
    (4.3970 0)
    (4.3975 0)
    (4.3980 0)
    (4.3985 0)
    (4.3990 0)
    (4.3995 0)
    (4.4000 0)
    (4.4005 0)
    (4.4010 0)
    (4.4015 0)
    (4.4020 0)
    (4.4025 0)
    (4.4030 0)
    (4.4035 0)
    (4.4040 0)
    (4.4045 0)
    (4.4050 0)
    (4.4055 0)
    (4.4060 0)
    (4.4065 0)
    (4.4070 0)
    (4.4075 0)
    (4.4080 0)
    (4.4085 0)
    (4.4090 0)
    (4.4095 0)
    (4.4100 0)
    (4.4105 0)
    (4.4110 0)
    (4.4115 0)
    (4.4120 0)
    (4.4125 0)
    (4.4130 0)
    (4.4135 0)
    (4.4140 0)
    (4.4145 0)
    (4.4150 0)
    (4.4155 0)
    (4.4160 0)
    (4.4165 0)
    (4.4170 0)
    (4.4175 0)
    (4.4180 0)
    (4.4185 0)
    (4.4190 0)
    (4.4195 0)
    (4.4200 0)
    (4.4205 0)
    (4.4210 0)
    (4.4215 0)
    (4.4220 0)
    (4.4225 0)
    (4.4230 0)
    (4.4235 0)
    (4.4240 0)
    (4.4245 0)
    (4.4250 0)
    (4.4255 0)
    (4.4260 0)
    (4.4265 0)
    (4.4270 0)
    (4.4275 0)
    (4.4280 0)
    (4.4285 0)
    (4.4290 0)
    (4.4295 0)
    (4.4300 0)
    (4.4305 0)
    (4.4310 0)
    (4.4315 0)
    (4.4320 0)
    (4.4325 0)
    (4.4330 0)
    (4.4335 0)
    (4.4340 0)
    (4.4345 0)
    (4.4350 0)
    (4.4355 0)
    (4.4360 0)
    (4.4365 0)
    (4.4370 0)
    (4.4375 0)
    (4.4380 0)
    (4.4385 0)
    (4.4390 0)
    (4.4395 0)
    (4.4400 0)
    (4.4405 0)
    (4.4410 0)
    (4.4415 0)
    (4.4420 0)
    (4.4425 0)
    (4.4430 0)
    (4.4435 0)
    (4.4440 0)
    (4.4445 0)
    (4.4450 0)
    (4.4455 0)
    (4.4460 0)
    (4.4465 0)
    (4.4470 0)
    (4.4475 0)
    (4.4480 0)
    (4.4485 0)
    (4.4490 0)
    (4.4495 0)
    (4.4500 0)
    (4.4505 0)
    (4.4510 0)
    (4.4515 0)
    (4.4520 0)
    (4.4525 0)
    (4.4530 0)
    (4.4535 0)
    (4.4540 0)
    (4.4545 0)
    (4.4550 0)
    (4.4555 0)
    (4.4560 0)
    (4.4565 0)
    (4.4570 0)
    (4.4575 0)
    (4.4580 0)
    (4.4585 0)
    (4.4590 0)
    (4.4595 0)
    (4.4600 0)
    (4.4605 0)
    (4.4610 0)
    (4.4615 0)
    (4.4620 0)
    (4.4625 0)
    (4.4630 0)
    (4.4635 0)
    (4.4640 0)
    (4.4645 0)
    (4.4650 0)
    (4.4655 0)
    (4.4660 0)
    (4.4665 0)
    (4.4670 0)
    (4.4675 0)
    (4.4680 0)
    (4.4685 0)
    (4.4690 0)
    (4.4695 0)
    (4.4700 0)
    (4.4705 0)
    (4.4710 0)
    (4.4715 0)
    (4.4720 0)
    (4.4725 0)
    (4.4730 0)
    (4.4735 0)
    (4.4740 0)
    (4.4745 0)
    (4.4750 0)
    (4.4755 0)
    (4.4760 0)
    (4.4765 0)
    (4.4770 0)
    (4.4775 0)
    (4.4780 0)
    (4.4785 0)
    (4.4790 0)
    (4.4795 0)
    (4.4800 0)
    (4.4805 0)
    (4.4810 0)
    (4.4815 0)
    (4.4820 0)
    (4.4825 0)
    (4.4830 0)
    (4.4835 0)
    (4.4840 0)
    (4.4845 0)
    (4.4850 0)
    (4.4855 0)
    (4.4860 0)
    (4.4865 0)
    (4.4870 0)
    (4.4875 0)
    (4.4880 0)
    (4.4885 0)
    (4.4890 0)
    (4.4895 0)
    (4.4900 0)
    (4.4905 0)
    (4.4910 0)
    (4.4915 0)
    (4.4920 0)
    (4.4925 0)
    (4.4930 0)
    (4.4935 0)
    (4.4940 0)
    (4.4945 0)
    (4.4950 0)
    (4.4955 0)
    (4.4960 0)
    (4.4965 0)
    (4.4970 0)
    (4.4975 0)
    (4.4980 0)
    (4.4985 0)
    (4.4990 0)
    (4.4995 0)
    (4.5000 0)
    (4.5005 0)
    (4.5010 0)
    (4.5015 0)
    (4.5020 0)
    (4.5025 0)
    (4.5030 0)
    (4.5035 0)
    (4.5040 0)
    (4.5045 0)
    (4.5050 0)
    (4.5055 0)
    (4.5060 0)
    (4.5065 0)
    (4.5070 0)
    (4.5075 0)
    (4.5080 0)
    (4.5085 0)
    (4.5090 0)
    (4.5095 0)
    (4.5100 0)
    (4.5105 0)
    (4.5110 0)
    (4.5115 0)
    (4.5120 0)
    (4.5125 0)
    (4.5130 0)
    (4.5135 0)
    (4.5140 0)
    (4.5145 0)
    (4.5150 0)
    (4.5155 0)
    (4.5160 0)
    (4.5165 0)
    (4.5170 0)
    (4.5175 0)
    (4.5180 0)
    (4.5185 0)
    (4.5190 0)
    (4.5195 0)
    (4.5200 0)
    (4.5205 0)
    (4.5210 0)
    (4.5215 0)
    (4.5220 0)
    (4.5225 0)
    (4.5230 0)
    (4.5235 0)
    (4.5240 0)
    (4.5245 0)
    (4.5250 0)
    (4.5255 0)
    (4.5260 0)
    (4.5265 0)
    (4.5270 0)
    (4.5275 0)
    (4.5280 0)
    (4.5285 0)
    (4.5290 0)
    (4.5295 0)
    (4.5300 0)
    (4.5305 0)
    (4.5310 0)
    (4.5315 0)
    (4.5320 0)
    (4.5325 0)
    (4.5330 0)
    (4.5335 0)
    (4.5340 0)
    (4.5345 0)
    (4.5350 0)
    (4.5355 0)
    (4.5360 0)
    (4.5365 0)
    (4.5370 0)
    (4.5375 0)
    (4.5380 0)
    (4.5385 0)
    (4.5390 0)
    (4.5395 0)
    (4.5400 0)
    (4.5405 0)
    (4.5410 0)
    (4.5415 0)
    (4.5420 0)
    (4.5425 0)
    (4.5430 0)
    (4.5435 0)
    (4.5440 0)
    (4.5445 0)
    (4.5450 0)
    (4.5455 0)
    (4.5460 0)
    (4.5465 0)
    (4.5470 0)
    (4.5475 0)
    (4.5480 0)
    (4.5485 0)
    (4.5490 0)
    (4.5495 0)
    (4.5500 0)
    (4.5505 0)
    (4.5510 0)
    (4.5515 0)
    (4.5520 0)
    (4.5525 0)
    (4.5530 0)
    (4.5535 0)
    (4.5540 0)
    (4.5545 0)
    (4.5550 0)
    (4.5555 0)
    (4.5560 0)
    (4.5565 0)
    (4.5570 0)
    (4.5575 0)
    (4.5580 0)
    (4.5585 0)
    (4.5590 0)
    (4.5595 0)
    (4.5600 0)
    (4.5605 0)
    (4.5610 0)
    (4.5615 0)
    (4.5620 0)
    (4.5625 0)
    (4.5630 0)
    (4.5635 0)
    (4.5640 0)
    (4.5645 0)
    (4.5650 0)
    (4.5655 0)
    (4.5660 0)
    (4.5665 0)
    (4.5670 0)
    (4.5675 0)
    (4.5680 0)
    (4.5685 0)
    (4.5690 0)
    (4.5695 0)
    (4.5700 0)
    (4.5705 0)
    (4.5710 0)
    (4.5715 0)
    (4.5720 0)
    (4.5725 0)
    (4.5730 0)
    (4.5735 0)
    (4.5740 0)
    (4.5745 0)
    (4.5750 0)
    (4.5755 0)
    (4.5760 0)
    (4.5765 0)
    (4.5770 0)
    (4.5775 0)
    (4.5780 0)
    (4.5785 0)
    (4.5790 0)
    (4.5795 0)
    (4.5800 0)
    (4.5805 0)
    (4.5810 0)
    (4.5815 0)
    (4.5820 0)
    (4.5825 0)
    (4.5830 0)
    (4.5835 0)
    (4.5840 0)
    (4.5845 0)
    (4.5850 0)
    (4.5855 0)
    (4.5860 0)
    (4.5865 0)
    (4.5870 0)
    (4.5875 0)
    (4.5880 0)
    (4.5885 0)
    (4.5890 0)
    (4.5895 0)
    (4.5900 0)
    (4.5905 0)
    (4.5910 0)
    (4.5915 0)
    (4.5920 0)
    (4.5925 0)
    (4.5930 0)
    (4.5935 0)
    (4.5940 0)
    (4.5945 0)
    (4.5950 0)
    (4.5955 0)
    (4.5960 0)
    (4.5965 0)
    (4.5970 0)
    (4.5975 0)
    (4.5980 0)
    (4.5985 0)
    (4.5990 0)
    (4.5995 0)
    (4.6000 0)
    (4.6005 0)
    (4.6010 0)
    (4.6015 0)
    (4.6020 0)
    (4.6025 0)
    (4.6030 0)
    (4.6035 0)
    (4.6040 0)
    (4.6045 0)
    (4.6050 0)
    (4.6055 0)
    (4.6060 0)
    (4.6065 0)
    (4.6070 0)
    (4.6075 0)
    (4.6080 0)
    (4.6085 0)
    (4.6090 0)
    (4.6095 0)
    (4.6100 0)
    (4.6105 0)
    (4.6110 0)
    (4.6115 0)
    (4.6120 0)
    (4.6125 0)
    (4.6130 0)
    (4.6135 0)
    (4.6140 0)
    (4.6145 0)
    (4.6150 0)
    (4.6155 0)
    (4.6160 0)
    (4.6165 0)
    (4.6170 0)
    (4.6175 0)
    (4.6180 0)
    (4.6185 0)
    (4.6190 0)
    (4.6195 0)
    (4.6200 0)
    (4.6205 0)
    (4.6210 0)
    (4.6215 0)
    (4.6220 0)
    (4.6225 0)
    (4.6230 0)
    (4.6235 0)
    (4.6240 0)
    (4.6245 0)
    (4.6250 0)
    (4.6255 0)
    (4.6260 0)
    (4.6265 0)
    (4.6270 0)
    (4.6275 0)
    (4.6280 0)
    (4.6285 0)
    (4.6290 0)
    (4.6295 0)
    (4.6300 0)
    (4.6305 0)
    (4.6310 0)
    (4.6315 0)
    (4.6320 0)
    (4.6325 0)
    (4.6330 0)
    (4.6335 0)
    (4.6340 0)
    (4.6345 0)
    (4.6350 0)
    (4.6355 0)
    (4.6360 0)
    (4.6365 0)
    (4.6370 0)
    (4.6375 0)
    (4.6380 0)
    (4.6385 0)
    (4.6390 0)
    (4.6395 0)
    (4.6400 0)
    (4.6405 0)
    (4.6410 0)
    (4.6415 0)
    (4.6420 0)
    (4.6425 0)
    (4.6430 0)
    (4.6435 0)
    (4.6440 0)
    (4.6445 0)
    (4.6450 0)
    (4.6455 0)
    (4.6460 0)
    (4.6465 0)
    (4.6470 0)
    (4.6475 6.94203e-08)
    (4.6480 0)
    (4.6485 -1.86011e-08)
    (4.6490 0)
    (4.6495 4.98415e-09)
    (4.6500 0)
    (4.6505 -1.3355e-09)
    (4.6510 0)
    (4.6515 3.57846e-10)
    (4.6520 0)
    (4.6525 -9.58846e-11)
    (4.6530 0)
    (4.6535 2.56922e-11)
    (4.6540 0)
    (4.6545 -6.88421e-12)
    (4.6550 0)
    (4.6555 1.84462e-12)
    (4.6560 0)
    (4.6565 -4.94264e-13)
    (4.6570 0)
    (4.6575 1.32438e-13)
    (4.6580 0)
    (4.6585 -3.54888e-14)
    (4.6590 0)
    (4.6595 9.51701e-15)
    (4.6600 0)
    (4.6605 -2.57923e-15)
    (4.6610 0)
    (4.6615 7.99911e-16)
    (4.6620 0)
    (4.6625 -6.20416e-16)
    (4.6630 0)
    (4.6635 1.68175e-15)
    (4.6640 0)
    (4.6645 -6.10659e-15)
    (4.6650 0)
    (4.6655 2.27446e-14)
    (4.6660 0)
    (4.6665 -8.48719e-14)
    (4.6670 0)
    (4.6675 3.16743e-13)
    (4.6680 0)
    (4.6685 -1.1821e-12)
    (4.6690 0)
    (4.6695 4.41166e-12)
    (4.6700 0)
    (4.6705 -1.64645e-11)
    (4.6710 0)
    (4.6715 6.14464e-11)
    (4.6720 0)
    (4.6725 -2.29321e-10)
    (4.6730 0)
    (4.6735 8.55838e-10)
    (4.6740 0)
    (4.6745 -3.19403e-09)
    (4.6750 0)
    (4.6755 9.25276e-10)
    (4.6760 -8.79601e-08)
    (4.6765 -3.39046e-07)
    (4.6770 -6.85229e-07)
    (4.6775 -1.04593e-06)
    (4.6780 -1.4262e-06)
    (4.6785 -1.84674e-06)
    (4.6790 -2.30532e-06)
    (4.6795 -2.7955e-06)
    (4.6800 -3.31701e-06)
    (4.6805 -3.87069e-06)
    (4.6810 -4.45571e-06)
    (4.6815 -5.07096e-06)
    (4.6820 -5.71586e-06)
    (4.6825 -6.38978e-06)
    (4.6830 -7.09127e-06)
    (4.6835 -7.81863e-06)
    (4.6840 -8.56995e-06)
    (4.6845 -9.34328e-06)
    (4.6850 -1.01367e-05)
    (4.6855 -1.09484e-05)
    (4.6860 -1.17764e-05)
    (4.6865 -1.26188e-05)
    (4.6870 -1.34737e-05)
    (4.6875 -1.43392e-05)
    (4.6880 -1.52135e-05)
    (4.6885 -1.60945e-05)
    (4.6890 -1.69805e-05)
    (4.6895 -1.78695e-05)
    (4.6900 -1.87596e-05)
    (4.6905 -1.96488e-05)
    (4.6910 -2.05355e-05)
    (4.6915 -2.14188e-05)
    (4.6920 -2.2301e-05)
    (4.6925 -2.31855e-05)
    (4.6930 -2.40753e-05)
    (4.6935 -2.49735e-05)
    (4.6940 -2.5883e-05)
    (4.6945 -2.68071e-05)
    (4.6950 -2.77489e-05)
    (4.6955 -2.87113e-05)
    (4.6960 -2.96974e-05)
    (4.6965 -3.07104e-05)
    (4.6970 -3.17534e-05)
    (4.6975 -3.28293e-05)
    (4.6980 -3.39413e-05)
    (4.6985 -3.50925e-05)
    (4.6990 -3.6286e-05)
    (4.6995 -3.75249e-05)
    (4.7000 -3.8812e-05)
    (4.7005 -4.01506e-05)
    (4.7010 -4.15441e-05)
    (4.7015 -4.29956e-05)
    (4.7020 -4.45055e-05)
    (4.7025 -4.60729e-05)
    (4.7030 -4.76943e-05)
    (4.7035 -4.93659e-05)
    (4.7040 -5.10841e-05)
    (4.7045 -5.28457e-05)
    (4.7050 -5.46473e-05)
    (4.7055 -5.64855e-05)
    (4.7060 -5.83567e-05)
    (4.7065 -6.02576e-05)
    (4.7070 -6.21848e-05)
    (4.7075 -6.41349e-05)
    (4.7080 -6.61042e-05)
    (4.7085 -6.80893e-05)
    (4.7090 -7.00876e-05)
    (4.7095 -7.20974e-05)
    (4.7100 -7.41191e-05)
    (4.7105 -7.61539e-05)
    (4.7110 -7.82024e-05)
    (4.7115 -8.02653e-05)
    (4.7120 -8.23433e-05)
    (4.7125 -8.44371e-05)
    (4.7130 -8.65475e-05)
    (4.7135 -8.86751e-05)
    (4.7140 -9.08207e-05)
    (4.7145 -9.29849e-05)
    (4.7150 -9.51686e-05)
    (4.7155 -9.73725e-05)
    (4.7160 -9.95962e-05)
    (4.7165 -0.00010184)
    (4.7170 -0.000104102)
    (4.7175 -0.000106383)
    (4.7180 -0.000108681)
    (4.7185 -0.000110997)
    (4.7190 -0.000113329)
    (4.7195 -0.000115678)
    (4.7200 -0.000118041)
    (4.7205 -0.00012042)
    (4.7210 -0.000122813)
    (4.7215 -0.00012522)
    (4.7220 -0.00012764)
    (4.7225 -0.00013007)
    (4.7230 -0.000132507)
    (4.7235 -0.000134947)
    (4.7240 -0.000137386)
    (4.7245 -0.00013982)
    (4.7250 -0.000142244)
    (4.7255 -0.000144655)
    (4.7260 -0.00014705)
    (4.7265 -0.000149423)
    (4.7270 -0.000151771)
    (4.7275 -0.000154088)
    (4.7280 -0.000156379)
    (4.7285 -0.000158653)
    (4.7290 -0.000160928)
    (4.7295 -0.000163221)
    (4.7300 -0.000165552)
    (4.7305 -0.000167937)
    (4.7310 -0.000170393)
    (4.7315 -0.000172938)
    (4.7320 -0.000175592)
    (4.7325 -0.000178374)
    (4.7330 -0.000181285)
    (4.7335 -0.000184316)
    (4.7340 -0.000187435)
    (4.7345 -0.000190606)
    (4.7350 -0.000193797)
    (4.7355 -0.000196975)
    (4.7360 -0.000200109)
    (4.7365 -0.000203164)
    (4.7370 -0.000206111)
    (4.7375 -0.000208929)
    (4.7380 -0.000211633)
    (4.7385 -0.000214247)
    (4.7390 -0.000216793)
    (4.7395 -0.000219291)
    (4.7400 -0.000221765)
    (4.7405 -0.000224235)
    (4.7410 -0.000226724)
    (4.7415 -0.000229255)
    (4.7420 -0.000231847)
    (4.7425 -0.000234518)
    (4.7430 -0.000237259)
    (4.7435 -0.000240055)
    (4.7440 -0.000242894)
    (4.7445 -0.00024576)
    (4.7450 -0.00024864)
    (4.7455 -0.00025152)
    (4.7460 -0.000254386)
    (4.7465 -0.000257224)
    (4.7470 -0.000260019)
    (4.7475 -0.000262762)
    (4.7480 -0.000265465)
    (4.7485 -0.000268146)
    (4.7490 -0.000270826)
    (4.7495 -0.000273525)
    (4.7500 -0.00027626)
    (4.7505 -0.000279054)
    (4.7510 -0.000281923)
    (4.7515 -0.000284887)
    (4.7520 -0.000287969)
    (4.7525 -0.000291184)
    (4.7530 -0.000294517)
    (4.7535 -0.000297948)
    (4.7540 -0.000301453)
    (4.7545 -0.000305006)
    (4.7550 -0.000308582)
    (4.7555 -0.000312158)
    (4.7560 -0.000315708)
    (4.7565 -0.00031921)
    (4.7570 -0.000322637)
    (4.7575 -0.000325966)
    (4.7580 -0.000329194)
    (4.7585 -0.000332325)
    (4.7590 -0.000335366)
    (4.7595 -0.000338327)
    (4.7600 -0.000341213)
    (4.7605 -0.000344031)
    (4.7610 -0.000346791)
    (4.7615 -0.000349499)
    (4.7620 -0.000352158)
    (4.7625 -0.00035477)
    (4.7630 -0.00035733)
    (4.7635 -0.000359835)
    (4.7640 -0.000362281)
    (4.7645 -0.000364664)
    (4.7650 -0.00036698)
    (4.7655 -0.000369226)
    (4.7660 -0.000371398)
    (4.7665 -0.000373493)
    (4.7670 -0.000375506)
    (4.7675 -0.000377434)
    (4.7680 -0.000379273)
    (4.7685 -0.00038102)
    (4.7690 -0.000382683)
    (4.7695 -0.000384269)
    (4.7700 -0.000385786)
    (4.7705 -0.000387243)
    (4.7710 -0.000388648)
    (4.7715 -0.00039001)
    (4.7720 -0.000391337)
    (4.7725 -0.000392637)
    (4.7730 -0.000393919)
    (4.7735 -0.000395191)
    (4.7740 -0.000396461)
    (4.7745 -0.000397738)
    (4.7750 -0.00039903)
    (4.7755 -0.000400347)
    (4.7760 -0.000401688)
    (4.7765 -0.000403052)
    (4.7770 -0.000404434)
    (4.7775 -0.000405831)
    (4.7780 -0.000407237)
    (4.7785 -0.00040865)
    (4.7790 -0.000410065)
    (4.7795 -0.000411478)
    (4.7800 -0.000412885)
    (4.7805 -0.000414282)
    (4.7810 -0.000415665)
    (4.7815 -0.00041703)
    (4.7820 -0.000418373)
    (4.7825 -0.000419689)
    (4.7830 -0.000420977)
    (4.7835 -0.000422235)
    (4.7840 -0.000423464)
    (4.7845 -0.000424667)
    (4.7850 -0.000425843)
    (4.7855 -0.000426993)
    (4.7860 -0.000428119)
    (4.7865 -0.000429221)
    (4.7870 -0.0004303)
    (4.7875 -0.000431357)
    (4.7880 -0.000432394)
    (4.7885 -0.00043341)
    (4.7890 -0.000434408)
    (4.7895 -0.000435387)
    (4.7900 -0.00043635)
    (4.7905 -0.000437295)
    (4.7910 -0.000438226)
    (4.7915 -0.000439142)
    (4.7920 -0.000440041)
    (4.7925 -0.000440921)
    (4.7930 -0.000441777)
    (4.7935 -0.000442607)
    (4.7940 -0.000443406)
    (4.7945 -0.000444172)
    (4.7950 -0.0004449)
    (4.7955 -0.000445588)
    (4.7960 -0.000446231)
    (4.7965 -0.000446828)
    (4.7970 -0.000447376)
    (4.7975 -0.000447877)
    (4.7980 -0.000448331)
    (4.7985 -0.000448741)
    (4.7990 -0.000449107)
    (4.7995 -0.00044943)
    (4.8000 -0.000449712)
    (4.8005 -0.000449954)
    (4.8010 -0.000450156)
    (4.8015 -0.000450321)
    (4.8020 -0.000450448)
    (4.8025 -0.00045054)
    (4.8030 -0.000450597)
    (4.8035 -0.000450621)
    (4.8040 -0.000450613)
    (4.8045 -0.000450574)
    (4.8050 -0.000450505)
    (4.8055 -0.000450407)
    (4.8060 -0.000450281)
    (4.8065 -0.000450129)
    (4.8070 -0.000449952)
    (4.8075 -0.000449751)
    (4.8080 -0.000449526)
    (4.8085 -0.00044928)
    (4.8090 -0.000449013)
    (4.8095 -0.000448727)
    (4.8100 -0.000448422)
    (4.8105 -0.0004481)
    (4.8110 -0.00044776)
    (4.8115 -0.000447399)
    (4.8120 -0.000447012)
    (4.8125 -0.000446596)
    (4.8130 -0.000446147)
    (4.8135 -0.000445661)
    (4.8140 -0.000445133)
    (4.8145 -0.00044456)
    (4.8150 -0.000443938)
    (4.8155 -0.000443263)
    (4.8160 -0.000442531)
    (4.8165 -0.000441738)
    (4.8170 -0.00044088)
    (4.8175 -0.000439954)
    (4.8180 -0.000438954)
    (4.8185 -0.000437877)
    (4.8190 -0.000436722)
    (4.8195 -0.00043549)
    (4.8200 -0.000434188)
    (4.8205 -0.000432822)
    (4.8210 -0.000431399)
    (4.8215 -0.000429924)
    (4.8220 -0.000428404)
    (4.8225 -0.000426845)
    (4.8230 -0.000425254)
    (4.8235 -0.000423635)
    (4.8240 -0.000421996)
    (4.8245 -0.000420342)
    (4.8250 -0.00041868)
    (4.8255 -0.000417016)
    (4.8260 -0.000415356)
    (4.8265 -0.000413707)
    (4.8270 -0.000412072)
    (4.8275 -0.000410454)
    (4.8280 -0.000408852)
    (4.8285 -0.000407266)
    (4.8290 -0.000405697)
    (4.8295 -0.000404144)
    (4.8300 -0.000402607)
    (4.8305 -0.000401086)
    (4.8310 -0.000399582)
    (4.8315 -0.000398093)
    (4.8320 -0.000396621)
    (4.8325 -0.000395165)
    (4.8330 -0.000393725)
    (4.8335 -0.000392301)
    (4.8340 -0.000390893)
    (4.8345 -0.000389501)
    (4.8350 -0.000388125)
    (4.8355 -0.000386765)
    (4.8360 -0.000385418)
    (4.8365 -0.000384086)
    (4.8370 -0.000382767)
    (4.8375 -0.00038146)
    (4.8380 -0.000380165)
    (4.8385 -0.00037888)
    (4.8390 -0.000377607)
    (4.8395 -0.000376342)
    (4.8400 -0.000375087)
    (4.8405 -0.00037384)
    (4.8410 -0.0003726)
    (4.8415 -0.000371368)
    (4.8420 -0.000370141)
    (4.8425 -0.00036892)
    (4.8430 -0.000367703)
    (4.8435 -0.000366491)
    (4.8440 -0.000365285)
    (4.8445 -0.000364086)
    (4.8450 -0.000362898)
    (4.8455 -0.000361721)
    (4.8460 -0.000360559)
    (4.8465 -0.000359413)
    (4.8470 -0.000358285)
    (4.8475 -0.000357178)
    (4.8480 -0.000356094)
    (4.8485 -0.000355034)
    (4.8490 -0.000354)
    (4.8495 -0.000352996)
    (4.8500 -0.000352023)
    (4.8505 -0.000351082)
    (4.8510 -0.000350177)
    (4.8515 -0.000349309)
    (4.8520 -0.00034848)
    (4.8525 -0.00034769)
    (4.8530 -0.000346935)
    (4.8535 -0.000346211)
    (4.8540 -0.000345512)
    (4.8545 -0.000344836)
    (4.8550 -0.000344176)
    (4.8555 -0.000343529)
    (4.8560 -0.00034289)
    (4.8565 -0.000342255)
    (4.8570 -0.00034162)
    (4.8575 -0.000340979)
    (4.8580 -0.000340329)
    (4.8585 -0.000339665)
    (4.8590 -0.000338983)
    (4.8595 -0.000338278)
    (4.8600 -0.000337545)
    (4.8605 -0.00033678)
    (4.8610 -0.000335984)
    (4.8615 -0.000335159)
    (4.8620 -0.00033431)
    (4.8625 -0.000333444)
    (4.8630 -0.000332565)
    (4.8635 -0.000331678)
    (4.8640 -0.000330788)
    (4.8645 -0.000329901)
    (4.8650 -0.000329021)
    (4.8655 -0.000328153)
    (4.8660 -0.000327303)
    (4.8665 -0.000326476)
    (4.8670 -0.000325676)
    (4.8675 -0.000324909)
    (4.8680 -0.00032418)
    (4.8685 -0.000323495)
    (4.8690 -0.000322855)
    (4.8695 -0.000322259)
    (4.8700 -0.0003217)
    (4.8705 -0.000321171)
    (4.8710 -0.000320665)
    (4.8715 -0.000320177)
    (4.8720 -0.0003197)
    (4.8725 -0.000319227)
    (4.8730 -0.000318753)
    (4.8735 -0.00031827)
    (4.8740 -0.000317772)
    (4.8745 -0.000317254)
    (4.8750 -0.000316714)
    (4.8755 -0.000316153)
    (4.8760 -0.00031557)
    (4.8765 -0.000314967)
    (4.8770 -0.000314343)
    (4.8775 -0.000313698)
    (4.8780 -0.000313032)
    (4.8785 -0.000312346)
    (4.8790 -0.000311641)
    (4.8795 -0.000310915)
    (4.8800 -0.000310169)
    (4.8805 -0.000309404)
    (4.8810 -0.00030862)
    (4.8815 -0.000307816)
    (4.8820 -0.000306993)
    (4.8825 -0.000306151)
    (4.8830 -0.000305291)
    (4.8835 -0.000304412)
    (4.8840 -0.000303515)
    (4.8845 -0.0003026)
    (4.8850 -0.000301667)
    (4.8855 -0.000300716)
    (4.8860 -0.000299748)
    (4.8865 -0.000298762)
    (4.8870 -0.000297759)
    (4.8875 -0.000296739)
    (4.8880 -0.000295702)
    (4.8885 -0.000294649)
    (4.8890 -0.000293579)
    (4.8895 -0.000292493)
    (4.8900 -0.000291391)
    (4.8905 -0.000290273)
    (4.8910 -0.000289139)
    (4.8915 -0.000287989)
    (4.8920 -0.000286825)
    (4.8925 -0.000285645)
    (4.8930 -0.00028445)
    (4.8935 -0.000283241)
    (4.8940 -0.000282016)
    (4.8945 -0.000280778)
    (4.8950 -0.000279525)
    (4.8955 -0.000278258)
    (4.8960 -0.000276981)
    (4.8965 -0.000275695)
    (4.8970 -0.000274404)
    (4.8975 -0.000273111)
    (4.8980 -0.00027182)
    (4.8985 -0.000270533)
    (4.8990 -0.000269254)
    (4.8995 -0.000267986)
    (4.9000 -0.000266733)
    (4.9005 -0.000265496)
    (4.9010 -0.000264281)
    (4.9015 -0.000263089)
    (4.9020 -0.000261924)
    (4.9025 -0.000260789)
    (4.9030 -0.000259687)
    (4.9035 -0.000258623)
    (4.9040 -0.000257596)
    (4.9045 -0.000256606)
    (4.9050 -0.000255649)
    (4.9055 -0.00025472)
    (4.9060 -0.000253815)
    (4.9065 -0.000252929)
    (4.9070 -0.000252059)
    (4.9075 -0.000251199)
    (4.9080 -0.000250346)
    (4.9085 -0.000249496)
    (4.9090 -0.000248644)
    (4.9095 -0.000247786)
    (4.9100 -0.000246918)
    (4.9105 -0.000246035)
    (4.9110 -0.000245134)
    (4.9115 -0.000244209)
    (4.9120 -0.000243257)
    (4.9125 -0.000242273)
    (4.9130 -0.000241258)
    (4.9135 -0.000240213)
    (4.9140 -0.00023914)
    (4.9145 -0.000238041)
    (4.9150 -0.00023692)
    (4.9155 -0.000235778)
    (4.9160 -0.000234617)
    (4.9165 -0.000233441)
    (4.9170 -0.00023225)
    (4.9175 -0.000231048)
    (4.9180 -0.000229837)
    (4.9185 -0.000228618)
    (4.9190 -0.000227395)
    (4.9195 -0.00022617)
    (4.9200 -0.000224945)
    (4.9205 -0.000223722)
    (4.9210 -0.000222503)
    (4.9215 -0.000221291)
    (4.9220 -0.000220084)
    (4.9225 -0.000218883)
    (4.9230 -0.000217687)
    (4.9235 -0.000216496)
    (4.9240 -0.00021531)
    (4.9245 -0.000214129)
    (4.9250 -0.000212951)
    (4.9255 -0.000211777)
    (4.9260 -0.000210607)
    (4.9265 -0.000209441)
    (4.9270 -0.000208277)
    (4.9275 -0.000207116)
    (4.9280 -0.000205957)
    (4.9285 -0.0002048)
    (4.9290 -0.000203646)
    (4.9295 -0.000202492)
    (4.9300 -0.00020134)
    (4.9305 -0.000200188)
    (4.9310 -0.000199035)
    (4.9315 -0.00019788)
    (4.9320 -0.000196722)
    (4.9325 -0.000195559)
    (4.9330 -0.00019439)
    (4.9335 -0.000193215)
    (4.9340 -0.000192032)
    (4.9345 -0.00019084)
    (4.9350 -0.000189638)
    (4.9355 -0.000188424)
    (4.9360 -0.000187198)
    (4.9365 -0.000185958)
    (4.9370 -0.000184704)
    (4.9375 -0.000183433)
    (4.9380 -0.000182146)
    (4.9385 -0.00018084)
    (4.9390 -0.000179518)
    (4.9395 -0.000178182)
    (4.9400 -0.000176834)
    (4.9405 -0.000175477)
    (4.9410 -0.000174114)
    (4.9415 -0.000172748)
    (4.9420 -0.00017138)
    (4.9425 -0.000170014)
    (4.9430 -0.000168651)
    (4.9435 -0.000167296)
    (4.9440 -0.00016595)
    (4.9445 -0.000164616)
    (4.9450 -0.000163296)
    (4.9455 -0.000161993)
    (4.9460 -0.000160711)
    (4.9465 -0.000159451)
    (4.9470 -0.000158213)
    (4.9475 -0.000156998)
    (4.9480 -0.000155801)
    (4.9485 -0.000154621)
    (4.9490 -0.000153456)
    (4.9495 -0.000152303)
    (4.9500 -0.00015116)
    (4.9505 -0.000150024)
    (4.9510 -0.000148894)
    (4.9515 -0.000147767)
    (4.9520 -0.00014664)
    (4.9525 -0.000145512)
    (4.9530 -0.00014438)
    (4.9535 -0.000143243)
    (4.9540 -0.000142096)
    (4.9545 -0.000140939)
    (4.9550 -0.00013977)
    (4.9555 -0.000138585)
    (4.9560 -0.000137382)
    (4.9565 -0.000136159)
    (4.9570 -0.000134915)
    (4.9575 -0.000133647)
    (4.9580 -0.000132358)
    (4.9585 -0.000131049)
    (4.9590 -0.000129722)
    (4.9595 -0.000128379)
    (4.9600 -0.000127021)
    (4.9605 -0.000125651)
    (4.9610 -0.00012427)
    (4.9615 -0.00012288)
    (4.9620 -0.000121483)
    (4.9625 -0.00012008)
    (4.9630 -0.000118674)
    (4.9635 -0.000117265)
    (4.9640 -0.000115857)
    (4.9645 -0.00011445)
    (4.9650 -0.000113047)
    (4.9655 -0.00011165)
    (4.9660 -0.000110258)
    (4.9665 -0.000108872)
    (4.9670 -0.00010749)
    (4.9675 -0.000106109)
    (4.9680 -0.000104728)
    (4.9685 -0.000103344)
    (4.9690 -0.000101956)
    (4.9695 -0.000100562)
    (4.9700 -9.91593e-05)
    (4.9705 -9.77467e-05)
    (4.9710 -9.63222e-05)
    (4.9715 -9.48837e-05)
    (4.9720 -9.34293e-05)
    (4.9725 -9.19573e-05)
    (4.9730 -9.04653e-05)
    (4.9735 -8.89516e-05)
    (4.9740 -8.74153e-05)
    (4.9745 -8.58563e-05)
    (4.9750 -8.42754e-05)
    (4.9755 -8.26733e-05)
    (4.9760 -8.10509e-05)
    (4.9765 -7.94087e-05)
    (4.9770 -7.77474e-05)
    (4.9775 -7.60679e-05)
    (4.9780 -7.43707e-05)
    (4.9785 -7.26565e-05)
    (4.9790 -7.09262e-05)
    (4.9795 -6.91805e-05)
    (4.9800 -6.74198e-05)
    (4.9805 -6.56448e-05)
    (4.9810 -6.38573e-05)
    (4.9815 -6.206e-05)
    (4.9820 -6.0258e-05)
    (4.9825 -5.84566e-05)
    (4.9830 -5.66607e-05)
    (4.9835 -5.48754e-05)
    (4.9840 -5.31056e-05)
    (4.9845 -5.13564e-05)
    (4.9850 -4.96329e-05)
    (4.9855 -4.79399e-05)
    (4.9860 -4.62827e-05)
    (4.9865 -4.46663e-05)
    (4.9870 -4.30954e-05)
    (4.9875 -4.15749e-05)
    (4.9880 -4.0111e-05)
    (4.9885 -3.87087e-05)
    (4.9890 -3.73682e-05)
    (4.9895 -3.60867e-05)
    (4.9900 -3.48555e-05)
    (4.9905 -3.36642e-05)
    (4.9910 -3.25039e-05)
    (4.9915 -3.13658e-05)
    (4.9920 -3.02409e-05)
    (4.9925 -2.91202e-05)
    (4.9930 -2.79943e-05)
    (4.9935 -2.68541e-05)
    (4.9940 -2.56917e-05)
    (4.9945 -2.44984e-05)
    (4.9950 -2.32607e-05)
    (4.9955 -2.19686e-05)
    (4.9960 -2.0629e-05)
    (4.9965 -1.92371e-05)
    (4.9970 -1.77242e-05)
    (4.9975 -1.60653e-05)
    (4.9980 -1.44739e-05)
    (4.9985 -1.30008e-05)
    (4.9990 -1.08059e-05)
    (4.9995 -6.82651e-06)
    (5.0000 0)
    (5.0005 0)
    (5.0010 0)
    (5.0015 0)
    (5.0020 0)
    (5.0025 0)
    (5.0030 0)
    (5.0035 0)
    (5.0040 0)
    (5.0045 0)
    (5.0050 0)
    (5.0055 0)
    (5.0060 0)
    (5.0065 0)
    (5.0070 0)
    (5.0075 0)
    (5.0080 0)
    (5.0085 0)
    (5.0090 0)
    (5.0095 0)
    (5.0100 0)
    (5.0105 0)
    (5.0110 0)
    (5.0115 0)
    (5.0120 0)
    (5.0125 0)
    (5.0130 0)
    (5.0135 0)
    (5.0140 0)
    (5.0145 0)
    (5.0150 0)
    (5.0155 0)
    (5.0160 0)
    (5.0165 0)
    (5.0170 0)
    (5.0175 0)
    (5.0180 0)
    (5.0185 0)
    (5.0190 0)
    (5.0195 0)
    (5.0200 0)
    (5.0205 0)
    (5.0210 0)
    (5.0215 0)
    (5.0220 0)
    (5.0225 0)
    (5.0230 0)
    (5.0235 0)
    (5.0240 0)
    (5.0245 0)
    (5.0250 0)
    (5.0255 0)
    (5.0260 0)
    (5.0265 0)
    (5.0270 0)
    (5.0275 0)
    (5.0280 0)
    (5.0285 0)
    (5.0290 0)
    (5.0295 0)
    (5.0300 0)
    (5.0305 0)
    (5.0310 0)
    (5.0315 0)
    (5.0320 0)
    (5.0325 0)
    (5.0330 0)
    (5.0335 0)
    (5.0340 0)
    (5.0345 0)
    (5.0350 0)
    (5.0355 0)
    (5.0360 0)
    (5.0365 0)
    (5.0370 0)
    (5.0375 0)
    (5.0380 0)
    (5.0385 0)
    (5.0390 0)
    (5.0395 0)
    (5.0400 0)
    (5.0405 0)
    (5.0410 0)
    (5.0415 0)
    (5.0420 0)
    (5.0425 0)
    (5.0430 0)
    (5.0435 0)
    (5.0440 0)
    (5.0445 0)
    (5.0450 0)
    (5.0455 0)
    (5.0460 0)
    (5.0465 0)
    (5.0470 0)
    (5.0475 0)
    (5.0480 0)
    (5.0485 0)
    (5.0490 0)
    (5.0495 0)
    (5.0500 0)
    (5.0505 0)
    (5.0510 0)
    (5.0515 0)
    (5.0520 0)
    (5.0525 0)
    (5.0530 0)
    (5.0535 0)
    (5.0540 0)
    (5.0545 0)
    (5.0550 0)
    (5.0555 0)
    (5.0560 0)
    (5.0565 0)
    (5.0570 0)
    (5.0575 0)
    (5.0580 0)
    (5.0585 0)
    (5.0590 0)
    (5.0595 0)
    (5.0600 0)
    (5.0605 0)
    (5.0610 0)
    (5.0615 0)
    (5.0620 0)
    (5.0625 0)
    (5.0630 0)
    (5.0635 0)
    (5.0640 0)
    (5.0645 0)
    (5.0650 0)
    (5.0655 0)
    (5.0660 0)
    (5.0665 0)
    (5.0670 0)
    (5.0675 0)
    (5.0680 0)
    (5.0685 0)
    (5.0690 0)
    (5.0695 0)
    (5.0700 0)
    (5.0705 0)
    (5.0710 0)
    (5.0715 0)
    (5.0720 0)
    (5.0725 0)
    (5.0730 0)
    (5.0735 0)
    (5.0740 0)
    (5.0745 0)
    (5.0750 0)
    (5.0755 0)
    (5.0760 0)
    (5.0765 0)
    (5.0770 0)
    (5.0775 0)
    (5.0780 0)
    (5.0785 0)
    (5.0790 0)
    (5.0795 0)
    (5.0800 0)
    (5.0805 0)
    (5.0810 0)
    (5.0815 0)
    (5.0820 0)
    (5.0825 0)
    (5.0830 0)
    (5.0835 0)
    (5.0840 0)
    (5.0845 0)
    (5.0850 0)
    (5.0855 0)
    (5.0860 0)
    (5.0865 0)
    (5.0870 0)
    (5.0875 0)
    (5.0880 0)
    (5.0885 0)
    (5.0890 0)
    (5.0895 0)
    (5.0900 0)
    (5.0905 0)
    (5.0910 0)
    (5.0915 0)
    (5.0920 0)
    (5.0925 0)
    (5.0930 0)
    (5.0935 0)
    (5.0940 0)
    (5.0945 0)
    (5.0950 0)
    (5.0955 0)
    (5.0960 0)
    (5.0965 0)
    (5.0970 0)
    (5.0975 0)
    (5.0980 0)
    (5.0985 0)
    (5.0990 0)
    (5.0995 0)
    (5.1000 0)
    (5.1005 0)
    (5.1010 0)
    (5.1015 0)
    (5.1020 0)
    (5.1025 0)
    (5.1030 0)
    (5.1035 0)
    (5.1040 0)
    (5.1045 0)
    (5.1050 0)
    (5.1055 0)
    (5.1060 0)
    (5.1065 0)
    (5.1070 0)
    (5.1075 0)
    (5.1080 0)
    (5.1085 0)
    (5.1090 0)
    (5.1095 0)
    (5.1100 0)
    (5.1105 0)
    (5.1110 0)
    (5.1115 0)
    (5.1120 0)
    (5.1125 0)
    (5.1130 0)
    (5.1135 0)
    (5.1140 0)
    (5.1145 0)
    (5.1150 0)
    (5.1155 0)
    (5.1160 0)
    (5.1165 0)
    (5.1170 0)
    (5.1175 0)
    (5.1180 0)
    (5.1185 0)
    (5.1190 0)
    (5.1195 0)
    (5.1200 0)
    (5.1205 0)
    (5.1210 0)
    (5.1215 0)
    (5.1220 0)
    (5.1225 0)
    (5.1230 0)
    (5.1235 0)
    (5.1240 0)
    (5.1245 0)
    (5.1250 0)
    (5.1255 0)
    (5.1260 0)
    (5.1265 0)
    (5.1270 0)
    (5.1275 0)
    (5.1280 0)
    (5.1285 0)
    (5.1290 0)
    (5.1295 0)
    (5.1300 0)
    (5.1305 0)
    (5.1310 0)
    (5.1315 0)
    (5.1320 0)
    (5.1325 0)
    (5.1330 0)
    (5.1335 0)
    (5.1340 0)
    (5.1345 0)
    (5.1350 0)
    (5.1355 0)
    (5.1360 0)
    (5.1365 0)
    (5.1370 0)
    (5.1375 0)
    (5.1380 0)
    (5.1385 0)
    (5.1390 0)
    (5.1395 0)
    (5.1400 0)
    (5.1405 0)
    (5.1410 0)
    (5.1415 0)
    (5.1420 0)
    (5.1425 0)
    (5.1430 0)
    (5.1435 0)
    (5.1440 0)
    (5.1445 0)
    (5.1450 0)
    (5.1455 0)
    (5.1460 0)
    (5.1465 0)
    (5.1470 0)
    (5.1475 0)
    (5.1480 0)
    (5.1485 0)
    (5.1490 0)
    (5.1495 0)
    (5.1500 0)
    (5.1505 0)
    (5.1510 0)
    (5.1515 0)
    (5.1520 0)
    (5.1525 0)
    (5.1530 0)
    (5.1535 0)
    (5.1540 0)
    (5.1545 0)
    (5.1550 0)
    (5.1555 0)
    (5.1560 0)
    (5.1565 0)
    (5.1570 0)
    (5.1575 0)
    (5.1580 0)
    (5.1585 0)
    (5.1590 0)
    (5.1595 0)
    (5.1600 0)
    (5.1605 0)
    (5.1610 0)
    (5.1615 0)
    (5.1620 0)
    (5.1625 0)
    (5.1630 0)
    (5.1635 0)
    (5.1640 0)
    (5.1645 0)
    (5.1650 0)
    (5.1655 0)
    (5.1660 0)
    (5.1665 0)
    (5.1670 0)
    (5.1675 0)
    (5.1680 0)
    (5.1685 0)
    (5.1690 0)
    (5.1695 0)
    (5.1700 0)
    (5.1705 0)
    (5.1710 0)
    (5.1715 0)
    (5.1720 0)
    (5.1725 0)
    (5.1730 0)
    (5.1735 0)
    (5.1740 0)
    (5.1745 0)
    (5.1750 0)
    (5.1755 0)
    (5.1760 0)
    (5.1765 0)
    (5.1770 0)
    (5.1775 0)
    (5.1780 0)
    (5.1785 0)
    (5.1790 0)
    (5.1795 0)
    (5.1800 0)
    (5.1805 0)
    (5.1810 0)
    (5.1815 0)
    (5.1820 0)
    (5.1825 0)
    (5.1830 0)
    (5.1835 0)
    (5.1840 0)
    (5.1845 0)
    (5.1850 0)
    (5.1855 0)
    (5.1860 0)
    (5.1865 0)
    (5.1870 0)
    (5.1875 0)
    (5.1880 0)
    (5.1885 0)
    (5.1890 0)
    (5.1895 0)
    (5.1900 0)
    (5.1905 0)
    (5.1910 0)
    (5.1915 0)
    (5.1920 0)
    (5.1925 0)
    (5.1930 0)
    (5.1935 0)
    (5.1940 0)
    (5.1945 0)
    (5.1950 0)
    (5.1955 0)
    (5.1960 0)
    (5.1965 0)
    (5.1970 0)
    (5.1975 0)
    (5.1980 0)
    (5.1985 0)
    (5.1990 0)
    (5.1995 0)
    (5.2000 0)
    (5.2005 0)
    (5.2010 0)
    (5.2015 0)
    (5.2020 0)
    (5.2025 0)
    (5.2030 0)
    (5.2035 0)
    (5.2040 0)
    (5.2045 0)
    (5.2050 0)
    (5.2055 0)
    (5.2060 0)
    (5.2065 0)
    (5.2070 0)
    (5.2075 0)
    (5.2080 0)
    (5.2085 0)
    (5.2090 0)
    (5.2095 0)
    (5.2100 0)
    (5.2105 0)
    (5.2110 0)
    (5.2115 0)
    (5.2120 0)
    (5.2125 0)
    (5.2130 0)
    (5.2135 0)
    (5.2140 0)
    (5.2145 0)
    (5.2150 0)
    (5.2155 0)
    (5.2160 0)
    (5.2165 0)
    (5.2170 0)
    (5.2175 0)
    (5.2180 0)
    (5.2185 0)
    (5.2190 0)
    (5.2195 0)
    (5.2200 0)
    (5.2205 0)
    (5.2210 0)
    (5.2215 0)
    (5.2220 0)
    (5.2225 0)
    (5.2230 0)
    (5.2235 0)
    (5.2240 0)
    (5.2245 0)
    (5.2250 0)
    (5.2255 0)
    (5.2260 0)
    (5.2265 0)
    (5.2270 0)
    (5.2275 0)
    (5.2280 0)
    (5.2285 0)
    (5.2290 0)
    (5.2295 0)
    (5.2300 0)
    (5.2305 0)
    (5.2310 0)
    (5.2315 0)
    (5.2320 0)
    (5.2325 0)
    (5.2330 0)
    (5.2335 0)
    (5.2340 0)
    (5.2345 0)
    (5.2350 0)
    (5.2355 0)
    (5.2360 0)
    (5.2365 0)
    (5.2370 0)
    (5.2375 0)
    (5.2380 0)
    (5.2385 0)
    (5.2390 0)
    (5.2395 0)
    (5.2400 0)
    (5.2405 0)
    (5.2410 0)
    (5.2415 0)
    (5.2420 0)
    (5.2425 0)
    (5.2430 0)
    (5.2435 0)
    (5.2440 0)
    (5.2445 0)
    (5.2450 0)
    (5.2455 0)
    (5.2460 0)
    (5.2465 0)
    (5.2470 0)
    (5.2475 0)
    (5.2480 0)
    (5.2485 0)
    (5.2490 0)
    (5.2495 0)
    (5.2500 0)
    (5.2505 0)
    (5.2510 0)
    (5.2515 0)
    (5.2520 0)
    (5.2525 0)
    (5.2530 0)
    (5.2535 0)
    (5.2540 0)
    (5.2545 0)
    (5.2550 0)
    (5.2555 0)
    (5.2560 0)
    (5.2565 0)
    (5.2570 0)
    (5.2575 0)
    (5.2580 0)
    (5.2585 0)
    (5.2590 0)
    (5.2595 0)
    (5.2600 0)
    (5.2605 0)
    (5.2610 0)
    (5.2615 0)
    (5.2620 0)
    (5.2625 0)
    (5.2630 0)
    (5.2635 0)
    (5.2640 0)
    (5.2645 0)
    (5.2650 0)
    (5.2655 0)
    (5.2660 0)
    (5.2665 0)
    (5.2670 0)
    (5.2675 0)
    (5.2680 0)
    (5.2685 0)
    (5.2690 0)
    (5.2695 0)
    (5.2700 0)
    (5.2705 0)
    (5.2710 0)
    (5.2715 0)
    (5.2720 0)
    (5.2725 0)
    (5.2730 0)
    (5.2735 0)
    (5.2740 0)
    (5.2745 0)
    (5.2750 0)
    (5.2755 0)
    (5.2760 0)
    (5.2765 0)
    (5.2770 0)
    (5.2775 0)
    (5.2780 0)
    (5.2785 0)
    (5.2790 0)
    (5.2795 0)
    (5.2800 0)
    (5.2805 0)
    (5.2810 0)
    (5.2815 0)
    (5.2820 0)
    (5.2825 0)
    (5.2830 0)
    (5.2835 0)
    (5.2840 0)
    (5.2845 0)
    (5.2850 0)
    (5.2855 0)
    (5.2860 0)
    (5.2865 0)
    (5.2870 0)
    (5.2875 0)
    (5.2880 0)
    (5.2885 0)
    (5.2890 0)
    (5.2895 0)
    (5.2900 0)
    (5.2905 0)
    (5.2910 0)
    (5.2915 0)
    (5.2920 0)
    (5.2925 0)
    (5.2930 0)
    (5.2935 0)
    (5.2940 0)
    (5.2945 0)
    (5.2950 0)
    (5.2955 0)
    (5.2960 0)
    (5.2965 0)
    (5.2970 0)
    (5.2975 0)
    (5.2980 0)
    (5.2985 0)
    (5.2990 0)
    (5.2995 0)
    (5.3000 0)
    (5.3005 0)
    (5.3010 0)
    (5.3015 0)
    (5.3020 0)
    (5.3025 0)
    (5.3030 0)
    (5.3035 0)
    (5.3040 0)
    (5.3045 0)
    (5.3050 0)
    (5.3055 0)
    (5.3060 0)
    (5.3065 0)
    (5.3070 0)
    (5.3075 0)
    (5.3080 0)
    (5.3085 0)
    (5.3090 0)
    (5.3095 0)
    (5.3100 0)
    (5.3105 0)
    (5.3110 0)
    (5.3115 0)
    (5.3120 0)
    (5.3125 0)
    (5.3130 0)
    (5.3135 0)
    (5.3140 0)
    (5.3145 0)
    (5.3150 0)
    (5.3155 0)
    (5.3160 0)
    (5.3165 0)
    (5.3170 0)
    (5.3175 0)
    (5.3180 0)
    (5.3185 0)
    (5.3190 0)
    (5.3195 0)
    (5.3200 0)
    (5.3205 0)
    (5.3210 0)
    (5.3215 0)
    (5.3220 0)
    (5.3225 0)
    (5.3230 0)
    (5.3235 0)
    (5.3240 0)
    (5.3245 0)
    (5.3250 0)
    (5.3255 0)
    (5.3260 0)
    (5.3265 0)
    (5.3270 0)
    (5.3275 0)
    (5.3280 0)
    (5.3285 0)
    (5.3290 0)
    (5.3295 0)
    (5.3300 0)
    (5.3305 0)
    (5.3310 0)
    (5.3315 0)
    (5.3320 0)
    (5.3325 0)
    (5.3330 0)
    (5.3335 0)
    (5.3340 0)
    (5.3345 0)
    (5.3350 0)
    (5.3355 0)
    (5.3360 0)
    (5.3365 0)
    (5.3370 0)
    (5.3375 0)
    (5.3380 0)
    (5.3385 0)
    (5.3390 0)
    (5.3395 0)
    (5.3400 0)
    (5.3405 0)
    (5.3410 0)
    (5.3415 0)
    (5.3420 0)
    (5.3425 0)
    (5.3430 0)
    (5.3435 0)
    (5.3440 0)
    (5.3445 0)
    (5.3450 0)
    (5.3455 0)
    (5.3460 0)
    (5.3465 0)
    (5.3470 0)
    (5.3475 0)
    (5.3480 0)
    (5.3485 0)
    (5.3490 0)
    (5.3495 0)
    (5.3500 0)
    (5.3505 0)
    (5.3510 0)
    (5.3515 0)
    (5.3520 0)
    (5.3525 0)
    (5.3530 0)
    (5.3535 0)
    (5.3540 0)
    (5.3545 0)
    (5.3550 0)
    (5.3555 0)
    (5.3560 0)
    (5.3565 0)
    (5.3570 0)
    (5.3575 0)
    (5.3580 0)
    (5.3585 0)
    (5.3590 0)
    (5.3595 0)
    (5.3600 0)
    (5.3605 0)
    (5.3610 0)
    (5.3615 0)
    (5.3620 0)
    (5.3625 0)
    (5.3630 0)
    (5.3635 0)
    (5.3640 0)
    (5.3645 0)
    (5.3650 0)
    (5.3655 0)
    (5.3660 0)
    (5.3665 0)
    (5.3670 0)
    (5.3675 0)
    (5.3680 0)
    (5.3685 0)
    (5.3690 0)
    (5.3695 0)
    (5.3700 0)
    (5.3705 0)
    (5.3710 0)
    (5.3715 0)
    (5.3720 0)
    (5.3725 0)
    (5.3730 0)
    (5.3735 0)
    (5.3740 0)
    (5.3745 0)
    (5.3750 0)
    (5.3755 0)
    (5.3760 0)
    (5.3765 0)
    (5.3770 0)
    (5.3775 0)
    (5.3780 0)
    (5.3785 0)
    (5.3790 0)
    (5.3795 0)
    (5.3800 0)
    (5.3805 0)
    (5.3810 0)
    (5.3815 0)
    (5.3820 0)
    (5.3825 0)
    (5.3830 0)
    (5.3835 0)
    (5.3840 0)
    (5.3845 0)
    (5.3850 0)
    (5.3855 0)
    (5.3860 0)
    (5.3865 0)
    (5.3870 0)
    (5.3875 0)
    (5.3880 0)
    (5.3885 0)
    (5.3890 0)
    (5.3895 0)
    (5.3900 0)
    (5.3905 0)
    (5.3910 0)
    (5.3915 0)
    (5.3920 0)
    (5.3925 0)
    (5.3930 0)
    (5.3935 0)
    (5.3940 0)
    (5.3945 0)
    (5.3950 0)
    (5.3955 0)
    (5.3960 0)
    (5.3965 0)
    (5.3970 0)
    (5.3975 0)
    (5.3980 0)
    (5.3985 0)
    (5.3990 0)
    (5.3995 0)
    (5.4000 0)
    (5.4005 0)
    (5.4010 0)
    (5.4015 0)
    (5.4020 0)
    (5.4025 0)
    (5.4030 0)
    (5.4035 0)
    (5.4040 0)
    (5.4045 0)
    (5.4050 0)
    (5.4055 0)
    (5.4060 0)
    (5.4065 0)
    (5.4070 0)
    (5.4075 0)
    (5.4080 0)
    (5.4085 0)
    (5.4090 0)
    (5.4095 0)
    (5.4100 0)
    (5.4105 0)
    (5.4110 0)
    (5.4115 0)
    (5.4120 0)
    (5.4125 0)
    (5.4130 0)
    (5.4135 0)
    (5.4140 0)
    (5.4145 0)
    (5.4150 0)
    (5.4155 0)
    (5.4160 0)
    (5.4165 0)
    (5.4170 0)
    (5.4175 0)
    (5.4180 0)
    (5.4185 0)
    (5.4190 0)
    (5.4195 0)
    (5.4200 0)
    (5.4205 0)
    (5.4210 0)
    (5.4215 0)
    (5.4220 0)
    (5.4225 0)
    (5.4230 0)
    (5.4235 0)
    (5.4240 0)
    (5.4245 0)
    (5.4250 0)
    (5.4255 0)
    (5.4260 0)
    (5.4265 0)
    (5.4270 0)
    (5.4275 0)
    (5.4280 0)
    (5.4285 0)
    (5.4290 0)
    (5.4295 0)
    (5.4300 0)
    (5.4305 0)
    (5.4310 0)
    (5.4315 0)
    (5.4320 0)
    (5.4325 0)
    (5.4330 0)
    (5.4335 0)
    (5.4340 0)
    (5.4345 0)
    (5.4350 0)
    (5.4355 0)
    (5.4360 0)
    (5.4365 0)
    (5.4370 0)
    (5.4375 0)
    (5.4380 0)
    (5.4385 0)
    (5.4390 0)
    (5.4395 0)
    (5.4400 0)
    (5.4405 0)
    (5.4410 0)
    (5.4415 0)
    (5.4420 0)
    (5.4425 0)
    (5.4430 0)
    (5.4435 0)
    (5.4440 0)
    (5.4445 0)
    (5.4450 0)
    (5.4455 0)
    (5.4460 0)
    (5.4465 0)
    (5.4470 0)
    (5.4475 0)
    (5.4480 0)
    (5.4485 0)
    (5.4490 0)
    (5.4495 0)
    (5.4500 0)
    (5.4505 0)
    (5.4510 0)
    (5.4515 0)
    (5.4520 0)
    (5.4525 0)
    (5.4530 0)
    (5.4535 0)
    (5.4540 0)
    (5.4545 0)
    (5.4550 0)
    (5.4555 0)
    (5.4560 0)
    (5.4565 0)
    (5.4570 0)
    (5.4575 0)
    (5.4580 0)
    (5.4585 0)
    (5.4590 0)
    (5.4595 0)
    (5.4600 0)
    (5.4605 0)
    (5.4610 0)
    (5.4615 0)
    (5.4620 0)
    (5.4625 0)
    (5.4630 0)
    (5.4635 0)
    (5.4640 0)
    (5.4645 0)
    (5.4650 0)
    (5.4655 0)
    (5.4660 0)
    (5.4665 0)
    (5.4670 0)
    (5.4675 0)
    (5.4680 0)
    (5.4685 0)
    (5.4690 0)
    (5.4695 0)
    (5.4700 0)
    (5.4705 0)
    (5.4710 0)
    (5.4715 0)
    (5.4720 0)
    (5.4725 0)
    (5.4730 0)
    (5.4735 0)
    (5.4740 0)
    (5.4745 0)
    (5.4750 0)
    (5.4755 0)
    (5.4760 0)
    (5.4765 0)
    (5.4770 0)
    (5.4775 0)
    (5.4780 0)
    (5.4785 0)
    (5.4790 0)
    (5.4795 0)
    (5.4800 0)
    (5.4805 0)
    (5.4810 0)
    (5.4815 0)
    (5.4820 0)
    (5.4825 0)
    (5.4830 0)
    (5.4835 0)
    (5.4840 0)
    (5.4845 0)
    (5.4850 0)
    (5.4855 0)
    (5.4860 0)
    (5.4865 0)
    (5.4870 0)
    (5.4875 0)
    (5.4880 0)
    (5.4885 0)
    (5.4890 0)
    (5.4895 0)
    (5.4900 0)
    (5.4905 0)
    (5.4910 0)
    (5.4915 0)
    (5.4920 0)
    (5.4925 0)
    (5.4930 0)
    (5.4935 0)
    (5.4940 0)
    (5.4945 0)
    (5.4950 0)
    (5.4955 0)
    (5.4960 0)
    (5.4965 0)
    (5.4970 0)
    (5.4975 0)
    (5.4980 0)
    (5.4985 0)
    (5.4990 0)
    (5.4995 0)
    (5.5000 0)
    (5.5005 0)
    (5.5010 0)
    (5.5015 0)
    (5.5020 0)
    (5.5025 0)
    (5.5030 0)
    (5.5035 0)
    (5.5040 0)
    (5.5045 0)
    (5.5050 0)
    (5.5055 0)
    (5.5060 0)
    (5.5065 0)
    (5.5070 0)
    (5.5075 0)
    (5.5080 0)
    (5.5085 0)
    (5.5090 0)
    (5.5095 0)
    (5.5100 0)
    (5.5105 0)
    (5.5110 0)
    (5.5115 0)
    (5.5120 0)
    (5.5125 0)
    (5.5130 0)
    (5.5135 0)
    (5.5140 0)
    (5.5145 0)
    (5.5150 0)
    (5.5155 0)
    (5.5160 0)
    (5.5165 0)
    (5.5170 0)
    (5.5175 0)
    (5.5180 0)
    (5.5185 0)
    (5.5190 0)
    (5.5195 0)
    (5.5200 0)
    (5.5205 0)
    (5.5210 0)
    (5.5215 0)
    (5.5220 0)
    (5.5225 0)
    (5.5230 0)
    (5.5235 0)
    (5.5240 0)
    (5.5245 0)
    (5.5250 0)
    (5.5255 0)
    (5.5260 0)
    (5.5265 0)
    (5.5270 0)
    (5.5275 0)
    (5.5280 0)
    (5.5285 0)
    (5.5290 0)
    (5.5295 0)
    (5.5300 0)
    (5.5305 0)
    (5.5310 0)
    (5.5315 0)
    (5.5320 0)
    (5.5325 0)
    (5.5330 0)
    (5.5335 0)
    (5.5340 0)
    (5.5345 0)
    (5.5350 0)
    (5.5355 0)
    (5.5360 0)
    (5.5365 0)
    (5.5370 0)
    (5.5375 0)
    (5.5380 0)
    (5.5385 0)
    (5.5390 0)
    (5.5395 0)
    (5.5400 0)
    (5.5405 0)
    (5.5410 0)
    (5.5415 0)
    (5.5420 0)
    (5.5425 0)
    (5.5430 0)
    (5.5435 0)
    (5.5440 0)
    (5.5445 0)
    (5.5450 0)
    (5.5455 0)
    (5.5460 0)
    (5.5465 0)
    (5.5470 0)
    (5.5475 0)
    (5.5480 0)
    (5.5485 0)
    (5.5490 0)
    (5.5495 0)
    (5.5500 0)
    (5.5505 0)
    (5.5510 0)
    (5.5515 0)
    (5.5520 0)
    (5.5525 0)
    (5.5530 0)
    (5.5535 0)
    (5.5540 0)
    (5.5545 0)
    (5.5550 0)
    (5.5555 0)
    (5.5560 0)
    (5.5565 0)
    (5.5570 0)
    (5.5575 0)
    (5.5580 0)
    (5.5585 0)
    (5.5590 0)
    (5.5595 0)
    (5.5600 0)
    (5.5605 0)
    (5.5610 0)
    (5.5615 0)
    (5.5620 0)
    (5.5625 0)
    (5.5630 0)
    (5.5635 0)
    (5.5640 0)
    (5.5645 0)
    (5.5650 0)
    (5.5655 0)
    (5.5660 0)
    (5.5665 0)
    (5.5670 0)
    (5.5675 0)
    (5.5680 0)
    (5.5685 0)
    (5.5690 0)
    (5.5695 0)
    (5.5700 0)
    (5.5705 0)
    (5.5710 0)
    (5.5715 0)
    (5.5720 0)
    (5.5725 0)
    (5.5730 0)
    (5.5735 0)
    (5.5740 0)
    (5.5745 0)
    (5.5750 0)
    (5.5755 0)
    (5.5760 0)
    (5.5765 0)
    (5.5770 0)
    (5.5775 0)
    (5.5780 0)
    (5.5785 0)
    (5.5790 0)
    (5.5795 0)
    (5.5800 0)
    (5.5805 0)
    (5.5810 0)
    (5.5815 0)
    (5.5820 0)
    (5.5825 0)
    (5.5830 0)
    (5.5835 0)
    (5.5840 0)
    (5.5845 0)
    (5.5850 0)
    (5.5855 0)
    (5.5860 0)
    (5.5865 0)
    (5.5870 0)
    (5.5875 0)
    (5.5880 0)
    (5.5885 0)
    (5.5890 0)
    (5.5895 0)
    (5.5900 0)
    (5.5905 0)
    (5.5910 0)
    (5.5915 0)
    (5.5920 0)
    (5.5925 0)
    (5.5930 0)
    (5.5935 0)
    (5.5940 0)
    (5.5945 0)
    (5.5950 0)
    (5.5955 0)
    (5.5960 0)
    (5.5965 0)
    (5.5970 0)
    (5.5975 0)
    (5.5980 0)
    (5.5985 0)
    (5.5990 0)
    (5.5995 0)
    (5.6000 0)
    (5.6005 0)
    (5.6010 0)
    (5.6015 0)
    (5.6020 0)
    (5.6025 0)
    (5.6030 0)
    (5.6035 0)
    (5.6040 0)
    (5.6045 0)
    (5.6050 0)
    (5.6055 0)
    (5.6060 0)
    (5.6065 0)
    (5.6070 0)
    (5.6075 0)
    (5.6080 0)
    (5.6085 0)
    (5.6090 0)
    (5.6095 0)
    (5.6100 0)
    (5.6105 0)
    (5.6110 0)
    (5.6115 0)
    (5.6120 0)
    (5.6125 0)
    (5.6130 0)
    (5.6135 0)
    (5.6140 0)
    (5.6145 0)
    (5.6150 0)
    (5.6155 0)
    (5.6160 0)
    (5.6165 0)
    (5.6170 0)
    (5.6175 0)
    (5.6180 0)
    (5.6185 0)
    (5.6190 0)
    (5.6195 0)
    (5.6200 0)
    (5.6205 0)
    (5.6210 0)
    (5.6215 0)
    (5.6220 0)
    (5.6225 0)
    (5.6230 0)
    (5.6235 0)
    (5.6240 0)
    (5.6245 0)
    (5.6250 0)
    (5.6255 0)
    (5.6260 0)
    (5.6265 0)
    (5.6270 0)
    (5.6275 0)
    (5.6280 0)
    (5.6285 0)
    (5.6290 0)
    (5.6295 0)
    (5.6300 0)
    (5.6305 0)
    (5.6310 0)
    (5.6315 0)
    (5.6320 0)
    (5.6325 0)
    (5.6330 0)
    (5.6335 0)
    (5.6340 0)
    (5.6345 0)
    (5.6350 0)
    (5.6355 0)
    (5.6360 0)
    (5.6365 0)
    (5.6370 0)
    (5.6375 0)
    (5.6380 0)
    (5.6385 0)
    (5.6390 0)
    (5.6395 0)
    (5.6400 0)
    (5.6405 0)
    (5.6410 0)
    (5.6415 0)
    (5.6420 0)
    (5.6425 0)
    (5.6430 0)
    (5.6435 0)
    (5.6440 0)
    (5.6445 0)
    (5.6450 0)
    (5.6455 0)
    (5.6460 0)
    (5.6465 0)
    (5.6470 0)
    (5.6475 6.94203e-08)
    (5.6480 0)
    (5.6485 -1.86011e-08)
    (5.6490 0)
    (5.6495 4.98415e-09)
    (5.6500 0)
    (5.6505 -1.3355e-09)
    (5.6510 0)
    (5.6515 3.57846e-10)
    (5.6520 0)
    (5.6525 -9.58846e-11)
    (5.6530 0)
    (5.6535 2.56922e-11)
    (5.6540 0)
    (5.6545 -6.88421e-12)
    (5.6550 0)
    (5.6555 1.84462e-12)
    (5.6560 0)
    (5.6565 -4.94264e-13)
    (5.6570 0)
    (5.6575 1.32438e-13)
    (5.6580 0)
    (5.6585 -3.54888e-14)
    (5.6590 0)
    (5.6595 9.51701e-15)
    (5.6600 0)
    (5.6605 -2.57923e-15)
    (5.6610 0)
    (5.6615 7.99911e-16)
    (5.6620 0)
    (5.6625 -6.20416e-16)
    (5.6630 0)
    (5.6635 1.68175e-15)
    (5.6640 0)
    (5.6645 -6.10659e-15)
    (5.6650 0)
    (5.6655 2.27446e-14)
    (5.6660 0)
    (5.6665 -8.48719e-14)
    (5.6670 0)
    (5.6675 3.16743e-13)
    (5.6680 0)
    (5.6685 -1.1821e-12)
    (5.6690 0)
    (5.6695 4.41166e-12)
    (5.6700 0)
    (5.6705 -1.64645e-11)
    (5.6710 0)
    (5.6715 6.14464e-11)
    (5.6720 0)
    (5.6725 -2.29321e-10)
    (5.6730 0)
    (5.6735 8.55838e-10)
    (5.6740 0)
    (5.6745 -3.19403e-09)
    (5.6750 0)
    (5.6755 9.25276e-10)
    (5.6760 -8.79601e-08)
    (5.6765 -3.39046e-07)
    (5.6770 -6.85229e-07)
    (5.6775 -1.04593e-06)
    (5.6780 -1.4262e-06)
    (5.6785 -1.84674e-06)
    (5.6790 -2.30532e-06)
    (5.6795 -2.7955e-06)
    (5.6800 -3.31701e-06)
    (5.6805 -3.87069e-06)
    (5.6810 -4.45571e-06)
    (5.6815 -5.07096e-06)
    (5.6820 -5.71586e-06)
    (5.6825 -6.38978e-06)
    (5.6830 -7.09127e-06)
    (5.6835 -7.81863e-06)
    (5.6840 -8.56995e-06)
    (5.6845 -9.34328e-06)
    (5.6850 -1.01367e-05)
    (5.6855 -1.09484e-05)
    (5.6860 -1.17764e-05)
    (5.6865 -1.26188e-05)
    (5.6870 -1.34737e-05)
    (5.6875 -1.43392e-05)
    (5.6880 -1.52135e-05)
    (5.6885 -1.60945e-05)
    (5.6890 -1.69805e-05)
    (5.6895 -1.78695e-05)
    (5.6900 -1.87596e-05)
    (5.6905 -1.96488e-05)
    (5.6910 -2.05355e-05)
    (5.6915 -2.14188e-05)
    (5.6920 -2.2301e-05)
    (5.6925 -2.31855e-05)
    (5.6930 -2.40753e-05)
    (5.6935 -2.49735e-05)
    (5.6940 -2.5883e-05)
    (5.6945 -2.68071e-05)
    (5.6950 -2.77489e-05)
    (5.6955 -2.87113e-05)
    (5.6960 -2.96974e-05)
    (5.6965 -3.07104e-05)
    (5.6970 -3.17534e-05)
    (5.6975 -3.28293e-05)
    (5.6980 -3.39413e-05)
    (5.6985 -3.50925e-05)
    (5.6990 -3.6286e-05)
    (5.6995 -3.75249e-05)
    (5.7000 -3.8812e-05)
    (5.7005 -4.01506e-05)
    (5.7010 -4.15441e-05)
    (5.7015 -4.29956e-05)
    (5.7020 -4.45055e-05)
    (5.7025 -4.60729e-05)
    (5.7030 -4.76943e-05)
    (5.7035 -4.93659e-05)
    (5.7040 -5.10841e-05)
    (5.7045 -5.28457e-05)
    (5.7050 -5.46473e-05)
    (5.7055 -5.64855e-05)
    (5.7060 -5.83567e-05)
    (5.7065 -6.02576e-05)
    (5.7070 -6.21848e-05)
    (5.7075 -6.41349e-05)
    (5.7080 -6.61042e-05)
    (5.7085 -6.80893e-05)
    (5.7090 -7.00876e-05)
    (5.7095 -7.20974e-05)
    (5.7100 -7.41191e-05)
    (5.7105 -7.61539e-05)
    (5.7110 -7.82024e-05)
    (5.7115 -8.02653e-05)
    (5.7120 -8.23433e-05)
    (5.7125 -8.44371e-05)
    (5.7130 -8.65475e-05)
    (5.7135 -8.86751e-05)
    (5.7140 -9.08207e-05)
    (5.7145 -9.29849e-05)
    (5.7150 -9.51686e-05)
    (5.7155 -9.73725e-05)
    (5.7160 -9.95962e-05)
    (5.7165 -0.00010184)
    (5.7170 -0.000104102)
    (5.7175 -0.000106383)
    (5.7180 -0.000108681)
    (5.7185 -0.000110997)
    (5.7190 -0.000113329)
    (5.7195 -0.000115678)
    (5.7200 -0.000118041)
    (5.7205 -0.00012042)
    (5.7210 -0.000122813)
    (5.7215 -0.00012522)
    (5.7220 -0.00012764)
    (5.7225 -0.00013007)
    (5.7230 -0.000132507)
    (5.7235 -0.000134947)
    (5.7240 -0.000137386)
    (5.7245 -0.00013982)
    (5.7250 -0.000142244)
    (5.7255 -0.000144655)
    (5.7260 -0.00014705)
    (5.7265 -0.000149423)
    (5.7270 -0.000151771)
    (5.7275 -0.000154088)
    (5.7280 -0.000156379)
    (5.7285 -0.000158653)
    (5.7290 -0.000160928)
    (5.7295 -0.000163221)
    (5.7300 -0.000165552)
    (5.7305 -0.000167937)
    (5.7310 -0.000170393)
    (5.7315 -0.000172938)
    (5.7320 -0.000175592)
    (5.7325 -0.000178374)
    (5.7330 -0.000181285)
    (5.7335 -0.000184316)
    (5.7340 -0.000187435)
    (5.7345 -0.000190606)
    (5.7350 -0.000193797)
    (5.7355 -0.000196975)
    (5.7360 -0.000200109)
    (5.7365 -0.000203164)
    (5.7370 -0.000206111)
    (5.7375 -0.000208929)
    (5.7380 -0.000211633)
    (5.7385 -0.000214247)
    (5.7390 -0.000216793)
    (5.7395 -0.000219291)
    (5.7400 -0.000221765)
    (5.7405 -0.000224235)
    (5.7410 -0.000226724)
    (5.7415 -0.000229255)
    (5.7420 -0.000231847)
    (5.7425 -0.000234518)
    (5.7430 -0.000237259)
    (5.7435 -0.000240055)
    (5.7440 -0.000242894)
    (5.7445 -0.00024576)
    (5.7450 -0.00024864)
    (5.7455 -0.00025152)
    (5.7460 -0.000254386)
    (5.7465 -0.000257224)
    (5.7470 -0.000260019)
    (5.7475 -0.000262762)
    (5.7480 -0.000265465)
    (5.7485 -0.000268146)
    (5.7490 -0.000270826)
    (5.7495 -0.000273525)
    (5.7500 -0.00027626)
    (5.7505 -0.000279054)
    (5.7510 -0.000281923)
    (5.7515 -0.000284887)
    (5.7520 -0.000287969)
    (5.7525 -0.000291184)
    (5.7530 -0.000294517)
    (5.7535 -0.000297948)
    (5.7540 -0.000301453)
    (5.7545 -0.000305006)
    (5.7550 -0.000308582)
    (5.7555 -0.000312158)
    (5.7560 -0.000315708)
    (5.7565 -0.00031921)
    (5.7570 -0.000322637)
    (5.7575 -0.000325966)
    (5.7580 -0.000329194)
    (5.7585 -0.000332325)
    (5.7590 -0.000335366)
    (5.7595 -0.000338327)
    (5.7600 -0.000341213)
    (5.7605 -0.000344031)
    (5.7610 -0.000346791)
    (5.7615 -0.000349499)
    (5.7620 -0.000352158)
    (5.7625 -0.00035477)
    (5.7630 -0.00035733)
    (5.7635 -0.000359835)
    (5.7640 -0.000362281)
    (5.7645 -0.000364664)
    (5.7650 -0.00036698)
    (5.7655 -0.000369226)
    (5.7660 -0.000371398)
    (5.7665 -0.000373493)
    (5.7670 -0.000375506)
    (5.7675 -0.000377434)
    (5.7680 -0.000379273)
    (5.7685 -0.00038102)
    (5.7690 -0.000382683)
    (5.7695 -0.000384269)
    (5.7700 -0.000385786)
    (5.7705 -0.000387243)
    (5.7710 -0.000388648)
    (5.7715 -0.00039001)
    (5.7720 -0.000391337)
    (5.7725 -0.000392637)
    (5.7730 -0.000393919)
    (5.7735 -0.000395191)
    (5.7740 -0.000396461)
    (5.7745 -0.000397738)
    (5.7750 -0.00039903)
    (5.7755 -0.000400347)
    (5.7760 -0.000401688)
    (5.7765 -0.000403052)
    (5.7770 -0.000404434)
    (5.7775 -0.000405831)
    (5.7780 -0.000407237)
    (5.7785 -0.00040865)
    (5.7790 -0.000410065)
    (5.7795 -0.000411478)
    (5.7800 -0.000412885)
    (5.7805 -0.000414282)
    (5.7810 -0.000415665)
    (5.7815 -0.00041703)
    (5.7820 -0.000418373)
    (5.7825 -0.000419689)
    (5.7830 -0.000420977)
    (5.7835 -0.000422235)
    (5.7840 -0.000423464)
    (5.7845 -0.000424667)
    (5.7850 -0.000425843)
    (5.7855 -0.000426993)
    (5.7860 -0.000428119)
    (5.7865 -0.000429221)
    (5.7870 -0.0004303)
    (5.7875 -0.000431357)
    (5.7880 -0.000432394)
    (5.7885 -0.00043341)
    (5.7890 -0.000434408)
    (5.7895 -0.000435387)
    (5.7900 -0.00043635)
    (5.7905 -0.000437295)
    (5.7910 -0.000438226)
    (5.7915 -0.000439142)
    (5.7920 -0.000440041)
    (5.7925 -0.000440921)
    (5.7930 -0.000441777)
    (5.7935 -0.000442607)
    (5.7940 -0.000443406)
    (5.7945 -0.000444172)
    (5.7950 -0.0004449)
    (5.7955 -0.000445588)
    (5.7960 -0.000446231)
    (5.7965 -0.000446828)
    (5.7970 -0.000447376)
    (5.7975 -0.000447877)
    (5.7980 -0.000448331)
    (5.7985 -0.000448741)
    (5.7990 -0.000449107)
    (5.7995 -0.00044943)
    (5.8000 -0.000449712)
    (5.8005 -0.000449954)
    (5.8010 -0.000450156)
    (5.8015 -0.000450321)
    (5.8020 -0.000450448)
    (5.8025 -0.00045054)
    (5.8030 -0.000450597)
    (5.8035 -0.000450621)
    (5.8040 -0.000450613)
    (5.8045 -0.000450574)
    (5.8050 -0.000450505)
    (5.8055 -0.000450407)
    (5.8060 -0.000450281)
    (5.8065 -0.000450129)
    (5.8070 -0.000449952)
    (5.8075 -0.000449751)
    (5.8080 -0.000449526)
    (5.8085 -0.00044928)
    (5.8090 -0.000449013)
    (5.8095 -0.000448727)
    (5.8100 -0.000448422)
    (5.8105 -0.0004481)
    (5.8110 -0.00044776)
    (5.8115 -0.000447399)
    (5.8120 -0.000447012)
    (5.8125 -0.000446596)
    (5.8130 -0.000446147)
    (5.8135 -0.000445661)
    (5.8140 -0.000445133)
    (5.8145 -0.00044456)
    (5.8150 -0.000443938)
    (5.8155 -0.000443263)
    (5.8160 -0.000442531)
    (5.8165 -0.000441738)
    (5.8170 -0.00044088)
    (5.8175 -0.000439954)
    (5.8180 -0.000438954)
    (5.8185 -0.000437877)
    (5.8190 -0.000436722)
    (5.8195 -0.00043549)
    (5.8200 -0.000434188)
    (5.8205 -0.000432822)
    (5.8210 -0.000431399)
    (5.8215 -0.000429924)
    (5.8220 -0.000428404)
    (5.8225 -0.000426845)
    (5.8230 -0.000425254)
    (5.8235 -0.000423635)
    (5.8240 -0.000421996)
    (5.8245 -0.000420342)
    (5.8250 -0.00041868)
    (5.8255 -0.000417016)
    (5.8260 -0.000415356)
    (5.8265 -0.000413707)
    (5.8270 -0.000412072)
    (5.8275 -0.000410454)
    (5.8280 -0.000408852)
    (5.8285 -0.000407266)
    (5.8290 -0.000405697)
    (5.8295 -0.000404144)
    (5.8300 -0.000402607)
    (5.8305 -0.000401086)
    (5.8310 -0.000399582)
    (5.8315 -0.000398093)
    (5.8320 -0.000396621)
    (5.8325 -0.000395165)
    (5.8330 -0.000393725)
    (5.8335 -0.000392301)
    (5.8340 -0.000390893)
    (5.8345 -0.000389501)
    (5.8350 -0.000388125)
    (5.8355 -0.000386765)
    (5.8360 -0.000385418)
    (5.8365 -0.000384086)
    (5.8370 -0.000382767)
    (5.8375 -0.00038146)
    (5.8380 -0.000380165)
    (5.8385 -0.00037888)
    (5.8390 -0.000377607)
    (5.8395 -0.000376342)
    (5.8400 -0.000375087)
    (5.8405 -0.00037384)
    (5.8410 -0.0003726)
    (5.8415 -0.000371368)
    (5.8420 -0.000370141)
    (5.8425 -0.00036892)
    (5.8430 -0.000367703)
    (5.8435 -0.000366491)
    (5.8440 -0.000365285)
    (5.8445 -0.000364086)
    (5.8450 -0.000362898)
    (5.8455 -0.000361721)
    (5.8460 -0.000360559)
    (5.8465 -0.000359413)
    (5.8470 -0.000358285)
    (5.8475 -0.000357178)
    (5.8480 -0.000356094)
    (5.8485 -0.000355034)
    (5.8490 -0.000354)
    (5.8495 -0.000352996)
    (5.8500 -0.000352023)
    (5.8505 -0.000351082)
    (5.8510 -0.000350177)
    (5.8515 -0.000349309)
    (5.8520 -0.00034848)
    (5.8525 -0.00034769)
    (5.8530 -0.000346935)
    (5.8535 -0.000346211)
    (5.8540 -0.000345512)
    (5.8545 -0.000344836)
    (5.8550 -0.000344176)
    (5.8555 -0.000343529)
    (5.8560 -0.00034289)
    (5.8565 -0.000342255)
    (5.8570 -0.00034162)
    (5.8575 -0.000340979)
    (5.8580 -0.000340329)
    (5.8585 -0.000339665)
    (5.8590 -0.000338983)
    (5.8595 -0.000338278)
    (5.8600 -0.000337545)
    (5.8605 -0.00033678)
    (5.8610 -0.000335984)
    (5.8615 -0.000335159)
    (5.8620 -0.00033431)
    (5.8625 -0.000333444)
    (5.8630 -0.000332565)
    (5.8635 -0.000331678)
    (5.8640 -0.000330788)
    (5.8645 -0.000329901)
    (5.8650 -0.000329021)
    (5.8655 -0.000328153)
    (5.8660 -0.000327303)
    (5.8665 -0.000326476)
    (5.8670 -0.000325676)
    (5.8675 -0.000324909)
    (5.8680 -0.00032418)
    (5.8685 -0.000323495)
    (5.8690 -0.000322855)
    (5.8695 -0.000322259)
    (5.8700 -0.0003217)
    (5.8705 -0.000321171)
    (5.8710 -0.000320665)
    (5.8715 -0.000320177)
    (5.8720 -0.0003197)
    (5.8725 -0.000319227)
    (5.8730 -0.000318753)
    (5.8735 -0.00031827)
    (5.8740 -0.000317772)
    (5.8745 -0.000317254)
    (5.8750 -0.000316714)
    (5.8755 -0.000316153)
    (5.8760 -0.00031557)
    (5.8765 -0.000314967)
    (5.8770 -0.000314343)
    (5.8775 -0.000313698)
    (5.8780 -0.000313032)
    (5.8785 -0.000312346)
    (5.8790 -0.000311641)
    (5.8795 -0.000310915)
    (5.8800 -0.000310169)
    (5.8805 -0.000309404)
    (5.8810 -0.00030862)
    (5.8815 -0.000307816)
    (5.8820 -0.000306993)
    (5.8825 -0.000306151)
    (5.8830 -0.000305291)
    (5.8835 -0.000304412)
    (5.8840 -0.000303515)
    (5.8845 -0.0003026)
    (5.8850 -0.000301667)
    (5.8855 -0.000300716)
    (5.8860 -0.000299748)
    (5.8865 -0.000298762)
    (5.8870 -0.000297759)
    (5.8875 -0.000296739)
    (5.8880 -0.000295702)
    (5.8885 -0.000294649)
    (5.8890 -0.000293579)
    (5.8895 -0.000292493)
    (5.8900 -0.000291391)
    (5.8905 -0.000290273)
    (5.8910 -0.000289139)
    (5.8915 -0.000287989)
    (5.8920 -0.000286825)
    (5.8925 -0.000285645)
    (5.8930 -0.00028445)
    (5.8935 -0.000283241)
    (5.8940 -0.000282016)
    (5.8945 -0.000280778)
    (5.8950 -0.000279525)
    (5.8955 -0.000278258)
    (5.8960 -0.000276981)
    (5.8965 -0.000275695)
    (5.8970 -0.000274404)
    (5.8975 -0.000273111)
    (5.8980 -0.00027182)
    (5.8985 -0.000270533)
    (5.8990 -0.000269254)
    (5.8995 -0.000267986)
    (5.9000 -0.000266733)
    (5.9005 -0.000265496)
    (5.9010 -0.000264281)
    (5.9015 -0.000263089)
    (5.9020 -0.000261924)
    (5.9025 -0.000260789)
    (5.9030 -0.000259687)
    (5.9035 -0.000258623)
    (5.9040 -0.000257596)
    (5.9045 -0.000256606)
    (5.9050 -0.000255649)
    (5.9055 -0.00025472)
    (5.9060 -0.000253815)
    (5.9065 -0.000252929)
    (5.9070 -0.000252059)
    (5.9075 -0.000251199)
    (5.9080 -0.000250346)
    (5.9085 -0.000249496)
    (5.9090 -0.000248644)
    (5.9095 -0.000247786)
    (5.9100 -0.000246918)
    (5.9105 -0.000246035)
    (5.9110 -0.000245134)
    (5.9115 -0.000244209)
    (5.9120 -0.000243257)
    (5.9125 -0.000242273)
    (5.9130 -0.000241258)
    (5.9135 -0.000240213)
    (5.9140 -0.00023914)
    (5.9145 -0.000238041)
    (5.9150 -0.00023692)
    (5.9155 -0.000235778)
    (5.9160 -0.000234617)
    (5.9165 -0.000233441)
    (5.9170 -0.00023225)
    (5.9175 -0.000231048)
    (5.9180 -0.000229837)
    (5.9185 -0.000228618)
    (5.9190 -0.000227395)
    (5.9195 -0.00022617)
    (5.9200 -0.000224945)
    (5.9205 -0.000223722)
    (5.9210 -0.000222503)
    (5.9215 -0.000221291)
    (5.9220 -0.000220084)
    (5.9225 -0.000218883)
    (5.9230 -0.000217687)
    (5.9235 -0.000216496)
    (5.9240 -0.00021531)
    (5.9245 -0.000214129)
    (5.9250 -0.000212951)
    (5.9255 -0.000211777)
    (5.9260 -0.000210607)
    (5.9265 -0.000209441)
    (5.9270 -0.000208277)
    (5.9275 -0.000207116)
    (5.9280 -0.000205957)
    (5.9285 -0.0002048)
    (5.9290 -0.000203646)
    (5.9295 -0.000202492)
    (5.9300 -0.00020134)
    (5.9305 -0.000200188)
    (5.9310 -0.000199035)
    (5.9315 -0.00019788)
    (5.9320 -0.000196722)
    (5.9325 -0.000195559)
    (5.9330 -0.00019439)
    (5.9335 -0.000193215)
    (5.9340 -0.000192032)
    (5.9345 -0.00019084)
    (5.9350 -0.000189638)
    (5.9355 -0.000188424)
    (5.9360 -0.000187198)
    (5.9365 -0.000185958)
    (5.9370 -0.000184704)
    (5.9375 -0.000183433)
    (5.9380 -0.000182146)
    (5.9385 -0.00018084)
    (5.9390 -0.000179518)
    (5.9395 -0.000178182)
    (5.9400 -0.000176834)
    (5.9405 -0.000175477)
    (5.9410 -0.000174114)
    (5.9415 -0.000172748)
    (5.9420 -0.00017138)
    (5.9425 -0.000170014)
    (5.9430 -0.000168651)
    (5.9435 -0.000167296)
    (5.9440 -0.00016595)
    (5.9445 -0.000164616)
    (5.9450 -0.000163296)
    (5.9455 -0.000161993)
    (5.9460 -0.000160711)
    (5.9465 -0.000159451)
    (5.9470 -0.000158213)
    (5.9475 -0.000156998)
    (5.9480 -0.000155801)
    (5.9485 -0.000154621)
    (5.9490 -0.000153456)
    (5.9495 -0.000152303)
    (5.9500 -0.00015116)
    (5.9505 -0.000150024)
    (5.9510 -0.000148894)
    (5.9515 -0.000147767)
    (5.9520 -0.00014664)
    (5.9525 -0.000145512)
    (5.9530 -0.00014438)
    (5.9535 -0.000143243)
    (5.9540 -0.000142096)
    (5.9545 -0.000140939)
    (5.9550 -0.00013977)
    (5.9555 -0.000138585)
    (5.9560 -0.000137382)
    (5.9565 -0.000136159)
    (5.9570 -0.000134915)
    (5.9575 -0.000133647)
    (5.9580 -0.000132358)
    (5.9585 -0.000131049)
    (5.9590 -0.000129722)
    (5.9595 -0.000128379)
    (5.9600 -0.000127021)
    (5.9605 -0.000125651)
    (5.9610 -0.00012427)
    (5.9615 -0.00012288)
    (5.9620 -0.000121483)
    (5.9625 -0.00012008)
    (5.9630 -0.000118674)
    (5.9635 -0.000117265)
    (5.9640 -0.000115857)
    (5.9645 -0.00011445)
    (5.9650 -0.000113047)
    (5.9655 -0.00011165)
    (5.9660 -0.000110258)
    (5.9665 -0.000108872)
    (5.9670 -0.00010749)
    (5.9675 -0.000106109)
    (5.9680 -0.000104728)
    (5.9685 -0.000103344)
    (5.9690 -0.000101956)
    (5.9695 -0.000100562)
    (5.9700 -9.91593e-05)
    (5.9705 -9.77467e-05)
    (5.9710 -9.63222e-05)
    (5.9715 -9.48837e-05)
    (5.9720 -9.34293e-05)
    (5.9725 -9.19573e-05)
    (5.9730 -9.04653e-05)
    (5.9735 -8.89516e-05)
    (5.9740 -8.74153e-05)
    (5.9745 -8.58563e-05)
    (5.9750 -8.42754e-05)
    (5.9755 -8.26733e-05)
    (5.9760 -8.10509e-05)
    (5.9765 -7.94087e-05)
    (5.9770 -7.77474e-05)
    (5.9775 -7.60679e-05)
    (5.9780 -7.43707e-05)
    (5.9785 -7.26565e-05)
    (5.9790 -7.09262e-05)
    (5.9795 -6.91805e-05)
    (5.9800 -6.74198e-05)
    (5.9805 -6.56448e-05)
    (5.9810 -6.38573e-05)
    (5.9815 -6.206e-05)
    (5.9820 -6.0258e-05)
    (5.9825 -5.84566e-05)
    (5.9830 -5.66607e-05)
    (5.9835 -5.48754e-05)
    (5.9840 -5.31056e-05)
    (5.9845 -5.13564e-05)
    (5.9850 -4.96329e-05)
    (5.9855 -4.79399e-05)
    (5.9860 -4.62827e-05)
    (5.9865 -4.46663e-05)
    (5.9870 -4.30954e-05)
    (5.9875 -4.15749e-05)
    (5.9880 -4.0111e-05)
    (5.9885 -3.87087e-05)
    (5.9890 -3.73682e-05)
    (5.9895 -3.60867e-05)
    (5.9900 -3.48555e-05)
    (5.9905 -3.36642e-05)
    (5.9910 -3.25039e-05)
    (5.9915 -3.13658e-05)
    (5.9920 -3.02409e-05)
    (5.9925 -2.91202e-05)
    (5.9930 -2.79943e-05)
    (5.9935 -2.68541e-05)
    (5.9940 -2.56917e-05)
    (5.9945 -2.44984e-05)
    (5.9950 -2.32607e-05)
    (5.9955 -2.19686e-05)
    (5.9960 -2.0629e-05)
    (5.9965 -1.92371e-05)
    (5.9970 -1.77242e-05)
    (5.9975 -1.60653e-05)
    (5.9980 -1.44739e-05)
    (5.9985 -1.30008e-05)
    (5.9990 -1.08059e-05)
    (5.9995 -6.82651e-06)
    (6.0000 0)
    (6.0005 0)
    (6.0010 0)
    (6.0015 0)
    (6.0020 0)
    (6.0025 0)
    (6.0030 0)
    (6.0035 0)
    (6.0040 0)
    (6.0045 0)
    (6.0050 0)
    (6.0055 0)
    (6.0060 0)
    (6.0065 0)
    (6.0070 0)
    (6.0075 0)
    (6.0080 0)
    (6.0085 0)
    (6.0090 0)
    (6.0095 0)
    (6.0100 0)
    (6.0105 0)
    (6.0110 0)
    (6.0115 0)
    (6.0120 0)
    (6.0125 0)
    (6.0130 0)
    (6.0135 0)
    (6.0140 0)
    (6.0145 0)
    (6.0150 0)
    (6.0155 0)
    (6.0160 0)
    (6.0165 0)
    (6.0170 0)
    (6.0175 0)
    (6.0180 0)
    (6.0185 0)
    (6.0190 0)
    (6.0195 0)
    (6.0200 0)
    (6.0205 0)
    (6.0210 0)
    (6.0215 0)
    (6.0220 0)
    (6.0225 0)
    (6.0230 0)
    (6.0235 0)
    (6.0240 0)
    (6.0245 0)
    (6.0250 0)
    (6.0255 0)
    (6.0260 0)
    (6.0265 0)
    (6.0270 0)
    (6.0275 0)
    (6.0280 0)
    (6.0285 0)
    (6.0290 0)
    (6.0295 0)
    (6.0300 0)
    (6.0305 0)
    (6.0310 0)
    (6.0315 0)
    (6.0320 0)
    (6.0325 0)
    (6.0330 0)
    (6.0335 0)
    (6.0340 0)
    (6.0345 0)
    (6.0350 0)
    (6.0355 0)
    (6.0360 0)
    (6.0365 0)
    (6.0370 0)
    (6.0375 0)
    (6.0380 0)
    (6.0385 0)
    (6.0390 0)
    (6.0395 0)
    (6.0400 0)
    (6.0405 0)
    (6.0410 0)
    (6.0415 0)
    (6.0420 0)
    (6.0425 0)
    (6.0430 0)
    (6.0435 0)
    (6.0440 0)
    (6.0445 0)
    (6.0450 0)
    (6.0455 0)
    (6.0460 0)
    (6.0465 0)
    (6.0470 0)
    (6.0475 0)
    (6.0480 0)
    (6.0485 0)
    (6.0490 0)
    (6.0495 0)
    (6.0500 0)
    (6.0505 0)
    (6.0510 0)
    (6.0515 0)
    (6.0520 0)
    (6.0525 0)
    (6.0530 0)
    (6.0535 0)
    (6.0540 0)
    (6.0545 0)
    (6.0550 0)
    (6.0555 0)
    (6.0560 0)
    (6.0565 0)
    (6.0570 0)
    (6.0575 0)
    (6.0580 0)
    (6.0585 0)
    (6.0590 0)
    (6.0595 0)
    (6.0600 0)
    (6.0605 0)
    (6.0610 0)
    (6.0615 0)
    (6.0620 0)
    (6.0625 0)
    (6.0630 0)
    (6.0635 0)
    (6.0640 0)
    (6.0645 0)
    (6.0650 0)
    (6.0655 0)
    (6.0660 0)
    (6.0665 0)
    (6.0670 0)
    (6.0675 0)
    (6.0680 0)
    (6.0685 0)
    (6.0690 0)
    (6.0695 0)
    (6.0700 0)
    (6.0705 0)
    (6.0710 0)
    (6.0715 0)
    (6.0720 0)
    (6.0725 0)
    (6.0730 0)
    (6.0735 0)
    (6.0740 0)
    (6.0745 0)
    (6.0750 0)
    (6.0755 0)
    (6.0760 0)
    (6.0765 0)
    (6.0770 0)
    (6.0775 0)
    (6.0780 0)
    (6.0785 0)
    (6.0790 0)
    (6.0795 0)
    (6.0800 0)
    (6.0805 0)
    (6.0810 0)
    (6.0815 0)
    (6.0820 0)
    (6.0825 0)
    (6.0830 0)
    (6.0835 0)
    (6.0840 0)
    (6.0845 0)
    (6.0850 0)
    (6.0855 0)
    (6.0860 0)
    (6.0865 0)
    (6.0870 0)
    (6.0875 0)
    (6.0880 0)
    (6.0885 0)
    (6.0890 0)
    (6.0895 0)
    (6.0900 0)
    (6.0905 0)
    (6.0910 0)
    (6.0915 0)
    (6.0920 0)
    (6.0925 0)
    (6.0930 0)
    (6.0935 0)
    (6.0940 0)
    (6.0945 0)
    (6.0950 0)
    (6.0955 0)
    (6.0960 0)
    (6.0965 0)
    (6.0970 0)
    (6.0975 0)
    (6.0980 0)
    (6.0985 0)
    (6.0990 0)
    (6.0995 0)
    (6.1000 0)
    (6.1005 0)
    (6.1010 0)
    (6.1015 0)
    (6.1020 0)
    (6.1025 0)
    (6.1030 0)
    (6.1035 0)
    (6.1040 0)
    (6.1045 0)
    (6.1050 0)
    (6.1055 0)
    (6.1060 0)
    (6.1065 0)
    (6.1070 0)
    (6.1075 0)
    (6.1080 0)
    (6.1085 0)
    (6.1090 0)
    (6.1095 0)
    (6.1100 0)
    (6.1105 0)
    (6.1110 0)
    (6.1115 0)
    (6.1120 0)
    (6.1125 0)
    (6.1130 0)
    (6.1135 0)
    (6.1140 0)
    (6.1145 0)
    (6.1150 0)
    (6.1155 0)
    (6.1160 0)
    (6.1165 0)
    (6.1170 0)
    (6.1175 0)
    (6.1180 0)
    (6.1185 0)
    (6.1190 0)
    (6.1195 0)
    (6.1200 0)
    (6.1205 0)
    (6.1210 0)
    (6.1215 0)
    (6.1220 0)
    (6.1225 0)
    (6.1230 0)
    (6.1235 0)
    (6.1240 0)
    (6.1245 0)
    (6.1250 0)
    (6.1255 0)
    (6.1260 0)
    (6.1265 0)
    (6.1270 0)
    (6.1275 0)
    (6.1280 0)
    (6.1285 0)
    (6.1290 0)
    (6.1295 0)
    (6.1300 0)
    (6.1305 0)
    (6.1310 0)
    (6.1315 0)
    (6.1320 0)
    (6.1325 0)
    (6.1330 0)
    (6.1335 0)
    (6.1340 0)
    (6.1345 0)
    (6.1350 0)
    (6.1355 0)
    (6.1360 0)
    (6.1365 0)
    (6.1370 0)
    (6.1375 0)
    (6.1380 0)
    (6.1385 0)
    (6.1390 0)
    (6.1395 0)
    (6.1400 0)
    (6.1405 0)
    (6.1410 0)
    (6.1415 0)
    (6.1420 0)
    (6.1425 0)
    (6.1430 0)
    (6.1435 0)
    (6.1440 0)
    (6.1445 0)
    (6.1450 0)
    (6.1455 0)
    (6.1460 0)
    (6.1465 0)
    (6.1470 0)
    (6.1475 0)
    (6.1480 0)
    (6.1485 0)
    (6.1490 0)
    (6.1495 0)
    (6.1500 0)
    (6.1505 0)
    (6.1510 0)
    (6.1515 0)
    (6.1520 0)
    (6.1525 0)
    (6.1530 0)
    (6.1535 0)
    (6.1540 0)
    (6.1545 0)
    (6.1550 0)
    (6.1555 0)
    (6.1560 0)
    (6.1565 0)
    (6.1570 0)
    (6.1575 0)
    (6.1580 0)
    (6.1585 0)
    (6.1590 0)
    (6.1595 0)
    (6.1600 0)
    (6.1605 0)
    (6.1610 0)
    (6.1615 0)
    (6.1620 0)
    (6.1625 0)
    (6.1630 0)
    (6.1635 0)
    (6.1640 0)
    (6.1645 0)
    (6.1650 0)
    (6.1655 0)
    (6.1660 0)
    (6.1665 0)
    (6.1670 0)
    (6.1675 0)
    (6.1680 0)
    (6.1685 0)
    (6.1690 0)
    (6.1695 0)
    (6.1700 0)
    (6.1705 0)
    (6.1710 0)
    (6.1715 0)
    (6.1720 0)
    (6.1725 0)
    (6.1730 0)
    (6.1735 0)
    (6.1740 0)
    (6.1745 0)
    (6.1750 0)
    (6.1755 0)
    (6.1760 0)
    (6.1765 0)
    (6.1770 0)
    (6.1775 0)
    (6.1780 0)
    (6.1785 0)
    (6.1790 0)
    (6.1795 0)
    (6.1800 0)
    (6.1805 0)
    (6.1810 0)
    (6.1815 0)
    (6.1820 0)
    (6.1825 0)
    (6.1830 0)
    (6.1835 0)
    (6.1840 0)
    (6.1845 0)
    (6.1850 0)
    (6.1855 0)
    (6.1860 0)
    (6.1865 0)
    (6.1870 0)
    (6.1875 0)
    (6.1880 0)
    (6.1885 0)
    (6.1890 0)
    (6.1895 0)
    (6.1900 0)
    (6.1905 0)
    (6.1910 0)
    (6.1915 0)
    (6.1920 0)
    (6.1925 0)
    (6.1930 0)
    (6.1935 0)
    (6.1940 0)
    (6.1945 0)
    (6.1950 0)
    (6.1955 0)
    (6.1960 0)
    (6.1965 0)
    (6.1970 0)
    (6.1975 0)
    (6.1980 0)
    (6.1985 0)
    (6.1990 0)
    (6.1995 0)
    (6.2000 0)
    (6.2005 0)
    (6.2010 0)
    (6.2015 0)
    (6.2020 0)
    (6.2025 0)
    (6.2030 0)
    (6.2035 0)
    (6.2040 0)
    (6.2045 0)
    (6.2050 0)
    (6.2055 0)
    (6.2060 0)
    (6.2065 0)
    (6.2070 0)
    (6.2075 0)
    (6.2080 0)
    (6.2085 0)
    (6.2090 0)
    (6.2095 0)
    (6.2100 0)
    (6.2105 0)
    (6.2110 0)
    (6.2115 0)
    (6.2120 0)
    (6.2125 0)
    (6.2130 0)
    (6.2135 0)
    (6.2140 0)
    (6.2145 0)
    (6.2150 0)
    (6.2155 0)
    (6.2160 0)
    (6.2165 0)
    (6.2170 0)
    (6.2175 0)
    (6.2180 0)
    (6.2185 0)
    (6.2190 0)
    (6.2195 0)
    (6.2200 0)
    (6.2205 0)
    (6.2210 0)
    (6.2215 0)
    (6.2220 0)
    (6.2225 0)
    (6.2230 0)
    (6.2235 0)
    (6.2240 0)
    (6.2245 0)
    (6.2250 0)
    (6.2255 0)
    (6.2260 0)
    (6.2265 0)
    (6.2270 0)
    (6.2275 0)
    (6.2280 0)
    (6.2285 0)
    (6.2290 0)
    (6.2295 0)
    (6.2300 0)
    (6.2305 0)
    (6.2310 0)
    (6.2315 0)
    (6.2320 0)
    (6.2325 0)
    (6.2330 0)
    (6.2335 0)
    (6.2340 0)
    (6.2345 0)
    (6.2350 0)
    (6.2355 0)
    (6.2360 0)
    (6.2365 0)
    (6.2370 0)
    (6.2375 0)
    (6.2380 0)
    (6.2385 0)
    (6.2390 0)
    (6.2395 0)
    (6.2400 0)
    (6.2405 0)
    (6.2410 0)
    (6.2415 0)
    (6.2420 0)
    (6.2425 0)
    (6.2430 0)
    (6.2435 0)
    (6.2440 0)
    (6.2445 0)
    (6.2450 0)
    (6.2455 0)
    (6.2460 0)
    (6.2465 0)
    (6.2470 0)
    (6.2475 0)
    (6.2480 0)
    (6.2485 0)
    (6.2490 0)
    (6.2495 0)
    (6.2500 0)
    (6.2505 0)
    (6.2510 0)
    (6.2515 0)
    (6.2520 0)
    (6.2525 0)
    (6.2530 0)
    (6.2535 0)
    (6.2540 0)
    (6.2545 0)
    (6.2550 0)
    (6.2555 0)
    (6.2560 0)
    (6.2565 0)
    (6.2570 0)
    (6.2575 0)
    (6.2580 0)
    (6.2585 0)
    (6.2590 0)
    (6.2595 0)
    (6.2600 0)
    (6.2605 0)
    (6.2610 0)
    (6.2615 0)
    (6.2620 0)
    (6.2625 0)
    (6.2630 0)
    (6.2635 0)
    (6.2640 0)
    (6.2645 0)
    (6.2650 0)
    (6.2655 0)
    (6.2660 0)
    (6.2665 0)
    (6.2670 0)
    (6.2675 0)
    (6.2680 0)
    (6.2685 0)
    (6.2690 0)
    (6.2695 0)
    (6.2700 0)
    (6.2705 0)
    (6.2710 0)
    (6.2715 0)
    (6.2720 0)
    (6.2725 0)
    (6.2730 0)
    (6.2735 0)
    (6.2740 0)
    (6.2745 0)
    (6.2750 0)
    (6.2755 0)
    (6.2760 0)
    (6.2765 0)
    (6.2770 0)
    (6.2775 0)
    (6.2780 0)
    (6.2785 0)
    (6.2790 0)
    (6.2795 0)
    (6.2800 0)
    (6.2805 0)
    (6.2810 0)
    (6.2815 0)
    (6.2820 0)
    (6.2825 0)
    (6.2830 0)
    (6.2835 0)
    (6.2840 0)
    (6.2845 0)
    (6.2850 0)
    (6.2855 0)
    (6.2860 0)
    (6.2865 0)
    (6.2870 0)
    (6.2875 0)
    (6.2880 0)
    (6.2885 0)
    (6.2890 0)
    (6.2895 0)
    (6.2900 0)
    (6.2905 0)
    (6.2910 0)
    (6.2915 0)
    (6.2920 0)
    (6.2925 0)
    (6.2930 0)
    (6.2935 0)
    (6.2940 0)
    (6.2945 0)
    (6.2950 0)
    (6.2955 0)
    (6.2960 0)
    (6.2965 0)
    (6.2970 0)
    (6.2975 0)
    (6.2980 0)
    (6.2985 0)
    (6.2990 0)
    (6.2995 0)
    (6.3000 0)
    (6.3005 0)
    (6.3010 0)
    (6.3015 0)
    (6.3020 0)
    (6.3025 0)
    (6.3030 0)
    (6.3035 0)
    (6.3040 0)
    (6.3045 0)
    (6.3050 0)
    (6.3055 0)
    (6.3060 0)
    (6.3065 0)
    (6.3070 0)
    (6.3075 0)
    (6.3080 0)
    (6.3085 0)
    (6.3090 0)
    (6.3095 0)
    (6.3100 0)
    (6.3105 0)
    (6.3110 0)
    (6.3115 0)
    (6.3120 0)
    (6.3125 0)
    (6.3130 0)
    (6.3135 0)
    (6.3140 0)
    (6.3145 0)
    (6.3150 0)
    (6.3155 0)
    (6.3160 0)
    (6.3165 0)
    (6.3170 0)
    (6.3175 0)
    (6.3180 0)
    (6.3185 0)
    (6.3190 0)
    (6.3195 0)
    (6.3200 0)
    (6.3205 0)
    (6.3210 0)
    (6.3215 0)
    (6.3220 0)
    (6.3225 0)
    (6.3230 0)
    (6.3235 0)
    (6.3240 0)
    (6.3245 0)
    (6.3250 0)
    (6.3255 0)
    (6.3260 0)
    (6.3265 0)
    (6.3270 0)
    (6.3275 0)
    (6.3280 0)
    (6.3285 0)
    (6.3290 0)
    (6.3295 0)
    (6.3300 0)
    (6.3305 0)
    (6.3310 0)
    (6.3315 0)
    (6.3320 0)
    (6.3325 0)
    (6.3330 0)
    (6.3335 0)
    (6.3340 0)
    (6.3345 0)
    (6.3350 0)
    (6.3355 0)
    (6.3360 0)
    (6.3365 0)
    (6.3370 0)
    (6.3375 0)
    (6.3380 0)
    (6.3385 0)
    (6.3390 0)
    (6.3395 0)
    (6.3400 0)
    (6.3405 0)
    (6.3410 0)
    (6.3415 0)
    (6.3420 0)
    (6.3425 0)
    (6.3430 0)
    (6.3435 0)
    (6.3440 0)
    (6.3445 0)
    (6.3450 0)
    (6.3455 0)
    (6.3460 0)
    (6.3465 0)
    (6.3470 0)
    (6.3475 0)
    (6.3480 0)
    (6.3485 0)
    (6.3490 0)
    (6.3495 0)
    (6.3500 0)
    (6.3505 0)
    (6.3510 0)
    (6.3515 0)
    (6.3520 0)
    (6.3525 0)
    (6.3530 0)
    (6.3535 0)
    (6.3540 0)
    (6.3545 0)
    (6.3550 0)
    (6.3555 0)
    (6.3560 0)
    (6.3565 0)
    (6.3570 0)
    (6.3575 0)
    (6.3580 0)
    (6.3585 0)
    (6.3590 0)
    (6.3595 0)
    (6.3600 0)
    (6.3605 0)
    (6.3610 0)
    (6.3615 0)
    (6.3620 0)
    (6.3625 0)
    (6.3630 0)
    (6.3635 0)
    (6.3640 0)
    (6.3645 0)
    (6.3650 0)
    (6.3655 0)
    (6.3660 0)
    (6.3665 0)
    (6.3670 0)
    (6.3675 0)
    (6.3680 0)
    (6.3685 0)
    (6.3690 0)
    (6.3695 0)
    (6.3700 0)
    (6.3705 0)
    (6.3710 0)
    (6.3715 0)
    (6.3720 0)
    (6.3725 0)
    (6.3730 0)
    (6.3735 0)
    (6.3740 0)
    (6.3745 0)
    (6.3750 0)
    (6.3755 0)
    (6.3760 0)
    (6.3765 0)
    (6.3770 0)
    (6.3775 0)
    (6.3780 0)
    (6.3785 0)
    (6.3790 0)
    (6.3795 0)
    (6.3800 0)
    (6.3805 0)
    (6.3810 0)
    (6.3815 0)
    (6.3820 0)
    (6.3825 0)
    (6.3830 0)
    (6.3835 0)
    (6.3840 0)
    (6.3845 0)
    (6.3850 0)
    (6.3855 0)
    (6.3860 0)
    (6.3865 0)
    (6.3870 0)
    (6.3875 0)
    (6.3880 0)
    (6.3885 0)
    (6.3890 0)
    (6.3895 0)
    (6.3900 0)
    (6.3905 0)
    (6.3910 0)
    (6.3915 0)
    (6.3920 0)
    (6.3925 0)
    (6.3930 0)
    (6.3935 0)
    (6.3940 0)
    (6.3945 0)
    (6.3950 0)
    (6.3955 0)
    (6.3960 0)
    (6.3965 0)
    (6.3970 0)
    (6.3975 0)
    (6.3980 0)
    (6.3985 0)
    (6.3990 0)
    (6.3995 0)
    (6.4000 0)
    (6.4005 0)
    (6.4010 0)
    (6.4015 0)
    (6.4020 0)
    (6.4025 0)
    (6.4030 0)
    (6.4035 0)
    (6.4040 0)
    (6.4045 0)
    (6.4050 0)
    (6.4055 0)
    (6.4060 0)
    (6.4065 0)
    (6.4070 0)
    (6.4075 0)
    (6.4080 0)
    (6.4085 0)
    (6.4090 0)
    (6.4095 0)
    (6.4100 0)
    (6.4105 0)
    (6.4110 0)
    (6.4115 0)
    (6.4120 0)
    (6.4125 0)
    (6.4130 0)
    (6.4135 0)
    (6.4140 0)
    (6.4145 0)
    (6.4150 0)
    (6.4155 0)
    (6.4160 0)
    (6.4165 0)
    (6.4170 0)
    (6.4175 0)
    (6.4180 0)
    (6.4185 0)
    (6.4190 0)
    (6.4195 0)
    (6.4200 0)
    (6.4205 0)
    (6.4210 0)
    (6.4215 0)
    (6.4220 0)
    (6.4225 0)
    (6.4230 0)
    (6.4235 0)
    (6.4240 0)
    (6.4245 0)
    (6.4250 0)
    (6.4255 0)
    (6.4260 0)
    (6.4265 0)
    (6.4270 0)
    (6.4275 0)
    (6.4280 0)
    (6.4285 0)
    (6.4290 0)
    (6.4295 0)
    (6.4300 0)
    (6.4305 0)
    (6.4310 0)
    (6.4315 0)
    (6.4320 0)
    (6.4325 0)
    (6.4330 0)
    (6.4335 0)
    (6.4340 0)
    (6.4345 0)
    (6.4350 0)
    (6.4355 0)
    (6.4360 0)
    (6.4365 0)
    (6.4370 0)
    (6.4375 0)
    (6.4380 0)
    (6.4385 0)
    (6.4390 0)
    (6.4395 0)
    (6.4400 0)
    (6.4405 0)
    (6.4410 0)
    (6.4415 0)
    (6.4420 0)
    (6.4425 0)
    (6.4430 0)
    (6.4435 0)
    (6.4440 0)
    (6.4445 0)
    (6.4450 0)
    (6.4455 0)
    (6.4460 0)
    (6.4465 0)
    (6.4470 0)
    (6.4475 0)
    (6.4480 0)
    (6.4485 0)
    (6.4490 0)
    (6.4495 0)
    (6.4500 0)
    (6.4505 0)
    (6.4510 0)
    (6.4515 0)
    (6.4520 0)
    (6.4525 0)
    (6.4530 0)
    (6.4535 0)
    (6.4540 0)
    (6.4545 0)
    (6.4550 0)
    (6.4555 0)
    (6.4560 0)
    (6.4565 0)
    (6.4570 0)
    (6.4575 0)
    (6.4580 0)
    (6.4585 0)
    (6.4590 0)
    (6.4595 0)
    (6.4600 0)
    (6.4605 0)
    (6.4610 0)
    (6.4615 0)
    (6.4620 0)
    (6.4625 0)
    (6.4630 0)
    (6.4635 0)
    (6.4640 0)
    (6.4645 0)
    (6.4650 0)
    (6.4655 0)
    (6.4660 0)
    (6.4665 0)
    (6.4670 0)
    (6.4675 0)
    (6.4680 0)
    (6.4685 0)
    (6.4690 0)
    (6.4695 0)
    (6.4700 0)
    (6.4705 0)
    (6.4710 0)
    (6.4715 0)
    (6.4720 0)
    (6.4725 0)
    (6.4730 0)
    (6.4735 0)
    (6.4740 0)
    (6.4745 0)
    (6.4750 0)
    (6.4755 0)
    (6.4760 0)
    (6.4765 0)
    (6.4770 0)
    (6.4775 0)
    (6.4780 0)
    (6.4785 0)
    (6.4790 0)
    (6.4795 0)
    (6.4800 0)
    (6.4805 0)
    (6.4810 0)
    (6.4815 0)
    (6.4820 0)
    (6.4825 0)
    (6.4830 0)
    (6.4835 0)
    (6.4840 0)
    (6.4845 0)
    (6.4850 0)
    (6.4855 0)
    (6.4860 0)
    (6.4865 0)
    (6.4870 0)
    (6.4875 0)
    (6.4880 0)
    (6.4885 0)
    (6.4890 0)
    (6.4895 0)
    (6.4900 0)
    (6.4905 0)
    (6.4910 0)
    (6.4915 0)
    (6.4920 0)
    (6.4925 0)
    (6.4930 0)
    (6.4935 0)
    (6.4940 0)
    (6.4945 0)
    (6.4950 0)
    (6.4955 0)
    (6.4960 0)
    (6.4965 0)
    (6.4970 0)
    (6.4975 0)
    (6.4980 0)
    (6.4985 0)
    (6.4990 0)
    (6.4995 0)
    (6.5000 0)
    (6.5005 0)
    (6.5010 0)
    (6.5015 0)
    (6.5020 0)
    (6.5025 0)
    (6.5030 0)
    (6.5035 0)
    (6.5040 0)
    (6.5045 0)
    (6.5050 0)
    (6.5055 0)
    (6.5060 0)
    (6.5065 0)
    (6.5070 0)
    (6.5075 0)
    (6.5080 0)
    (6.5085 0)
    (6.5090 0)
    (6.5095 0)
    (6.5100 0)
    (6.5105 0)
    (6.5110 0)
    (6.5115 0)
    (6.5120 0)
    (6.5125 0)
    (6.5130 0)
    (6.5135 0)
    (6.5140 0)
    (6.5145 0)
    (6.5150 0)
    (6.5155 0)
    (6.5160 0)
    (6.5165 0)
    (6.5170 0)
    (6.5175 0)
    (6.5180 0)
    (6.5185 0)
    (6.5190 0)
    (6.5195 0)
    (6.5200 0)
    (6.5205 0)
    (6.5210 0)
    (6.5215 0)
    (6.5220 0)
    (6.5225 0)
    (6.5230 0)
    (6.5235 0)
    (6.5240 0)
    (6.5245 0)
    (6.5250 0)
    (6.5255 0)
    (6.5260 0)
    (6.5265 0)
    (6.5270 0)
    (6.5275 0)
    (6.5280 0)
    (6.5285 0)
    (6.5290 0)
    (6.5295 0)
    (6.5300 0)
    (6.5305 0)
    (6.5310 0)
    (6.5315 0)
    (6.5320 0)
    (6.5325 0)
    (6.5330 0)
    (6.5335 0)
    (6.5340 0)
    (6.5345 0)
    (6.5350 0)
    (6.5355 0)
    (6.5360 0)
    (6.5365 0)
    (6.5370 0)
    (6.5375 0)
    (6.5380 0)
    (6.5385 0)
    (6.5390 0)
    (6.5395 0)
    (6.5400 0)
    (6.5405 0)
    (6.5410 0)
    (6.5415 0)
    (6.5420 0)
    (6.5425 0)
    (6.5430 0)
    (6.5435 0)
    (6.5440 0)
    (6.5445 0)
    (6.5450 0)
    (6.5455 0)
    (6.5460 0)
    (6.5465 0)
    (6.5470 0)
    (6.5475 0)
    (6.5480 0)
    (6.5485 0)
    (6.5490 0)
    (6.5495 0)
    (6.5500 0)
    (6.5505 0)
    (6.5510 0)
    (6.5515 0)
    (6.5520 0)
    (6.5525 0)
    (6.5530 0)
    (6.5535 0)
    (6.5540 0)
    (6.5545 0)
    (6.5550 0)
    (6.5555 0)
    (6.5560 0)
    (6.5565 0)
    (6.5570 0)
    (6.5575 0)
    (6.5580 0)
    (6.5585 0)
    (6.5590 0)
    (6.5595 0)
    (6.5600 0)
    (6.5605 0)
    (6.5610 0)
    (6.5615 0)
    (6.5620 0)
    (6.5625 0)
    (6.5630 0)
    (6.5635 0)
    (6.5640 0)
    (6.5645 0)
    (6.5650 0)
    (6.5655 0)
    (6.5660 0)
    (6.5665 0)
    (6.5670 0)
    (6.5675 0)
    (6.5680 0)
    (6.5685 0)
    (6.5690 0)
    (6.5695 0)
    (6.5700 0)
    (6.5705 0)
    (6.5710 0)
    (6.5715 0)
    (6.5720 0)
    (6.5725 0)
    (6.5730 0)
    (6.5735 0)
    (6.5740 0)
    (6.5745 0)
    (6.5750 0)
    (6.5755 0)
    (6.5760 0)
    (6.5765 0)
    (6.5770 0)
    (6.5775 0)
    (6.5780 0)
    (6.5785 0)
    (6.5790 0)
    (6.5795 0)
    (6.5800 0)
    (6.5805 0)
    (6.5810 0)
    (6.5815 0)
    (6.5820 0)
    (6.5825 0)
    (6.5830 0)
    (6.5835 0)
    (6.5840 0)
    (6.5845 0)
    (6.5850 0)
    (6.5855 0)
    (6.5860 0)
    (6.5865 0)
    (6.5870 0)
    (6.5875 0)
    (6.5880 0)
    (6.5885 0)
    (6.5890 0)
    (6.5895 0)
    (6.5900 0)
    (6.5905 0)
    (6.5910 0)
    (6.5915 0)
    (6.5920 0)
    (6.5925 0)
    (6.5930 0)
    (6.5935 0)
    (6.5940 0)
    (6.5945 0)
    (6.5950 0)
    (6.5955 0)
    (6.5960 0)
    (6.5965 0)
    (6.5970 0)
    (6.5975 0)
    (6.5980 0)
    (6.5985 0)
    (6.5990 0)
    (6.5995 0)
    (6.6000 0)
    (6.6005 0)
    (6.6010 0)
    (6.6015 0)
    (6.6020 0)
    (6.6025 0)
    (6.6030 0)
    (6.6035 0)
    (6.6040 0)
    (6.6045 0)
    (6.6050 0)
    (6.6055 0)
    (6.6060 0)
    (6.6065 0)
    (6.6070 0)
    (6.6075 0)
    (6.6080 0)
    (6.6085 0)
    (6.6090 0)
    (6.6095 0)
    (6.6100 0)
    (6.6105 0)
    (6.6110 0)
    (6.6115 0)
    (6.6120 0)
    (6.6125 0)
    (6.6130 0)
    (6.6135 0)
    (6.6140 0)
    (6.6145 0)
    (6.6150 0)
    (6.6155 0)
    (6.6160 0)
    (6.6165 0)
    (6.6170 0)
    (6.6175 0)
    (6.6180 0)
    (6.6185 0)
    (6.6190 0)
    (6.6195 0)
    (6.6200 0)
    (6.6205 0)
    (6.6210 0)
    (6.6215 0)
    (6.6220 0)
    (6.6225 0)
    (6.6230 0)
    (6.6235 0)
    (6.6240 0)
    (6.6245 0)
    (6.6250 0)
    (6.6255 0)
    (6.6260 0)
    (6.6265 0)
    (6.6270 0)
    (6.6275 0)
    (6.6280 0)
    (6.6285 0)
    (6.6290 0)
    (6.6295 0)
    (6.6300 0)
    (6.6305 0)
    (6.6310 0)
    (6.6315 0)
    (6.6320 0)
    (6.6325 0)
    (6.6330 0)
    (6.6335 0)
    (6.6340 0)
    (6.6345 0)
    (6.6350 0)
    (6.6355 0)
    (6.6360 0)
    (6.6365 0)
    (6.6370 0)
    (6.6375 0)
    (6.6380 0)
    (6.6385 0)
    (6.6390 0)
    (6.6395 0)
    (6.6400 0)
    (6.6405 0)
    (6.6410 0)
    (6.6415 0)
    (6.6420 0)
    (6.6425 0)
    (6.6430 0)
    (6.6435 0)
    (6.6440 0)
    (6.6445 0)
    (6.6450 0)
    (6.6455 0)
    (6.6460 0)
    (6.6465 0)
    (6.6470 0)
    (6.6475 6.94203e-08)
    (6.6480 0)
    (6.6485 -1.86011e-08)
    (6.6490 0)
    (6.6495 4.98415e-09)
    (6.6500 0)
    (6.6505 -1.3355e-09)
    (6.6510 0)
    (6.6515 3.57846e-10)
    (6.6520 0)
    (6.6525 -9.58846e-11)
    (6.6530 0)
    (6.6535 2.56922e-11)
    (6.6540 0)
    (6.6545 -6.88421e-12)
    (6.6550 0)
    (6.6555 1.84462e-12)
    (6.6560 0)
    (6.6565 -4.94264e-13)
    (6.6570 0)
    (6.6575 1.32438e-13)
    (6.6580 0)
    (6.6585 -3.54888e-14)
    (6.6590 0)
    (6.6595 9.51701e-15)
    (6.6600 0)
    (6.6605 -2.57923e-15)
    (6.6610 0)
    (6.6615 7.99911e-16)
    (6.6620 0)
    (6.6625 -6.20416e-16)
    (6.6630 0)
    (6.6635 1.68175e-15)
    (6.6640 0)
    (6.6645 -6.10659e-15)
    (6.6650 0)
    (6.6655 2.27446e-14)
    (6.6660 0)
    (6.6665 -8.48719e-14)
    (6.6670 0)
    (6.6675 3.16743e-13)
    (6.6680 0)
    (6.6685 -1.1821e-12)
    (6.6690 0)
    (6.6695 4.41166e-12)
    (6.6700 0)
    (6.6705 -1.64645e-11)
    (6.6710 0)
    (6.6715 6.14464e-11)
    (6.6720 0)
    (6.6725 -2.29321e-10)
    (6.6730 0)
    (6.6735 8.55838e-10)
    (6.6740 0)
    (6.6745 -3.19403e-09)
    (6.6750 0)
    (6.6755 9.25276e-10)
    (6.6760 -8.79601e-08)
    (6.6765 -3.39046e-07)
    (6.6770 -6.85229e-07)
    (6.6775 -1.04593e-06)
    (6.6780 -1.4262e-06)
    (6.6785 -1.84674e-06)
    (6.6790 -2.30532e-06)
    (6.6795 -2.7955e-06)
    (6.6800 -3.31701e-06)
    (6.6805 -3.87069e-06)
    (6.6810 -4.45571e-06)
    (6.6815 -5.07096e-06)
    (6.6820 -5.71586e-06)
    (6.6825 -6.38978e-06)
    (6.6830 -7.09127e-06)
    (6.6835 -7.81863e-06)
    (6.6840 -8.56995e-06)
    (6.6845 -9.34328e-06)
    (6.6850 -1.01367e-05)
    (6.6855 -1.09484e-05)
    (6.6860 -1.17764e-05)
    (6.6865 -1.26188e-05)
    (6.6870 -1.34737e-05)
    (6.6875 -1.43392e-05)
    (6.6880 -1.52135e-05)
    (6.6885 -1.60945e-05)
    (6.6890 -1.69805e-05)
    (6.6895 -1.78695e-05)
    (6.6900 -1.87596e-05)
    (6.6905 -1.96488e-05)
    (6.6910 -2.05355e-05)
    (6.6915 -2.14188e-05)
    (6.6920 -2.2301e-05)
    (6.6925 -2.31855e-05)
    (6.6930 -2.40753e-05)
    (6.6935 -2.49735e-05)
    (6.6940 -2.5883e-05)
    (6.6945 -2.68071e-05)
    (6.6950 -2.77489e-05)
    (6.6955 -2.87113e-05)
    (6.6960 -2.96974e-05)
    (6.6965 -3.07104e-05)
    (6.6970 -3.17534e-05)
    (6.6975 -3.28293e-05)
    (6.6980 -3.39413e-05)
    (6.6985 -3.50925e-05)
    (6.6990 -3.6286e-05)
    (6.6995 -3.75249e-05)
    (6.7000 -3.8812e-05)
    (6.7005 -4.01506e-05)
    (6.7010 -4.15441e-05)
    (6.7015 -4.29956e-05)
    (6.7020 -4.45055e-05)
    (6.7025 -4.60729e-05)
    (6.7030 -4.76943e-05)
    (6.7035 -4.93659e-05)
    (6.7040 -5.10841e-05)
    (6.7045 -5.28457e-05)
    (6.7050 -5.46473e-05)
    (6.7055 -5.64855e-05)
    (6.7060 -5.83567e-05)
    (6.7065 -6.02576e-05)
    (6.7070 -6.21848e-05)
    (6.7075 -6.41349e-05)
    (6.7080 -6.61042e-05)
    (6.7085 -6.80893e-05)
    (6.7090 -7.00876e-05)
    (6.7095 -7.20974e-05)
    (6.7100 -7.41191e-05)
    (6.7105 -7.61539e-05)
    (6.7110 -7.82024e-05)
    (6.7115 -8.02653e-05)
    (6.7120 -8.23433e-05)
    (6.7125 -8.44371e-05)
    (6.7130 -8.65475e-05)
    (6.7135 -8.86751e-05)
    (6.7140 -9.08207e-05)
    (6.7145 -9.29849e-05)
    (6.7150 -9.51686e-05)
    (6.7155 -9.73725e-05)
    (6.7160 -9.95962e-05)
    (6.7165 -0.00010184)
    (6.7170 -0.000104102)
    (6.7175 -0.000106383)
    (6.7180 -0.000108681)
    (6.7185 -0.000110997)
    (6.7190 -0.000113329)
    (6.7195 -0.000115678)
    (6.7200 -0.000118041)
    (6.7205 -0.00012042)
    (6.7210 -0.000122813)
    (6.7215 -0.00012522)
    (6.7220 -0.00012764)
    (6.7225 -0.00013007)
    (6.7230 -0.000132507)
    (6.7235 -0.000134947)
    (6.7240 -0.000137386)
    (6.7245 -0.00013982)
    (6.7250 -0.000142244)
    (6.7255 -0.000144655)
    (6.7260 -0.00014705)
    (6.7265 -0.000149423)
    (6.7270 -0.000151771)
    (6.7275 -0.000154088)
    (6.7280 -0.000156379)
    (6.7285 -0.000158653)
    (6.7290 -0.000160928)
    (6.7295 -0.000163221)
    (6.7300 -0.000165552)
    (6.7305 -0.000167937)
    (6.7310 -0.000170393)
    (6.7315 -0.000172938)
    (6.7320 -0.000175592)
    (6.7325 -0.000178374)
    (6.7330 -0.000181285)
    (6.7335 -0.000184316)
    (6.7340 -0.000187435)
    (6.7345 -0.000190606)
    (6.7350 -0.000193797)
    (6.7355 -0.000196975)
    (6.7360 -0.000200109)
    (6.7365 -0.000203164)
    (6.7370 -0.000206111)
    (6.7375 -0.000208929)
    (6.7380 -0.000211633)
    (6.7385 -0.000214247)
    (6.7390 -0.000216793)
    (6.7395 -0.000219291)
    (6.7400 -0.000221765)
    (6.7405 -0.000224235)
    (6.7410 -0.000226724)
    (6.7415 -0.000229255)
    (6.7420 -0.000231847)
    (6.7425 -0.000234518)
    (6.7430 -0.000237259)
    (6.7435 -0.000240055)
    (6.7440 -0.000242894)
    (6.7445 -0.00024576)
    (6.7450 -0.00024864)
    (6.7455 -0.00025152)
    (6.7460 -0.000254386)
    (6.7465 -0.000257224)
    (6.7470 -0.000260019)
    (6.7475 -0.000262762)
    (6.7480 -0.000265465)
    (6.7485 -0.000268146)
    (6.7490 -0.000270826)
    (6.7495 -0.000273525)
    (6.7500 -0.00027626)
    (6.7505 -0.000279054)
    (6.7510 -0.000281923)
    (6.7515 -0.000284887)
    (6.7520 -0.000287969)
    (6.7525 -0.000291184)
    (6.7530 -0.000294517)
    (6.7535 -0.000297948)
    (6.7540 -0.000301453)
    (6.7545 -0.000305006)
    (6.7550 -0.000308582)
    (6.7555 -0.000312158)
    (6.7560 -0.000315708)
    (6.7565 -0.00031921)
    (6.7570 -0.000322637)
    (6.7575 -0.000325966)
    (6.7580 -0.000329194)
    (6.7585 -0.000332325)
    (6.7590 -0.000335366)
    (6.7595 -0.000338327)
    (6.7600 -0.000341213)
    (6.7605 -0.000344031)
    (6.7610 -0.000346791)
    (6.7615 -0.000349499)
    (6.7620 -0.000352158)
    (6.7625 -0.00035477)
    (6.7630 -0.00035733)
    (6.7635 -0.000359835)
    (6.7640 -0.000362281)
    (6.7645 -0.000364664)
    (6.7650 -0.00036698)
    (6.7655 -0.000369226)
    (6.7660 -0.000371398)
    (6.7665 -0.000373493)
    (6.7670 -0.000375506)
    (6.7675 -0.000377434)
    (6.7680 -0.000379273)
    (6.7685 -0.00038102)
    (6.7690 -0.000382683)
    (6.7695 -0.000384269)
    (6.7700 -0.000385786)
    (6.7705 -0.000387243)
    (6.7710 -0.000388648)
    (6.7715 -0.00039001)
    (6.7720 -0.000391337)
    (6.7725 -0.000392637)
    (6.7730 -0.000393919)
    (6.7735 -0.000395191)
    (6.7740 -0.000396461)
    (6.7745 -0.000397738)
    (6.7750 -0.00039903)
    (6.7755 -0.000400347)
    (6.7760 -0.000401688)
    (6.7765 -0.000403052)
    (6.7770 -0.000404434)
    (6.7775 -0.000405831)
    (6.7780 -0.000407237)
    (6.7785 -0.00040865)
    (6.7790 -0.000410065)
    (6.7795 -0.000411478)
    (6.7800 -0.000412885)
    (6.7805 -0.000414282)
    (6.7810 -0.000415665)
    (6.7815 -0.00041703)
    (6.7820 -0.000418373)
    (6.7825 -0.000419689)
    (6.7830 -0.000420977)
    (6.7835 -0.000422235)
    (6.7840 -0.000423464)
    (6.7845 -0.000424667)
    (6.7850 -0.000425843)
    (6.7855 -0.000426993)
    (6.7860 -0.000428119)
    (6.7865 -0.000429221)
    (6.7870 -0.0004303)
    (6.7875 -0.000431357)
    (6.7880 -0.000432394)
    (6.7885 -0.00043341)
    (6.7890 -0.000434408)
    (6.7895 -0.000435387)
    (6.7900 -0.00043635)
    (6.7905 -0.000437295)
    (6.7910 -0.000438226)
    (6.7915 -0.000439142)
    (6.7920 -0.000440041)
    (6.7925 -0.000440921)
    (6.7930 -0.000441777)
    (6.7935 -0.000442607)
    (6.7940 -0.000443406)
    (6.7945 -0.000444172)
    (6.7950 -0.0004449)
    (6.7955 -0.000445588)
    (6.7960 -0.000446231)
    (6.7965 -0.000446828)
    (6.7970 -0.000447376)
    (6.7975 -0.000447877)
    (6.7980 -0.000448331)
    (6.7985 -0.000448741)
    (6.7990 -0.000449107)
    (6.7995 -0.00044943)
    (6.8000 -0.000449712)
    (6.8005 -0.000449954)
    (6.8010 -0.000450156)
    (6.8015 -0.000450321)
    (6.8020 -0.000450448)
    (6.8025 -0.00045054)
    (6.8030 -0.000450597)
    (6.8035 -0.000450621)
    (6.8040 -0.000450613)
    (6.8045 -0.000450574)
    (6.8050 -0.000450505)
    (6.8055 -0.000450407)
    (6.8060 -0.000450281)
    (6.8065 -0.000450129)
    (6.8070 -0.000449952)
    (6.8075 -0.000449751)
    (6.8080 -0.000449526)
    (6.8085 -0.00044928)
    (6.8090 -0.000449013)
    (6.8095 -0.000448727)
    (6.8100 -0.000448422)
    (6.8105 -0.0004481)
    (6.8110 -0.00044776)
    (6.8115 -0.000447399)
    (6.8120 -0.000447012)
    (6.8125 -0.000446596)
    (6.8130 -0.000446147)
    (6.8135 -0.000445661)
    (6.8140 -0.000445133)
    (6.8145 -0.00044456)
    (6.8150 -0.000443938)
    (6.8155 -0.000443263)
    (6.8160 -0.000442531)
    (6.8165 -0.000441738)
    (6.8170 -0.00044088)
    (6.8175 -0.000439954)
    (6.8180 -0.000438954)
    (6.8185 -0.000437877)
    (6.8190 -0.000436722)
    (6.8195 -0.00043549)
    (6.8200 -0.000434188)
    (6.8205 -0.000432822)
    (6.8210 -0.000431399)
    (6.8215 -0.000429924)
    (6.8220 -0.000428404)
    (6.8225 -0.000426845)
    (6.8230 -0.000425254)
    (6.8235 -0.000423635)
    (6.8240 -0.000421996)
    (6.8245 -0.000420342)
    (6.8250 -0.00041868)
    (6.8255 -0.000417016)
    (6.8260 -0.000415356)
    (6.8265 -0.000413707)
    (6.8270 -0.000412072)
    (6.8275 -0.000410454)
    (6.8280 -0.000408852)
    (6.8285 -0.000407266)
    (6.8290 -0.000405697)
    (6.8295 -0.000404144)
    (6.8300 -0.000402607)
    (6.8305 -0.000401086)
    (6.8310 -0.000399582)
    (6.8315 -0.000398093)
    (6.8320 -0.000396621)
    (6.8325 -0.000395165)
    (6.8330 -0.000393725)
    (6.8335 -0.000392301)
    (6.8340 -0.000390893)
    (6.8345 -0.000389501)
    (6.8350 -0.000388125)
    (6.8355 -0.000386765)
    (6.8360 -0.000385418)
    (6.8365 -0.000384086)
    (6.8370 -0.000382767)
    (6.8375 -0.00038146)
    (6.8380 -0.000380165)
    (6.8385 -0.00037888)
    (6.8390 -0.000377607)
    (6.8395 -0.000376342)
    (6.8400 -0.000375087)
    (6.8405 -0.00037384)
    (6.8410 -0.0003726)
    (6.8415 -0.000371368)
    (6.8420 -0.000370141)
    (6.8425 -0.00036892)
    (6.8430 -0.000367703)
    (6.8435 -0.000366491)
    (6.8440 -0.000365285)
    (6.8445 -0.000364086)
    (6.8450 -0.000362898)
    (6.8455 -0.000361721)
    (6.8460 -0.000360559)
    (6.8465 -0.000359413)
    (6.8470 -0.000358285)
    (6.8475 -0.000357178)
    (6.8480 -0.000356094)
    (6.8485 -0.000355034)
    (6.8490 -0.000354)
    (6.8495 -0.000352996)
    (6.8500 -0.000352023)
    (6.8505 -0.000351082)
    (6.8510 -0.000350177)
    (6.8515 -0.000349309)
    (6.8520 -0.00034848)
    (6.8525 -0.00034769)
    (6.8530 -0.000346935)
    (6.8535 -0.000346211)
    (6.8540 -0.000345512)
    (6.8545 -0.000344836)
    (6.8550 -0.000344176)
    (6.8555 -0.000343529)
    (6.8560 -0.00034289)
    (6.8565 -0.000342255)
    (6.8570 -0.00034162)
    (6.8575 -0.000340979)
    (6.8580 -0.000340329)
    (6.8585 -0.000339665)
    (6.8590 -0.000338983)
    (6.8595 -0.000338278)
    (6.8600 -0.000337545)
    (6.8605 -0.00033678)
    (6.8610 -0.000335984)
    (6.8615 -0.000335159)
    (6.8620 -0.00033431)
    (6.8625 -0.000333444)
    (6.8630 -0.000332565)
    (6.8635 -0.000331678)
    (6.8640 -0.000330788)
    (6.8645 -0.000329901)
    (6.8650 -0.000329021)
    (6.8655 -0.000328153)
    (6.8660 -0.000327303)
    (6.8665 -0.000326476)
    (6.8670 -0.000325676)
    (6.8675 -0.000324909)
    (6.8680 -0.00032418)
    (6.8685 -0.000323495)
    (6.8690 -0.000322855)
    (6.8695 -0.000322259)
    (6.8700 -0.0003217)
    (6.8705 -0.000321171)
    (6.8710 -0.000320665)
    (6.8715 -0.000320177)
    (6.8720 -0.0003197)
    (6.8725 -0.000319227)
    (6.8730 -0.000318753)
    (6.8735 -0.00031827)
    (6.8740 -0.000317772)
    (6.8745 -0.000317254)
    (6.8750 -0.000316714)
    (6.8755 -0.000316153)
    (6.8760 -0.00031557)
    (6.8765 -0.000314967)
    (6.8770 -0.000314343)
    (6.8775 -0.000313698)
    (6.8780 -0.000313032)
    (6.8785 -0.000312346)
    (6.8790 -0.000311641)
    (6.8795 -0.000310915)
    (6.8800 -0.000310169)
    (6.8805 -0.000309404)
    (6.8810 -0.00030862)
    (6.8815 -0.000307816)
    (6.8820 -0.000306993)
    (6.8825 -0.000306151)
    (6.8830 -0.000305291)
    (6.8835 -0.000304412)
    (6.8840 -0.000303515)
    (6.8845 -0.0003026)
    (6.8850 -0.000301667)
    (6.8855 -0.000300716)
    (6.8860 -0.000299748)
    (6.8865 -0.000298762)
    (6.8870 -0.000297759)
    (6.8875 -0.000296739)
    (6.8880 -0.000295702)
    (6.8885 -0.000294649)
    (6.8890 -0.000293579)
    (6.8895 -0.000292493)
    (6.8900 -0.000291391)
    (6.8905 -0.000290273)
    (6.8910 -0.000289139)
    (6.8915 -0.000287989)
    (6.8920 -0.000286825)
    (6.8925 -0.000285645)
    (6.8930 -0.00028445)
    (6.8935 -0.000283241)
    (6.8940 -0.000282016)
    (6.8945 -0.000280778)
    (6.8950 -0.000279525)
    (6.8955 -0.000278258)
    (6.8960 -0.000276981)
    (6.8965 -0.000275695)
    (6.8970 -0.000274404)
    (6.8975 -0.000273111)
    (6.8980 -0.00027182)
    (6.8985 -0.000270533)
    (6.8990 -0.000269254)
    (6.8995 -0.000267986)
    (6.9000 -0.000266733)
    (6.9005 -0.000265496)
    (6.9010 -0.000264281)
    (6.9015 -0.000263089)
    (6.9020 -0.000261924)
    (6.9025 -0.000260789)
    (6.9030 -0.000259687)
    (6.9035 -0.000258623)
    (6.9040 -0.000257596)
    (6.9045 -0.000256606)
    (6.9050 -0.000255649)
    (6.9055 -0.00025472)
    (6.9060 -0.000253815)
    (6.9065 -0.000252929)
    (6.9070 -0.000252059)
    (6.9075 -0.000251199)
    (6.9080 -0.000250346)
    (6.9085 -0.000249496)
    (6.9090 -0.000248644)
    (6.9095 -0.000247786)
    (6.9100 -0.000246918)
    (6.9105 -0.000246035)
    (6.9110 -0.000245134)
    (6.9115 -0.000244209)
    (6.9120 -0.000243257)
    (6.9125 -0.000242273)
    (6.9130 -0.000241258)
    (6.9135 -0.000240213)
    (6.9140 -0.00023914)
    (6.9145 -0.000238041)
    (6.9150 -0.00023692)
    (6.9155 -0.000235778)
    (6.9160 -0.000234617)
    (6.9165 -0.000233441)
    (6.9170 -0.00023225)
    (6.9175 -0.000231048)
    (6.9180 -0.000229837)
    (6.9185 -0.000228618)
    (6.9190 -0.000227395)
    (6.9195 -0.00022617)
    (6.9200 -0.000224945)
    (6.9205 -0.000223722)
    (6.9210 -0.000222503)
    (6.9215 -0.000221291)
    (6.9220 -0.000220084)
    (6.9225 -0.000218883)
    (6.9230 -0.000217687)
    (6.9235 -0.000216496)
    (6.9240 -0.00021531)
    (6.9245 -0.000214129)
    (6.9250 -0.000212951)
    (6.9255 -0.000211777)
    (6.9260 -0.000210607)
    (6.9265 -0.000209441)
    (6.9270 -0.000208277)
    (6.9275 -0.000207116)
    (6.9280 -0.000205957)
    (6.9285 -0.0002048)
    (6.9290 -0.000203646)
    (6.9295 -0.000202492)
    (6.9300 -0.00020134)
    (6.9305 -0.000200188)
    (6.9310 -0.000199035)
    (6.9315 -0.00019788)
    (6.9320 -0.000196722)
    (6.9325 -0.000195559)
    (6.9330 -0.00019439)
    (6.9335 -0.000193215)
    (6.9340 -0.000192032)
    (6.9345 -0.00019084)
    (6.9350 -0.000189638)
    (6.9355 -0.000188424)
    (6.9360 -0.000187198)
    (6.9365 -0.000185958)
    (6.9370 -0.000184704)
    (6.9375 -0.000183433)
    (6.9380 -0.000182146)
    (6.9385 -0.00018084)
    (6.9390 -0.000179518)
    (6.9395 -0.000178182)
    (6.9400 -0.000176834)
    (6.9405 -0.000175477)
    (6.9410 -0.000174114)
    (6.9415 -0.000172748)
    (6.9420 -0.00017138)
    (6.9425 -0.000170014)
    (6.9430 -0.000168651)
    (6.9435 -0.000167296)
    (6.9440 -0.00016595)
    (6.9445 -0.000164616)
    (6.9450 -0.000163296)
    (6.9455 -0.000161993)
    (6.9460 -0.000160711)
    (6.9465 -0.000159451)
    (6.9470 -0.000158213)
    (6.9475 -0.000156998)
    (6.9480 -0.000155801)
    (6.9485 -0.000154621)
    (6.9490 -0.000153456)
    (6.9495 -0.000152303)
    (6.9500 -0.00015116)
    (6.9505 -0.000150024)
    (6.9510 -0.000148894)
    (6.9515 -0.000147767)
    (6.9520 -0.00014664)
    (6.9525 -0.000145512)
    (6.9530 -0.00014438)
    (6.9535 -0.000143243)
    (6.9540 -0.000142096)
    (6.9545 -0.000140939)
    (6.9550 -0.00013977)
    (6.9555 -0.000138585)
    (6.9560 -0.000137382)
    (6.9565 -0.000136159)
    (6.9570 -0.000134915)
    (6.9575 -0.000133647)
    (6.9580 -0.000132358)
    (6.9585 -0.000131049)
    (6.9590 -0.000129722)
    (6.9595 -0.000128379)
    (6.9600 -0.000127021)
    (6.9605 -0.000125651)
    (6.9610 -0.00012427)
    (6.9615 -0.00012288)
    (6.9620 -0.000121483)
    (6.9625 -0.00012008)
    (6.9630 -0.000118674)
    (6.9635 -0.000117265)
    (6.9640 -0.000115857)
    (6.9645 -0.00011445)
    (6.9650 -0.000113047)
    (6.9655 -0.00011165)
    (6.9660 -0.000110258)
    (6.9665 -0.000108872)
    (6.9670 -0.00010749)
    (6.9675 -0.000106109)
    (6.9680 -0.000104728)
    (6.9685 -0.000103344)
    (6.9690 -0.000101956)
    (6.9695 -0.000100562)
    (6.9700 -9.91593e-05)
    (6.9705 -9.77467e-05)
    (6.9710 -9.63222e-05)
    (6.9715 -9.48837e-05)
    (6.9720 -9.34293e-05)
    (6.9725 -9.19573e-05)
    (6.9730 -9.04653e-05)
    (6.9735 -8.89516e-05)
    (6.9740 -8.74153e-05)
    (6.9745 -8.58563e-05)
    (6.9750 -8.42754e-05)
    (6.9755 -8.26733e-05)
    (6.9760 -8.10509e-05)
    (6.9765 -7.94087e-05)
    (6.9770 -7.77474e-05)
    (6.9775 -7.60679e-05)
    (6.9780 -7.43707e-05)
    (6.9785 -7.26565e-05)
    (6.9790 -7.09262e-05)
    (6.9795 -6.91805e-05)
    (6.9800 -6.74198e-05)
    (6.9805 -6.56448e-05)
    (6.9810 -6.38573e-05)
    (6.9815 -6.206e-05)
    (6.9820 -6.0258e-05)
    (6.9825 -5.84566e-05)
    (6.9830 -5.66607e-05)
    (6.9835 -5.48754e-05)
    (6.9840 -5.31056e-05)
    (6.9845 -5.13564e-05)
    (6.9850 -4.96329e-05)
    (6.9855 -4.79399e-05)
    (6.9860 -4.62827e-05)
    (6.9865 -4.46663e-05)
    (6.9870 -4.30954e-05)
    (6.9875 -4.15749e-05)
    (6.9880 -4.0111e-05)
    (6.9885 -3.87087e-05)
    (6.9890 -3.73682e-05)
    (6.9895 -3.60867e-05)
    (6.9900 -3.48555e-05)
    (6.9905 -3.36642e-05)
    (6.9910 -3.25039e-05)
    (6.9915 -3.13658e-05)
    (6.9920 -3.02409e-05)
    (6.9925 -2.91202e-05)
    (6.9930 -2.79943e-05)
    (6.9935 -2.68541e-05)
    (6.9940 -2.56917e-05)
    (6.9945 -2.44984e-05)
    (6.9950 -2.32607e-05)
    (6.9955 -2.19686e-05)
    (6.9960 -2.0629e-05)
    (6.9965 -1.92371e-05)
    (6.9970 -1.77242e-05)
    (6.9975 -1.60653e-05)
    (6.9980 -1.44739e-05)
    (6.9985 -1.30008e-05)
    (6.9990 -1.08059e-05)
    (6.9995 -6.82651e-06)
    (7.0000 0)
    (7.0005 0)
    (7.0010 0)
    (7.0015 0)
    (7.0020 0)
    (7.0025 0)
    (7.0030 0)
    (7.0035 0)
    (7.0040 0)
    (7.0045 0)
    (7.0050 0)
    (7.0055 0)
    (7.0060 0)
    (7.0065 0)
    (7.0070 0)
    (7.0075 0)
    (7.0080 0)
    (7.0085 0)
    (7.0090 0)
    (7.0095 0)
    (7.0100 0)
    (7.0105 0)
    (7.0110 0)
    (7.0115 0)
    (7.0120 0)
    (7.0125 0)
    (7.0130 0)
    (7.0135 0)
    (7.0140 0)
    (7.0145 0)
    (7.0150 0)
    (7.0155 0)
    (7.0160 0)
    (7.0165 0)
    (7.0170 0)
    (7.0175 0)
    (7.0180 0)
    (7.0185 0)
    (7.0190 0)
    (7.0195 0)
    (7.0200 0)
    (7.0205 0)
    (7.0210 0)
    (7.0215 0)
    (7.0220 0)
    (7.0225 0)
    (7.0230 0)
    (7.0235 0)
    (7.0240 0)
    (7.0245 0)
    (7.0250 0)
    (7.0255 0)
    (7.0260 0)
    (7.0265 0)
    (7.0270 0)
    (7.0275 0)
    (7.0280 0)
    (7.0285 0)
    (7.0290 0)
    (7.0295 0)
    (7.0300 0)
    (7.0305 0)
    (7.0310 0)
    (7.0315 0)
    (7.0320 0)
    (7.0325 0)
    (7.0330 0)
    (7.0335 0)
    (7.0340 0)
    (7.0345 0)
    (7.0350 0)
    (7.0355 0)
    (7.0360 0)
    (7.0365 0)
    (7.0370 0)
    (7.0375 0)
    (7.0380 0)
    (7.0385 0)
    (7.0390 0)
    (7.0395 0)
    (7.0400 0)
    (7.0405 0)
    (7.0410 0)
    (7.0415 0)
    (7.0420 0)
    (7.0425 0)
    (7.0430 0)
    (7.0435 0)
    (7.0440 0)
    (7.0445 0)
    (7.0450 0)
    (7.0455 0)
    (7.0460 0)
    (7.0465 0)
    (7.0470 0)
    (7.0475 0)
    (7.0480 0)
    (7.0485 0)
    (7.0490 0)
    (7.0495 0)
    (7.0500 0)
    (7.0505 0)
    (7.0510 0)
    (7.0515 0)
    (7.0520 0)
    (7.0525 0)
    (7.0530 0)
    (7.0535 0)
    (7.0540 0)
    (7.0545 0)
    (7.0550 0)
    (7.0555 0)
    (7.0560 0)
    (7.0565 0)
    (7.0570 0)
    (7.0575 0)
    (7.0580 0)
    (7.0585 0)
    (7.0590 0)
    (7.0595 0)
    (7.0600 0)
    (7.0605 0)
    (7.0610 0)
    (7.0615 0)
    (7.0620 0)
    (7.0625 0)
    (7.0630 0)
    (7.0635 0)
    (7.0640 0)
    (7.0645 0)
    (7.0650 0)
    (7.0655 0)
    (7.0660 0)
    (7.0665 0)
    (7.0670 0)
    (7.0675 0)
    (7.0680 0)
    (7.0685 0)
    (7.0690 0)
    (7.0695 0)
    (7.0700 0)
    (7.0705 0)
    (7.0710 0)
    (7.0715 0)
    (7.0720 0)
    (7.0725 0)
    (7.0730 0)
    (7.0735 0)
    (7.0740 0)
    (7.0745 0)
    (7.0750 0)
    (7.0755 0)
    (7.0760 0)
    (7.0765 0)
    (7.0770 0)
    (7.0775 0)
    (7.0780 0)
    (7.0785 0)
    (7.0790 0)
    (7.0795 0)
    (7.0800 0)
    (7.0805 0)
    (7.0810 0)
    (7.0815 0)
    (7.0820 0)
    (7.0825 0)
    (7.0830 0)
    (7.0835 0)
    (7.0840 0)
    (7.0845 0)
    (7.0850 0)
    (7.0855 0)
    (7.0860 0)
    (7.0865 0)
    (7.0870 0)
    (7.0875 0)
    (7.0880 0)
    (7.0885 0)
    (7.0890 0)
    (7.0895 0)
    (7.0900 0)
    (7.0905 0)
    (7.0910 0)
    (7.0915 0)
    (7.0920 0)
    (7.0925 0)
    (7.0930 0)
    (7.0935 0)
    (7.0940 0)
    (7.0945 0)
    (7.0950 0)
    (7.0955 0)
    (7.0960 0)
    (7.0965 0)
    (7.0970 0)
    (7.0975 0)
    (7.0980 0)
    (7.0985 0)
    (7.0990 0)
    (7.0995 0)
    (7.1000 0)
    (7.1005 0)
    (7.1010 0)
    (7.1015 0)
    (7.1020 0)
    (7.1025 0)
    (7.1030 0)
    (7.1035 0)
    (7.1040 0)
    (7.1045 0)
    (7.1050 0)
    (7.1055 0)
    (7.1060 0)
    (7.1065 0)
    (7.1070 0)
    (7.1075 0)
    (7.1080 0)
    (7.1085 0)
    (7.1090 0)
    (7.1095 0)
    (7.1100 0)
    (7.1105 0)
    (7.1110 0)
    (7.1115 0)
    (7.1120 0)
    (7.1125 0)
    (7.1130 0)
    (7.1135 0)
    (7.1140 0)
    (7.1145 0)
    (7.1150 0)
    (7.1155 0)
    (7.1160 0)
    (7.1165 0)
    (7.1170 0)
    (7.1175 0)
    (7.1180 0)
    (7.1185 0)
    (7.1190 0)
    (7.1195 0)
    (7.1200 0)
    (7.1205 0)
    (7.1210 0)
    (7.1215 0)
    (7.1220 0)
    (7.1225 0)
    (7.1230 0)
    (7.1235 0)
    (7.1240 0)
    (7.1245 0)
    (7.1250 0)
    (7.1255 0)
    (7.1260 0)
    (7.1265 0)
    (7.1270 0)
    (7.1275 0)
    (7.1280 0)
    (7.1285 0)
    (7.1290 0)
    (7.1295 0)
    (7.1300 0)
    (7.1305 0)
    (7.1310 0)
    (7.1315 0)
    (7.1320 0)
    (7.1325 0)
    (7.1330 0)
    (7.1335 0)
    (7.1340 0)
    (7.1345 0)
    (7.1350 0)
    (7.1355 0)
    (7.1360 0)
    (7.1365 0)
    (7.1370 0)
    (7.1375 0)
    (7.1380 0)
    (7.1385 0)
    (7.1390 0)
    (7.1395 0)
    (7.1400 0)
    (7.1405 0)
    (7.1410 0)
    (7.1415 0)
    (7.1420 0)
    (7.1425 0)
    (7.1430 0)
    (7.1435 0)
    (7.1440 0)
    (7.1445 0)
    (7.1450 0)
    (7.1455 0)
    (7.1460 0)
    (7.1465 0)
    (7.1470 0)
    (7.1475 0)
    (7.1480 0)
    (7.1485 0)
    (7.1490 0)
    (7.1495 0)
    (7.1500 0)
    (7.1505 0)
    (7.1510 0)
    (7.1515 0)
    (7.1520 0)
    (7.1525 0)
    (7.1530 0)
    (7.1535 0)
    (7.1540 0)
    (7.1545 0)
    (7.1550 0)
    (7.1555 0)
    (7.1560 0)
    (7.1565 0)
    (7.1570 0)
    (7.1575 0)
    (7.1580 0)
    (7.1585 0)
    (7.1590 0)
    (7.1595 0)
    (7.1600 0)
    (7.1605 0)
    (7.1610 0)
    (7.1615 0)
    (7.1620 0)
    (7.1625 0)
    (7.1630 0)
    (7.1635 0)
    (7.1640 0)
    (7.1645 0)
    (7.1650 0)
    (7.1655 0)
    (7.1660 0)
    (7.1665 0)
    (7.1670 0)
    (7.1675 0)
    (7.1680 0)
    (7.1685 0)
    (7.1690 0)
    (7.1695 0)
    (7.1700 0)
    (7.1705 0)
    (7.1710 0)
    (7.1715 0)
    (7.1720 0)
    (7.1725 0)
    (7.1730 0)
    (7.1735 0)
    (7.1740 0)
    (7.1745 0)
    (7.1750 0)
    (7.1755 0)
    (7.1760 0)
    (7.1765 0)
    (7.1770 0)
    (7.1775 0)
    (7.1780 0)
    (7.1785 0)
    (7.1790 0)
    (7.1795 0)
    (7.1800 0)
    (7.1805 0)
    (7.1810 0)
    (7.1815 0)
    (7.1820 0)
    (7.1825 0)
    (7.1830 0)
    (7.1835 0)
    (7.1840 0)
    (7.1845 0)
    (7.1850 0)
    (7.1855 0)
    (7.1860 0)
    (7.1865 0)
    (7.1870 0)
    (7.1875 0)
    (7.1880 0)
    (7.1885 0)
    (7.1890 0)
    (7.1895 0)
    (7.1900 0)
    (7.1905 0)
    (7.1910 0)
    (7.1915 0)
    (7.1920 0)
    (7.1925 0)
    (7.1930 0)
    (7.1935 0)
    (7.1940 0)
    (7.1945 0)
    (7.1950 0)
    (7.1955 0)
    (7.1960 0)
    (7.1965 0)
    (7.1970 0)
    (7.1975 0)
    (7.1980 0)
    (7.1985 0)
    (7.1990 0)
    (7.1995 0)
    (7.2000 0)
    (7.2005 0)
    (7.2010 0)
    (7.2015 0)
    (7.2020 0)
    (7.2025 0)
    (7.2030 0)
    (7.2035 0)
    (7.2040 0)
    (7.2045 0)
    (7.2050 0)
    (7.2055 0)
    (7.2060 0)
    (7.2065 0)
    (7.2070 0)
    (7.2075 0)
    (7.2080 0)
    (7.2085 0)
    (7.2090 0)
    (7.2095 0)
    (7.2100 0)
    (7.2105 0)
    (7.2110 0)
    (7.2115 0)
    (7.2120 0)
    (7.2125 0)
    (7.2130 0)
    (7.2135 0)
    (7.2140 0)
    (7.2145 0)
    (7.2150 0)
    (7.2155 0)
    (7.2160 0)
    (7.2165 0)
    (7.2170 0)
    (7.2175 0)
    (7.2180 0)
    (7.2185 0)
    (7.2190 0)
    (7.2195 0)
    (7.2200 0)
    (7.2205 0)
    (7.2210 0)
    (7.2215 0)
    (7.2220 0)
    (7.2225 0)
    (7.2230 0)
    (7.2235 0)
    (7.2240 0)
    (7.2245 0)
    (7.2250 0)
    (7.2255 0)
    (7.2260 0)
    (7.2265 0)
    (7.2270 0)
    (7.2275 0)
    (7.2280 0)
    (7.2285 0)
    (7.2290 0)
    (7.2295 0)
    (7.2300 0)
    (7.2305 0)
    (7.2310 0)
    (7.2315 0)
    (7.2320 0)
    (7.2325 0)
    (7.2330 0)
    (7.2335 0)
    (7.2340 0)
    (7.2345 0)
    (7.2350 0)
    (7.2355 0)
    (7.2360 0)
    (7.2365 0)
    (7.2370 0)
    (7.2375 0)
    (7.2380 0)
    (7.2385 0)
    (7.2390 0)
    (7.2395 0)
    (7.2400 0)
    (7.2405 0)
    (7.2410 0)
    (7.2415 0)
    (7.2420 0)
    (7.2425 0)
    (7.2430 0)
    (7.2435 0)
    (7.2440 0)
    (7.2445 0)
    (7.2450 0)
    (7.2455 0)
    (7.2460 0)
    (7.2465 0)
    (7.2470 0)
    (7.2475 0)
    (7.2480 0)
    (7.2485 0)
    (7.2490 0)
    (7.2495 0)
    (7.2500 0)
    (7.2505 0)
    (7.2510 0)
    (7.2515 0)
    (7.2520 0)
    (7.2525 0)
    (7.2530 0)
    (7.2535 0)
    (7.2540 0)
    (7.2545 0)
    (7.2550 0)
    (7.2555 0)
    (7.2560 0)
    (7.2565 0)
    (7.2570 0)
    (7.2575 0)
    (7.2580 0)
    (7.2585 0)
    (7.2590 0)
    (7.2595 0)
    (7.2600 0)
    (7.2605 0)
    (7.2610 0)
    (7.2615 0)
    (7.2620 0)
    (7.2625 0)
    (7.2630 0)
    (7.2635 0)
    (7.2640 0)
    (7.2645 0)
    (7.2650 0)
    (7.2655 0)
    (7.2660 0)
    (7.2665 0)
    (7.2670 0)
    (7.2675 0)
    (7.2680 0)
    (7.2685 0)
    (7.2690 0)
    (7.2695 0)
    (7.2700 0)
    (7.2705 0)
    (7.2710 0)
    (7.2715 0)
    (7.2720 0)
    (7.2725 0)
    (7.2730 0)
    (7.2735 0)
    (7.2740 0)
    (7.2745 0)
    (7.2750 0)
    (7.2755 0)
    (7.2760 0)
    (7.2765 0)
    (7.2770 0)
    (7.2775 0)
    (7.2780 0)
    (7.2785 0)
    (7.2790 0)
    (7.2795 0)
    (7.2800 0)
    (7.2805 0)
    (7.2810 0)
    (7.2815 0)
    (7.2820 0)
    (7.2825 0)
    (7.2830 0)
    (7.2835 0)
    (7.2840 0)
    (7.2845 0)
    (7.2850 0)
    (7.2855 0)
    (7.2860 0)
    (7.2865 0)
    (7.2870 0)
    (7.2875 0)
    (7.2880 0)
    (7.2885 0)
    (7.2890 0)
    (7.2895 0)
    (7.2900 0)
    (7.2905 0)
    (7.2910 0)
    (7.2915 0)
    (7.2920 0)
    (7.2925 0)
    (7.2930 0)
    (7.2935 0)
    (7.2940 0)
    (7.2945 0)
    (7.2950 0)
    (7.2955 0)
    (7.2960 0)
    (7.2965 0)
    (7.2970 0)
    (7.2975 0)
    (7.2980 0)
    (7.2985 0)
    (7.2990 0)
    (7.2995 0)
    (7.3000 0)
    (7.3005 0)
    (7.3010 0)
    (7.3015 0)
    (7.3020 0)
    (7.3025 0)
    (7.3030 0)
    (7.3035 0)
    (7.3040 0)
    (7.3045 0)
    (7.3050 0)
    (7.3055 0)
    (7.3060 0)
    (7.3065 0)
    (7.3070 0)
    (7.3075 0)
    (7.3080 0)
    (7.3085 0)
    (7.3090 0)
    (7.3095 0)
    (7.3100 0)
    (7.3105 0)
    (7.3110 0)
    (7.3115 0)
    (7.3120 0)
    (7.3125 0)
    (7.3130 0)
    (7.3135 0)
    (7.3140 0)
    (7.3145 0)
    (7.3150 0)
    (7.3155 0)
    (7.3160 0)
    (7.3165 0)
    (7.3170 0)
    (7.3175 0)
    (7.3180 0)
    (7.3185 0)
    (7.3190 0)
    (7.3195 0)
    (7.3200 0)
    (7.3205 0)
    (7.3210 0)
    (7.3215 0)
    (7.3220 0)
    (7.3225 0)
    (7.3230 0)
    (7.3235 0)
    (7.3240 0)
    (7.3245 0)
    (7.3250 0)
    (7.3255 0)
    (7.3260 0)
    (7.3265 0)
    (7.3270 0)
    (7.3275 0)
    (7.3280 0)
    (7.3285 0)
    (7.3290 0)
    (7.3295 0)
    (7.3300 0)
    (7.3305 0)
    (7.3310 0)
    (7.3315 0)
    (7.3320 0)
    (7.3325 0)
    (7.3330 0)
    (7.3335 0)
    (7.3340 0)
    (7.3345 0)
    (7.3350 0)
    (7.3355 0)
    (7.3360 0)
    (7.3365 0)
    (7.3370 0)
    (7.3375 0)
    (7.3380 0)
    (7.3385 0)
    (7.3390 0)
    (7.3395 0)
    (7.3400 0)
    (7.3405 0)
    (7.3410 0)
    (7.3415 0)
    (7.3420 0)
    (7.3425 0)
    (7.3430 0)
    (7.3435 0)
    (7.3440 0)
    (7.3445 0)
    (7.3450 0)
    (7.3455 0)
    (7.3460 0)
    (7.3465 0)
    (7.3470 0)
    (7.3475 0)
    (7.3480 0)
    (7.3485 0)
    (7.3490 0)
    (7.3495 0)
    (7.3500 0)
    (7.3505 0)
    (7.3510 0)
    (7.3515 0)
    (7.3520 0)
    (7.3525 0)
    (7.3530 0)
    (7.3535 0)
    (7.3540 0)
    (7.3545 0)
    (7.3550 0)
    (7.3555 0)
    (7.3560 0)
    (7.3565 0)
    (7.3570 0)
    (7.3575 0)
    (7.3580 0)
    (7.3585 0)
    (7.3590 0)
    (7.3595 0)
    (7.3600 0)
    (7.3605 0)
    (7.3610 0)
    (7.3615 0)
    (7.3620 0)
    (7.3625 0)
    (7.3630 0)
    (7.3635 0)
    (7.3640 0)
    (7.3645 0)
    (7.3650 0)
    (7.3655 0)
    (7.3660 0)
    (7.3665 0)
    (7.3670 0)
    (7.3675 0)
    (7.3680 0)
    (7.3685 0)
    (7.3690 0)
    (7.3695 0)
    (7.3700 0)
    (7.3705 0)
    (7.3710 0)
    (7.3715 0)
    (7.3720 0)
    (7.3725 0)
    (7.3730 0)
    (7.3735 0)
    (7.3740 0)
    (7.3745 0)
    (7.3750 0)
    (7.3755 0)
    (7.3760 0)
    (7.3765 0)
    (7.3770 0)
    (7.3775 0)
    (7.3780 0)
    (7.3785 0)
    (7.3790 0)
    (7.3795 0)
    (7.3800 0)
    (7.3805 0)
    (7.3810 0)
    (7.3815 0)
    (7.3820 0)
    (7.3825 0)
    (7.3830 0)
    (7.3835 0)
    (7.3840 0)
    (7.3845 0)
    (7.3850 0)
    (7.3855 0)
    (7.3860 0)
    (7.3865 0)
    (7.3870 0)
    (7.3875 0)
    (7.3880 0)
    (7.3885 0)
    (7.3890 0)
    (7.3895 0)
    (7.3900 0)
    (7.3905 0)
    (7.3910 0)
    (7.3915 0)
    (7.3920 0)
    (7.3925 0)
    (7.3930 0)
    (7.3935 0)
    (7.3940 0)
    (7.3945 0)
    (7.3950 0)
    (7.3955 0)
    (7.3960 0)
    (7.3965 0)
    (7.3970 0)
    (7.3975 0)
    (7.3980 0)
    (7.3985 0)
    (7.3990 0)
    (7.3995 0)
    (7.4000 0)
    (7.4005 0)
    (7.4010 0)
    (7.4015 0)
    (7.4020 0)
    (7.4025 0)
    (7.4030 0)
    (7.4035 0)
    (7.4040 0)
    (7.4045 0)
    (7.4050 0)
    (7.4055 0)
    (7.4060 0)
    (7.4065 0)
    (7.4070 0)
    (7.4075 0)
    (7.4080 0)
    (7.4085 0)
    (7.4090 0)
    (7.4095 0)
    (7.4100 0)
    (7.4105 0)
    (7.4110 0)
    (7.4115 0)
    (7.4120 0)
    (7.4125 0)
    (7.4130 0)
    (7.4135 0)
    (7.4140 0)
    (7.4145 0)
    (7.4150 0)
    (7.4155 0)
    (7.4160 0)
    (7.4165 0)
    (7.4170 0)
    (7.4175 0)
    (7.4180 0)
    (7.4185 0)
    (7.4190 0)
    (7.4195 0)
    (7.4200 0)
    (7.4205 0)
    (7.4210 0)
    (7.4215 0)
    (7.4220 0)
    (7.4225 0)
    (7.4230 0)
    (7.4235 0)
    (7.4240 0)
    (7.4245 0)
    (7.4250 0)
    (7.4255 0)
    (7.4260 0)
    (7.4265 0)
    (7.4270 0)
    (7.4275 0)
    (7.4280 0)
    (7.4285 0)
    (7.4290 0)
    (7.4295 0)
    (7.4300 0)
    (7.4305 0)
    (7.4310 0)
    (7.4315 0)
    (7.4320 0)
    (7.4325 0)
    (7.4330 0)
    (7.4335 0)
    (7.4340 0)
    (7.4345 0)
    (7.4350 0)
    (7.4355 0)
    (7.4360 0)
    (7.4365 0)
    (7.4370 0)
    (7.4375 0)
    (7.4380 0)
    (7.4385 0)
    (7.4390 0)
    (7.4395 0)
    (7.4400 0)
    (7.4405 0)
    (7.4410 0)
    (7.4415 0)
    (7.4420 0)
    (7.4425 0)
    (7.4430 0)
    (7.4435 0)
    (7.4440 0)
    (7.4445 0)
    (7.4450 0)
    (7.4455 0)
    (7.4460 0)
    (7.4465 0)
    (7.4470 0)
    (7.4475 0)
    (7.4480 0)
    (7.4485 0)
    (7.4490 0)
    (7.4495 0)
    (7.4500 0)
    (7.4505 0)
    (7.4510 0)
    (7.4515 0)
    (7.4520 0)
    (7.4525 0)
    (7.4530 0)
    (7.4535 0)
    (7.4540 0)
    (7.4545 0)
    (7.4550 0)
    (7.4555 0)
    (7.4560 0)
    (7.4565 0)
    (7.4570 0)
    (7.4575 0)
    (7.4580 0)
    (7.4585 0)
    (7.4590 0)
    (7.4595 0)
    (7.4600 0)
    (7.4605 0)
    (7.4610 0)
    (7.4615 0)
    (7.4620 0)
    (7.4625 0)
    (7.4630 0)
    (7.4635 0)
    (7.4640 0)
    (7.4645 0)
    (7.4650 0)
    (7.4655 0)
    (7.4660 0)
    (7.4665 0)
    (7.4670 0)
    (7.4675 0)
    (7.4680 0)
    (7.4685 0)
    (7.4690 0)
    (7.4695 0)
    (7.4700 0)
    (7.4705 0)
    (7.4710 0)
    (7.4715 0)
    (7.4720 0)
    (7.4725 0)
    (7.4730 0)
    (7.4735 0)
    (7.4740 0)
    (7.4745 0)
    (7.4750 0)
    (7.4755 0)
    (7.4760 0)
    (7.4765 0)
    (7.4770 0)
    (7.4775 0)
    (7.4780 0)
    (7.4785 0)
    (7.4790 0)
    (7.4795 0)
    (7.4800 0)
    (7.4805 0)
    (7.4810 0)
    (7.4815 0)
    (7.4820 0)
    (7.4825 0)
    (7.4830 0)
    (7.4835 0)
    (7.4840 0)
    (7.4845 0)
    (7.4850 0)
    (7.4855 0)
    (7.4860 0)
    (7.4865 0)
    (7.4870 0)
    (7.4875 0)
    (7.4880 0)
    (7.4885 0)
    (7.4890 0)
    (7.4895 0)
    (7.4900 0)
    (7.4905 0)
    (7.4910 0)
    (7.4915 0)
    (7.4920 0)
    (7.4925 0)
    (7.4930 0)
    (7.4935 0)
    (7.4940 0)
    (7.4945 0)
    (7.4950 0)
    (7.4955 0)
    (7.4960 0)
    (7.4965 0)
    (7.4970 0)
    (7.4975 0)
    (7.4980 0)
    (7.4985 0)
    (7.4990 0)
    (7.4995 0)
    (7.5000 0)
    (7.5005 0)
    (7.5010 0)
    (7.5015 0)
    (7.5020 0)
    (7.5025 0)
    (7.5030 0)
    (7.5035 0)
    (7.5040 0)
    (7.5045 0)
    (7.5050 0)
    (7.5055 0)
    (7.5060 0)
    (7.5065 0)
    (7.5070 0)
    (7.5075 0)
    (7.5080 0)
    (7.5085 0)
    (7.5090 0)
    (7.5095 0)
    (7.5100 0)
    (7.5105 0)
    (7.5110 0)
    (7.5115 0)
    (7.5120 0)
    (7.5125 0)
    (7.5130 0)
    (7.5135 0)
    (7.5140 0)
    (7.5145 0)
    (7.5150 0)
    (7.5155 0)
    (7.5160 0)
    (7.5165 0)
    (7.5170 0)
    (7.5175 0)
    (7.5180 0)
    (7.5185 0)
    (7.5190 0)
    (7.5195 0)
    (7.5200 0)
    (7.5205 0)
    (7.5210 0)
    (7.5215 0)
    (7.5220 0)
    (7.5225 0)
    (7.5230 0)
    (7.5235 0)
    (7.5240 0)
    (7.5245 0)
    (7.5250 0)
    (7.5255 0)
    (7.5260 0)
    (7.5265 0)
    (7.5270 0)
    (7.5275 0)
    (7.5280 0)
    (7.5285 0)
    (7.5290 0)
    (7.5295 0)
    (7.5300 0)
    (7.5305 0)
    (7.5310 0)
    (7.5315 0)
    (7.5320 0)
    (7.5325 0)
    (7.5330 0)
    (7.5335 0)
    (7.5340 0)
    (7.5345 0)
    (7.5350 0)
    (7.5355 0)
    (7.5360 0)
    (7.5365 0)
    (7.5370 0)
    (7.5375 0)
    (7.5380 0)
    (7.5385 0)
    (7.5390 0)
    (7.5395 0)
    (7.5400 0)
    (7.5405 0)
    (7.5410 0)
    (7.5415 0)
    (7.5420 0)
    (7.5425 0)
    (7.5430 0)
    (7.5435 0)
    (7.5440 0)
    (7.5445 0)
    (7.5450 0)
    (7.5455 0)
    (7.5460 0)
    (7.5465 0)
    (7.5470 0)
    (7.5475 0)
    (7.5480 0)
    (7.5485 0)
    (7.5490 0)
    (7.5495 0)
    (7.5500 0)
    (7.5505 0)
    (7.5510 0)
    (7.5515 0)
    (7.5520 0)
    (7.5525 0)
    (7.5530 0)
    (7.5535 0)
    (7.5540 0)
    (7.5545 0)
    (7.5550 0)
    (7.5555 0)
    (7.5560 0)
    (7.5565 0)
    (7.5570 0)
    (7.5575 0)
    (7.5580 0)
    (7.5585 0)
    (7.5590 0)
    (7.5595 0)
    (7.5600 0)
    (7.5605 0)
    (7.5610 0)
    (7.5615 0)
    (7.5620 0)
    (7.5625 0)
    (7.5630 0)
    (7.5635 0)
    (7.5640 0)
    (7.5645 0)
    (7.5650 0)
    (7.5655 0)
    (7.5660 0)
    (7.5665 0)
    (7.5670 0)
    (7.5675 0)
    (7.5680 0)
    (7.5685 0)
    (7.5690 0)
    (7.5695 0)
    (7.5700 0)
    (7.5705 0)
    (7.5710 0)
    (7.5715 0)
    (7.5720 0)
    (7.5725 0)
    (7.5730 0)
    (7.5735 0)
    (7.5740 0)
    (7.5745 0)
    (7.5750 0)
    (7.5755 0)
    (7.5760 0)
    (7.5765 0)
    (7.5770 0)
    (7.5775 0)
    (7.5780 0)
    (7.5785 0)
    (7.5790 0)
    (7.5795 0)
    (7.5800 0)
    (7.5805 0)
    (7.5810 0)
    (7.5815 0)
    (7.5820 0)
    (7.5825 0)
    (7.5830 0)
    (7.5835 0)
    (7.5840 0)
    (7.5845 0)
    (7.5850 0)
    (7.5855 0)
    (7.5860 0)
    (7.5865 0)
    (7.5870 0)
    (7.5875 0)
    (7.5880 0)
    (7.5885 0)
    (7.5890 0)
    (7.5895 0)
    (7.5900 0)
    (7.5905 0)
    (7.5910 0)
    (7.5915 0)
    (7.5920 0)
    (7.5925 0)
    (7.5930 0)
    (7.5935 0)
    (7.5940 0)
    (7.5945 0)
    (7.5950 0)
    (7.5955 0)
    (7.5960 0)
    (7.5965 0)
    (7.5970 0)
    (7.5975 0)
    (7.5980 0)
    (7.5985 0)
    (7.5990 0)
    (7.5995 0)
    (7.6000 0)
    (7.6005 0)
    (7.6010 0)
    (7.6015 0)
    (7.6020 0)
    (7.6025 0)
    (7.6030 0)
    (7.6035 0)
    (7.6040 0)
    (7.6045 0)
    (7.6050 0)
    (7.6055 0)
    (7.6060 0)
    (7.6065 0)
    (7.6070 0)
    (7.6075 0)
    (7.6080 0)
    (7.6085 0)
    (7.6090 0)
    (7.6095 0)
    (7.6100 0)
    (7.6105 0)
    (7.6110 0)
    (7.6115 0)
    (7.6120 0)
    (7.6125 0)
    (7.6130 0)
    (7.6135 0)
    (7.6140 0)
    (7.6145 0)
    (7.6150 0)
    (7.6155 0)
    (7.6160 0)
    (7.6165 0)
    (7.6170 0)
    (7.6175 0)
    (7.6180 0)
    (7.6185 0)
    (7.6190 0)
    (7.6195 0)
    (7.6200 0)
    (7.6205 0)
    (7.6210 0)
    (7.6215 0)
    (7.6220 0)
    (7.6225 0)
    (7.6230 0)
    (7.6235 0)
    (7.6240 0)
    (7.6245 0)
    (7.6250 0)
    (7.6255 0)
    (7.6260 0)
    (7.6265 0)
    (7.6270 0)
    (7.6275 0)
    (7.6280 0)
    (7.6285 0)
    (7.6290 0)
    (7.6295 0)
    (7.6300 0)
    (7.6305 0)
    (7.6310 0)
    (7.6315 0)
    (7.6320 0)
    (7.6325 0)
    (7.6330 0)
    (7.6335 0)
    (7.6340 0)
    (7.6345 0)
    (7.6350 0)
    (7.6355 0)
    (7.6360 0)
    (7.6365 0)
    (7.6370 0)
    (7.6375 0)
    (7.6380 0)
    (7.6385 0)
    (7.6390 0)
    (7.6395 0)
    (7.6400 0)
    (7.6405 0)
    (7.6410 0)
    (7.6415 0)
    (7.6420 0)
    (7.6425 0)
    (7.6430 0)
    (7.6435 0)
    (7.6440 0)
    (7.6445 0)
    (7.6450 0)
    (7.6455 0)
    (7.6460 0)
    (7.6465 0)
    (7.6470 0)
    (7.6475 6.94203e-08)
    (7.6480 0)
    (7.6485 -1.86011e-08)
    (7.6490 0)
    (7.6495 4.98415e-09)
    (7.6500 0)
    (7.6505 -1.3355e-09)
    (7.6510 0)
    (7.6515 3.57846e-10)
    (7.6520 0)
    (7.6525 -9.58846e-11)
    (7.6530 0)
    (7.6535 2.56922e-11)
    (7.6540 0)
    (7.6545 -6.88421e-12)
    (7.6550 0)
    (7.6555 1.84462e-12)
    (7.6560 0)
    (7.6565 -4.94264e-13)
    (7.6570 0)
    (7.6575 1.32438e-13)
    (7.6580 0)
    (7.6585 -3.54888e-14)
    (7.6590 0)
    (7.6595 9.51701e-15)
    (7.6600 0)
    (7.6605 -2.57923e-15)
    (7.6610 0)
    (7.6615 7.99911e-16)
    (7.6620 0)
    (7.6625 -6.20416e-16)
    (7.6630 0)
    (7.6635 1.68175e-15)
    (7.6640 0)
    (7.6645 -6.10659e-15)
    (7.6650 0)
    (7.6655 2.27446e-14)
    (7.6660 0)
    (7.6665 -8.48719e-14)
    (7.6670 0)
    (7.6675 3.16743e-13)
    (7.6680 0)
    (7.6685 -1.1821e-12)
    (7.6690 0)
    (7.6695 4.41166e-12)
    (7.6700 0)
    (7.6705 -1.64645e-11)
    (7.6710 0)
    (7.6715 6.14464e-11)
    (7.6720 0)
    (7.6725 -2.29321e-10)
    (7.6730 0)
    (7.6735 8.55838e-10)
    (7.6740 0)
    (7.6745 -3.19403e-09)
    (7.6750 0)
    (7.6755 9.25276e-10)
    (7.6760 -8.79601e-08)
    (7.6765 -3.39046e-07)
    (7.6770 -6.85229e-07)
    (7.6775 -1.04593e-06)
    (7.6780 -1.4262e-06)
    (7.6785 -1.84674e-06)
    (7.6790 -2.30532e-06)
    (7.6795 -2.7955e-06)
    (7.6800 -3.31701e-06)
    (7.6805 -3.87069e-06)
    (7.6810 -4.45571e-06)
    (7.6815 -5.07096e-06)
    (7.6820 -5.71586e-06)
    (7.6825 -6.38978e-06)
    (7.6830 -7.09127e-06)
    (7.6835 -7.81863e-06)
    (7.6840 -8.56995e-06)
    (7.6845 -9.34328e-06)
    (7.6850 -1.01367e-05)
    (7.6855 -1.09484e-05)
    (7.6860 -1.17764e-05)
    (7.6865 -1.26188e-05)
    (7.6870 -1.34737e-05)
    (7.6875 -1.43392e-05)
    (7.6880 -1.52135e-05)
    (7.6885 -1.60945e-05)
    (7.6890 -1.69805e-05)
    (7.6895 -1.78695e-05)
    (7.6900 -1.87596e-05)
    (7.6905 -1.96488e-05)
    (7.6910 -2.05355e-05)
    (7.6915 -2.14188e-05)
    (7.6920 -2.2301e-05)
    (7.6925 -2.31855e-05)
    (7.6930 -2.40753e-05)
    (7.6935 -2.49735e-05)
    (7.6940 -2.5883e-05)
    (7.6945 -2.68071e-05)
    (7.6950 -2.77489e-05)
    (7.6955 -2.87113e-05)
    (7.6960 -2.96974e-05)
    (7.6965 -3.07104e-05)
    (7.6970 -3.17534e-05)
    (7.6975 -3.28293e-05)
    (7.6980 -3.39413e-05)
    (7.6985 -3.50925e-05)
    (7.6990 -3.6286e-05)
    (7.6995 -3.75249e-05)
    (7.7000 -3.8812e-05)
    (7.7005 -4.01506e-05)
    (7.7010 -4.15441e-05)
    (7.7015 -4.29956e-05)
    (7.7020 -4.45055e-05)
    (7.7025 -4.60729e-05)
    (7.7030 -4.76943e-05)
    (7.7035 -4.93659e-05)
    (7.7040 -5.10841e-05)
    (7.7045 -5.28457e-05)
    (7.7050 -5.46473e-05)
    (7.7055 -5.64855e-05)
    (7.7060 -5.83567e-05)
    (7.7065 -6.02576e-05)
    (7.7070 -6.21848e-05)
    (7.7075 -6.41349e-05)
    (7.7080 -6.61042e-05)
    (7.7085 -6.80893e-05)
    (7.7090 -7.00876e-05)
    (7.7095 -7.20974e-05)
    (7.7100 -7.41191e-05)
    (7.7105 -7.61539e-05)
    (7.7110 -7.82024e-05)
    (7.7115 -8.02653e-05)
    (7.7120 -8.23433e-05)
    (7.7125 -8.44371e-05)
    (7.7130 -8.65475e-05)
    (7.7135 -8.86751e-05)
    (7.7140 -9.08207e-05)
    (7.7145 -9.29849e-05)
    (7.7150 -9.51686e-05)
    (7.7155 -9.73725e-05)
    (7.7160 -9.95962e-05)
    (7.7165 -0.00010184)
    (7.7170 -0.000104102)
    (7.7175 -0.000106383)
    (7.7180 -0.000108681)
    (7.7185 -0.000110997)
    (7.7190 -0.000113329)
    (7.7195 -0.000115678)
    (7.7200 -0.000118041)
    (7.7205 -0.00012042)
    (7.7210 -0.000122813)
    (7.7215 -0.00012522)
    (7.7220 -0.00012764)
    (7.7225 -0.00013007)
    (7.7230 -0.000132507)
    (7.7235 -0.000134947)
    (7.7240 -0.000137386)
    (7.7245 -0.00013982)
    (7.7250 -0.000142244)
    (7.7255 -0.000144655)
    (7.7260 -0.00014705)
    (7.7265 -0.000149423)
    (7.7270 -0.000151771)
    (7.7275 -0.000154088)
    (7.7280 -0.000156379)
    (7.7285 -0.000158653)
    (7.7290 -0.000160928)
    (7.7295 -0.000163221)
    (7.7300 -0.000165552)
    (7.7305 -0.000167937)
    (7.7310 -0.000170393)
    (7.7315 -0.000172938)
    (7.7320 -0.000175592)
    (7.7325 -0.000178374)
    (7.7330 -0.000181285)
    (7.7335 -0.000184316)
    (7.7340 -0.000187435)
    (7.7345 -0.000190606)
    (7.7350 -0.000193797)
    (7.7355 -0.000196975)
    (7.7360 -0.000200109)
    (7.7365 -0.000203164)
    (7.7370 -0.000206111)
    (7.7375 -0.000208929)
    (7.7380 -0.000211633)
    (7.7385 -0.000214247)
    (7.7390 -0.000216793)
    (7.7395 -0.000219291)
    (7.7400 -0.000221765)
    (7.7405 -0.000224235)
    (7.7410 -0.000226724)
    (7.7415 -0.000229255)
    (7.7420 -0.000231847)
    (7.7425 -0.000234518)
    (7.7430 -0.000237259)
    (7.7435 -0.000240055)
    (7.7440 -0.000242894)
    (7.7445 -0.00024576)
    (7.7450 -0.00024864)
    (7.7455 -0.00025152)
    (7.7460 -0.000254386)
    (7.7465 -0.000257224)
    (7.7470 -0.000260019)
    (7.7475 -0.000262762)
    (7.7480 -0.000265465)
    (7.7485 -0.000268146)
    (7.7490 -0.000270826)
    (7.7495 -0.000273525)
    (7.7500 -0.00027626)
    (7.7505 -0.000279054)
    (7.7510 -0.000281923)
    (7.7515 -0.000284887)
    (7.7520 -0.000287969)
    (7.7525 -0.000291184)
    (7.7530 -0.000294517)
    (7.7535 -0.000297948)
    (7.7540 -0.000301453)
    (7.7545 -0.000305006)
    (7.7550 -0.000308582)
    (7.7555 -0.000312158)
    (7.7560 -0.000315708)
    (7.7565 -0.00031921)
    (7.7570 -0.000322637)
    (7.7575 -0.000325966)
    (7.7580 -0.000329194)
    (7.7585 -0.000332325)
    (7.7590 -0.000335366)
    (7.7595 -0.000338327)
    (7.7600 -0.000341213)
    (7.7605 -0.000344031)
    (7.7610 -0.000346791)
    (7.7615 -0.000349499)
    (7.7620 -0.000352158)
    (7.7625 -0.00035477)
    (7.7630 -0.00035733)
    (7.7635 -0.000359835)
    (7.7640 -0.000362281)
    (7.7645 -0.000364664)
    (7.7650 -0.00036698)
    (7.7655 -0.000369226)
    (7.7660 -0.000371398)
    (7.7665 -0.000373493)
    (7.7670 -0.000375506)
    (7.7675 -0.000377434)
    (7.7680 -0.000379273)
    (7.7685 -0.00038102)
    (7.7690 -0.000382683)
    (7.7695 -0.000384269)
    (7.7700 -0.000385786)
    (7.7705 -0.000387243)
    (7.7710 -0.000388648)
    (7.7715 -0.00039001)
    (7.7720 -0.000391337)
    (7.7725 -0.000392637)
    (7.7730 -0.000393919)
    (7.7735 -0.000395191)
    (7.7740 -0.000396461)
    (7.7745 -0.000397738)
    (7.7750 -0.00039903)
    (7.7755 -0.000400347)
    (7.7760 -0.000401688)
    (7.7765 -0.000403052)
    (7.7770 -0.000404434)
    (7.7775 -0.000405831)
    (7.7780 -0.000407237)
    (7.7785 -0.00040865)
    (7.7790 -0.000410065)
    (7.7795 -0.000411478)
    (7.7800 -0.000412885)
    (7.7805 -0.000414282)
    (7.7810 -0.000415665)
    (7.7815 -0.00041703)
    (7.7820 -0.000418373)
    (7.7825 -0.000419689)
    (7.7830 -0.000420977)
    (7.7835 -0.000422235)
    (7.7840 -0.000423464)
    (7.7845 -0.000424667)
    (7.7850 -0.000425843)
    (7.7855 -0.000426993)
    (7.7860 -0.000428119)
    (7.7865 -0.000429221)
    (7.7870 -0.0004303)
    (7.7875 -0.000431357)
    (7.7880 -0.000432394)
    (7.7885 -0.00043341)
    (7.7890 -0.000434408)
    (7.7895 -0.000435387)
    (7.7900 -0.00043635)
    (7.7905 -0.000437295)
    (7.7910 -0.000438226)
    (7.7915 -0.000439142)
    (7.7920 -0.000440041)
    (7.7925 -0.000440921)
    (7.7930 -0.000441777)
    (7.7935 -0.000442607)
    (7.7940 -0.000443406)
    (7.7945 -0.000444172)
    (7.7950 -0.0004449)
    (7.7955 -0.000445588)
    (7.7960 -0.000446231)
    (7.7965 -0.000446828)
    (7.7970 -0.000447376)
    (7.7975 -0.000447877)
    (7.7980 -0.000448331)
    (7.7985 -0.000448741)
    (7.7990 -0.000449107)
    (7.7995 -0.00044943)
    (7.8000 -0.000449712)
    (7.8005 -0.000449954)
    (7.8010 -0.000450156)
    (7.8015 -0.000450321)
    (7.8020 -0.000450448)
    (7.8025 -0.00045054)
    (7.8030 -0.000450597)
    (7.8035 -0.000450621)
    (7.8040 -0.000450613)
    (7.8045 -0.000450574)
    (7.8050 -0.000450505)
    (7.8055 -0.000450407)
    (7.8060 -0.000450281)
    (7.8065 -0.000450129)
    (7.8070 -0.000449952)
    (7.8075 -0.000449751)
    (7.8080 -0.000449526)
    (7.8085 -0.00044928)
    (7.8090 -0.000449013)
    (7.8095 -0.000448727)
    (7.8100 -0.000448422)
    (7.8105 -0.0004481)
    (7.8110 -0.00044776)
    (7.8115 -0.000447399)
    (7.8120 -0.000447012)
    (7.8125 -0.000446596)
    (7.8130 -0.000446147)
    (7.8135 -0.000445661)
    (7.8140 -0.000445133)
    (7.8145 -0.00044456)
    (7.8150 -0.000443938)
    (7.8155 -0.000443263)
    (7.8160 -0.000442531)
    (7.8165 -0.000441738)
    (7.8170 -0.00044088)
    (7.8175 -0.000439954)
    (7.8180 -0.000438954)
    (7.8185 -0.000437877)
    (7.8190 -0.000436722)
    (7.8195 -0.00043549)
    (7.8200 -0.000434188)
    (7.8205 -0.000432822)
    (7.8210 -0.000431399)
    (7.8215 -0.000429924)
    (7.8220 -0.000428404)
    (7.8225 -0.000426845)
    (7.8230 -0.000425254)
    (7.8235 -0.000423635)
    (7.8240 -0.000421996)
    (7.8245 -0.000420342)
    (7.8250 -0.00041868)
    (7.8255 -0.000417016)
    (7.8260 -0.000415356)
    (7.8265 -0.000413707)
    (7.8270 -0.000412072)
    (7.8275 -0.000410454)
    (7.8280 -0.000408852)
    (7.8285 -0.000407266)
    (7.8290 -0.000405697)
    (7.8295 -0.000404144)
    (7.8300 -0.000402607)
    (7.8305 -0.000401086)
    (7.8310 -0.000399582)
    (7.8315 -0.000398093)
    (7.8320 -0.000396621)
    (7.8325 -0.000395165)
    (7.8330 -0.000393725)
    (7.8335 -0.000392301)
    (7.8340 -0.000390893)
    (7.8345 -0.000389501)
    (7.8350 -0.000388125)
    (7.8355 -0.000386765)
    (7.8360 -0.000385418)
    (7.8365 -0.000384086)
    (7.8370 -0.000382767)
    (7.8375 -0.00038146)
    (7.8380 -0.000380165)
    (7.8385 -0.00037888)
    (7.8390 -0.000377607)
    (7.8395 -0.000376342)
    (7.8400 -0.000375087)
    (7.8405 -0.00037384)
    (7.8410 -0.0003726)
    (7.8415 -0.000371368)
    (7.8420 -0.000370141)
    (7.8425 -0.00036892)
    (7.8430 -0.000367703)
    (7.8435 -0.000366491)
    (7.8440 -0.000365285)
    (7.8445 -0.000364086)
    (7.8450 -0.000362898)
    (7.8455 -0.000361721)
    (7.8460 -0.000360559)
    (7.8465 -0.000359413)
    (7.8470 -0.000358285)
    (7.8475 -0.000357178)
    (7.8480 -0.000356094)
    (7.8485 -0.000355034)
    (7.8490 -0.000354)
    (7.8495 -0.000352996)
    (7.8500 -0.000352023)
    (7.8505 -0.000351082)
    (7.8510 -0.000350177)
    (7.8515 -0.000349309)
    (7.8520 -0.00034848)
    (7.8525 -0.00034769)
    (7.8530 -0.000346935)
    (7.8535 -0.000346211)
    (7.8540 -0.000345512)
    (7.8545 -0.000344836)
    (7.8550 -0.000344176)
    (7.8555 -0.000343529)
    (7.8560 -0.00034289)
    (7.8565 -0.000342255)
    (7.8570 -0.00034162)
    (7.8575 -0.000340979)
    (7.8580 -0.000340329)
    (7.8585 -0.000339665)
    (7.8590 -0.000338983)
    (7.8595 -0.000338278)
    (7.8600 -0.000337545)
    (7.8605 -0.00033678)
    (7.8610 -0.000335984)
    (7.8615 -0.000335159)
    (7.8620 -0.00033431)
    (7.8625 -0.000333444)
    (7.8630 -0.000332565)
    (7.8635 -0.000331678)
    (7.8640 -0.000330788)
    (7.8645 -0.000329901)
    (7.8650 -0.000329021)
    (7.8655 -0.000328153)
    (7.8660 -0.000327303)
    (7.8665 -0.000326476)
    (7.8670 -0.000325676)
    (7.8675 -0.000324909)
    (7.8680 -0.00032418)
    (7.8685 -0.000323495)
    (7.8690 -0.000322855)
    (7.8695 -0.000322259)
    (7.8700 -0.0003217)
    (7.8705 -0.000321171)
    (7.8710 -0.000320665)
    (7.8715 -0.000320177)
    (7.8720 -0.0003197)
    (7.8725 -0.000319227)
    (7.8730 -0.000318753)
    (7.8735 -0.00031827)
    (7.8740 -0.000317772)
    (7.8745 -0.000317254)
    (7.8750 -0.000316714)
    (7.8755 -0.000316153)
    (7.8760 -0.00031557)
    (7.8765 -0.000314967)
    (7.8770 -0.000314343)
    (7.8775 -0.000313698)
    (7.8780 -0.000313032)
    (7.8785 -0.000312346)
    (7.8790 -0.000311641)
    (7.8795 -0.000310915)
    (7.8800 -0.000310169)
    (7.8805 -0.000309404)
    (7.8810 -0.00030862)
    (7.8815 -0.000307816)
    (7.8820 -0.000306993)
    (7.8825 -0.000306151)
    (7.8830 -0.000305291)
    (7.8835 -0.000304412)
    (7.8840 -0.000303515)
    (7.8845 -0.0003026)
    (7.8850 -0.000301667)
    (7.8855 -0.000300716)
    (7.8860 -0.000299748)
    (7.8865 -0.000298762)
    (7.8870 -0.000297759)
    (7.8875 -0.000296739)
    (7.8880 -0.000295702)
    (7.8885 -0.000294649)
    (7.8890 -0.000293579)
    (7.8895 -0.000292493)
    (7.8900 -0.000291391)
    (7.8905 -0.000290273)
    (7.8910 -0.000289139)
    (7.8915 -0.000287989)
    (7.8920 -0.000286825)
    (7.8925 -0.000285645)
    (7.8930 -0.00028445)
    (7.8935 -0.000283241)
    (7.8940 -0.000282016)
    (7.8945 -0.000280778)
    (7.8950 -0.000279525)
    (7.8955 -0.000278258)
    (7.8960 -0.000276981)
    (7.8965 -0.000275695)
    (7.8970 -0.000274404)
    (7.8975 -0.000273111)
    (7.8980 -0.00027182)
    (7.8985 -0.000270533)
    (7.8990 -0.000269254)
    (7.8995 -0.000267986)
    (7.9000 -0.000266733)
    (7.9005 -0.000265496)
    (7.9010 -0.000264281)
    (7.9015 -0.000263089)
    (7.9020 -0.000261924)
    (7.9025 -0.000260789)
    (7.9030 -0.000259687)
    (7.9035 -0.000258623)
    (7.9040 -0.000257596)
    (7.9045 -0.000256606)
    (7.9050 -0.000255649)
    (7.9055 -0.00025472)
    (7.9060 -0.000253815)
    (7.9065 -0.000252929)
    (7.9070 -0.000252059)
    (7.9075 -0.000251199)
    (7.9080 -0.000250346)
    (7.9085 -0.000249496)
    (7.9090 -0.000248644)
    (7.9095 -0.000247786)
    (7.9100 -0.000246918)
    (7.9105 -0.000246035)
    (7.9110 -0.000245134)
    (7.9115 -0.000244209)
    (7.9120 -0.000243257)
    (7.9125 -0.000242273)
    (7.9130 -0.000241258)
    (7.9135 -0.000240213)
    (7.9140 -0.00023914)
    (7.9145 -0.000238041)
    (7.9150 -0.00023692)
    (7.9155 -0.000235778)
    (7.9160 -0.000234617)
    (7.9165 -0.000233441)
    (7.9170 -0.00023225)
    (7.9175 -0.000231048)
    (7.9180 -0.000229837)
    (7.9185 -0.000228618)
    (7.9190 -0.000227395)
    (7.9195 -0.00022617)
    (7.9200 -0.000224945)
    (7.9205 -0.000223722)
    (7.9210 -0.000222503)
    (7.9215 -0.000221291)
    (7.9220 -0.000220084)
    (7.9225 -0.000218883)
    (7.9230 -0.000217687)
    (7.9235 -0.000216496)
    (7.9240 -0.00021531)
    (7.9245 -0.000214129)
    (7.9250 -0.000212951)
    (7.9255 -0.000211777)
    (7.9260 -0.000210607)
    (7.9265 -0.000209441)
    (7.9270 -0.000208277)
    (7.9275 -0.000207116)
    (7.9280 -0.000205957)
    (7.9285 -0.0002048)
    (7.9290 -0.000203646)
    (7.9295 -0.000202492)
    (7.9300 -0.00020134)
    (7.9305 -0.000200188)
    (7.9310 -0.000199035)
    (7.9315 -0.00019788)
    (7.9320 -0.000196722)
    (7.9325 -0.000195559)
    (7.9330 -0.00019439)
    (7.9335 -0.000193215)
    (7.9340 -0.000192032)
    (7.9345 -0.00019084)
    (7.9350 -0.000189638)
    (7.9355 -0.000188424)
    (7.9360 -0.000187198)
    (7.9365 -0.000185958)
    (7.9370 -0.000184704)
    (7.9375 -0.000183433)
    (7.9380 -0.000182146)
    (7.9385 -0.00018084)
    (7.9390 -0.000179518)
    (7.9395 -0.000178182)
    (7.9400 -0.000176834)
    (7.9405 -0.000175477)
    (7.9410 -0.000174114)
    (7.9415 -0.000172748)
    (7.9420 -0.00017138)
    (7.9425 -0.000170014)
    (7.9430 -0.000168651)
    (7.9435 -0.000167296)
    (7.9440 -0.00016595)
    (7.9445 -0.000164616)
    (7.9450 -0.000163296)
    (7.9455 -0.000161993)
    (7.9460 -0.000160711)
    (7.9465 -0.000159451)
    (7.9470 -0.000158213)
    (7.9475 -0.000156998)
    (7.9480 -0.000155801)
    (7.9485 -0.000154621)
    (7.9490 -0.000153456)
    (7.9495 -0.000152303)
    (7.9500 -0.00015116)
    (7.9505 -0.000150024)
    (7.9510 -0.000148894)
    (7.9515 -0.000147767)
    (7.9520 -0.00014664)
    (7.9525 -0.000145512)
    (7.9530 -0.00014438)
    (7.9535 -0.000143243)
    (7.9540 -0.000142096)
    (7.9545 -0.000140939)
    (7.9550 -0.00013977)
    (7.9555 -0.000138585)
    (7.9560 -0.000137382)
    (7.9565 -0.000136159)
    (7.9570 -0.000134915)
    (7.9575 -0.000133647)
    (7.9580 -0.000132358)
    (7.9585 -0.000131049)
    (7.9590 -0.000129722)
    (7.9595 -0.000128379)
    (7.9600 -0.000127021)
    (7.9605 -0.000125651)
    (7.9610 -0.00012427)
    (7.9615 -0.00012288)
    (7.9620 -0.000121483)
    (7.9625 -0.00012008)
    (7.9630 -0.000118674)
    (7.9635 -0.000117265)
    (7.9640 -0.000115857)
    (7.9645 -0.00011445)
    (7.9650 -0.000113047)
    (7.9655 -0.00011165)
    (7.9660 -0.000110258)
    (7.9665 -0.000108872)
    (7.9670 -0.00010749)
    (7.9675 -0.000106109)
    (7.9680 -0.000104728)
    (7.9685 -0.000103344)
    (7.9690 -0.000101956)
    (7.9695 -0.000100562)
    (7.9700 -9.91593e-05)
    (7.9705 -9.77467e-05)
    (7.9710 -9.63222e-05)
    (7.9715 -9.48837e-05)
    (7.9720 -9.34293e-05)
    (7.9725 -9.19573e-05)
    (7.9730 -9.04653e-05)
    (7.9735 -8.89516e-05)
    (7.9740 -8.74153e-05)
    (7.9745 -8.58563e-05)
    (7.9750 -8.42754e-05)
    (7.9755 -8.26733e-05)
    (7.9760 -8.10509e-05)
    (7.9765 -7.94087e-05)
    (7.9770 -7.77474e-05)
    (7.9775 -7.60679e-05)
    (7.9780 -7.43707e-05)
    (7.9785 -7.26565e-05)
    (7.9790 -7.09262e-05)
    (7.9795 -6.91805e-05)
    (7.9800 -6.74198e-05)
    (7.9805 -6.56448e-05)
    (7.9810 -6.38573e-05)
    (7.9815 -6.206e-05)
    (7.9820 -6.0258e-05)
    (7.9825 -5.84566e-05)
    (7.9830 -5.66607e-05)
    (7.9835 -5.48754e-05)
    (7.9840 -5.31056e-05)
    (7.9845 -5.13564e-05)
    (7.9850 -4.96329e-05)
    (7.9855 -4.79399e-05)
    (7.9860 -4.62827e-05)
    (7.9865 -4.46663e-05)
    (7.9870 -4.30954e-05)
    (7.9875 -4.15749e-05)
    (7.9880 -4.0111e-05)
    (7.9885 -3.87087e-05)
    (7.9890 -3.73682e-05)
    (7.9895 -3.60867e-05)
    (7.9900 -3.48555e-05)
    (7.9905 -3.36642e-05)
    (7.9910 -3.25039e-05)
    (7.9915 -3.13658e-05)
    (7.9920 -3.02409e-05)
    (7.9925 -2.91202e-05)
    (7.9930 -2.79943e-05)
    (7.9935 -2.68541e-05)
    (7.9940 -2.56917e-05)
    (7.9945 -2.44984e-05)
    (7.9950 -2.32607e-05)
    (7.9955 -2.19686e-05)
    (7.9960 -2.0629e-05)
    (7.9965 -1.92371e-05)
    (7.9970 -1.77242e-05)
    (7.9975 -1.60653e-05)
    (7.9980 -1.44739e-05)
    (7.9985 -1.30008e-05)
    (7.9990 -1.08059e-05)
    (7.9995 -6.82651e-06)
    (8.0000 0)
    (8.0005 0)
    (8.0010 0)
    (8.0015 0)
    (8.0020 0)
    (8.0025 0)
    (8.0030 0)
    (8.0035 0)
    (8.0040 0)
    (8.0045 0)
    (8.0050 0)
    (8.0055 0)
    (8.0060 0)
    (8.0065 0)
    (8.0070 0)
    (8.0075 0)
    (8.0080 0)
    (8.0085 0)
    (8.0090 0)
    (8.0095 0)
    (8.0100 0)
    (8.0105 0)
    (8.0110 0)
    (8.0115 0)
    (8.0120 0)
    (8.0125 0)
    (8.0130 0)
    (8.0135 0)
    (8.0140 0)
    (8.0145 0)
    (8.0150 0)
    (8.0155 0)
    (8.0160 0)
    (8.0165 0)
    (8.0170 0)
    (8.0175 0)
    (8.0180 0)
    (8.0185 0)
    (8.0190 0)
    (8.0195 0)
    (8.0200 0)
    (8.0205 0)
    (8.0210 0)
    (8.0215 0)
    (8.0220 0)
    (8.0225 0)
    (8.0230 0)
    (8.0235 0)
    (8.0240 0)
    (8.0245 0)
    (8.0250 0)
    (8.0255 0)
    (8.0260 0)
    (8.0265 0)
    (8.0270 0)
    (8.0275 0)
    (8.0280 0)
    (8.0285 0)
    (8.0290 0)
    (8.0295 0)
    (8.0300 0)
    (8.0305 0)
    (8.0310 0)
    (8.0315 0)
    (8.0320 0)
    (8.0325 0)
    (8.0330 0)
    (8.0335 0)
    (8.0340 0)
    (8.0345 0)
    (8.0350 0)
    (8.0355 0)
    (8.0360 0)
    (8.0365 0)
    (8.0370 0)
    (8.0375 0)
    (8.0380 0)
    (8.0385 0)
    (8.0390 0)
    (8.0395 0)
    (8.0400 0)
    (8.0405 0)
    (8.0410 0)
    (8.0415 0)
    (8.0420 0)
    (8.0425 0)
    (8.0430 0)
    (8.0435 0)
    (8.0440 0)
    (8.0445 0)
    (8.0450 0)
    (8.0455 0)
    (8.0460 0)
    (8.0465 0)
    (8.0470 0)
    (8.0475 0)
    (8.0480 0)
    (8.0485 0)
    (8.0490 0)
    (8.0495 0)
    (8.0500 0)
    (8.0505 0)
    (8.0510 0)
    (8.0515 0)
    (8.0520 0)
    (8.0525 0)
    (8.0530 0)
    (8.0535 0)
    (8.0540 0)
    (8.0545 0)
    (8.0550 0)
    (8.0555 0)
    (8.0560 0)
    (8.0565 0)
    (8.0570 0)
    (8.0575 0)
    (8.0580 0)
    (8.0585 0)
    (8.0590 0)
    (8.0595 0)
    (8.0600 0)
    (8.0605 0)
    (8.0610 0)
    (8.0615 0)
    (8.0620 0)
    (8.0625 0)
    (8.0630 0)
    (8.0635 0)
    (8.0640 0)
    (8.0645 0)
    (8.0650 0)
    (8.0655 0)
    (8.0660 0)
    (8.0665 0)
    (8.0670 0)
    (8.0675 0)
    (8.0680 0)
    (8.0685 0)
    (8.0690 0)
    (8.0695 0)
    (8.0700 0)
    (8.0705 0)
    (8.0710 0)
    (8.0715 0)
    (8.0720 0)
    (8.0725 0)
    (8.0730 0)
    (8.0735 0)
    (8.0740 0)
    (8.0745 0)
    (8.0750 0)
    (8.0755 0)
    (8.0760 0)
    (8.0765 0)
    (8.0770 0)
    (8.0775 0)
    (8.0780 0)
    (8.0785 0)
    (8.0790 0)
    (8.0795 0)
    (8.0800 0)
    (8.0805 0)
    (8.0810 0)
    (8.0815 0)
    (8.0820 0)
    (8.0825 0)
    (8.0830 0)
    (8.0835 0)
    (8.0840 0)
    (8.0845 0)
    (8.0850 0)
    (8.0855 0)
    (8.0860 0)
    (8.0865 0)
    (8.0870 0)
    (8.0875 0)
    (8.0880 0)
    (8.0885 0)
    (8.0890 0)
    (8.0895 0)
    (8.0900 0)
    (8.0905 0)
    (8.0910 0)
    (8.0915 0)
    (8.0920 0)
    (8.0925 0)
    (8.0930 0)
    (8.0935 0)
    (8.0940 0)
    (8.0945 0)
    (8.0950 0)
    (8.0955 0)
    (8.0960 0)
    (8.0965 0)
    (8.0970 0)
    (8.0975 0)
    (8.0980 0)
    (8.0985 0)
    (8.0990 0)
    (8.0995 0)
    (8.1000 0)
    (8.1005 0)
    (8.1010 0)
    (8.1015 0)
    (8.1020 0)
    (8.1025 0)
    (8.1030 0)
    (8.1035 0)
    (8.1040 0)
    (8.1045 0)
    (8.1050 0)
    (8.1055 0)
    (8.1060 0)
    (8.1065 0)
    (8.1070 0)
    (8.1075 0)
    (8.1080 0)
    (8.1085 0)
    (8.1090 0)
    (8.1095 0)
    (8.1100 0)
    (8.1105 0)
    (8.1110 0)
    (8.1115 0)
    (8.1120 0)
    (8.1125 0)
    (8.1130 0)
    (8.1135 0)
    (8.1140 0)
    (8.1145 0)
    (8.1150 0)
    (8.1155 0)
    (8.1160 0)
    (8.1165 0)
    (8.1170 0)
    (8.1175 0)
    (8.1180 0)
    (8.1185 0)
    (8.1190 0)
    (8.1195 0)
    (8.1200 0)
    (8.1205 0)
    (8.1210 0)
    (8.1215 0)
    (8.1220 0)
    (8.1225 0)
    (8.1230 0)
    (8.1235 0)
    (8.1240 0)
    (8.1245 0)
    (8.1250 0)
    (8.1255 0)
    (8.1260 0)
    (8.1265 0)
    (8.1270 0)
    (8.1275 0)
    (8.1280 0)
    (8.1285 0)
    (8.1290 0)
    (8.1295 0)
    (8.1300 0)
    (8.1305 0)
    (8.1310 0)
    (8.1315 0)
    (8.1320 0)
    (8.1325 0)
    (8.1330 0)
    (8.1335 0)
    (8.1340 0)
    (8.1345 0)
    (8.1350 0)
    (8.1355 0)
    (8.1360 0)
    (8.1365 0)
    (8.1370 0)
    (8.1375 0)
    (8.1380 0)
    (8.1385 0)
    (8.1390 0)
    (8.1395 0)
    (8.1400 0)
    (8.1405 0)
    (8.1410 0)
    (8.1415 0)
    (8.1420 0)
    (8.1425 0)
    (8.1430 0)
    (8.1435 0)
    (8.1440 0)
    (8.1445 0)
    (8.1450 0)
    (8.1455 0)
    (8.1460 0)
    (8.1465 0)
    (8.1470 0)
    (8.1475 0)
    (8.1480 0)
    (8.1485 0)
    (8.1490 0)
    (8.1495 0)
    (8.1500 0)
    (8.1505 0)
    (8.1510 0)
    (8.1515 0)
    (8.1520 0)
    (8.1525 0)
    (8.1530 0)
    (8.1535 0)
    (8.1540 0)
    (8.1545 0)
    (8.1550 0)
    (8.1555 0)
    (8.1560 0)
    (8.1565 0)
    (8.1570 0)
    (8.1575 0)
    (8.1580 0)
    (8.1585 0)
    (8.1590 0)
    (8.1595 0)
    (8.1600 0)
    (8.1605 0)
    (8.1610 0)
    (8.1615 0)
    (8.1620 0)
    (8.1625 0)
    (8.1630 0)
    (8.1635 0)
    (8.1640 0)
    (8.1645 0)
    (8.1650 0)
    (8.1655 0)
    (8.1660 0)
    (8.1665 0)
    (8.1670 0)
    (8.1675 0)
    (8.1680 0)
    (8.1685 0)
    (8.1690 0)
    (8.1695 0)
    (8.1700 0)
    (8.1705 0)
    (8.1710 0)
    (8.1715 0)
    (8.1720 0)
    (8.1725 0)
    (8.1730 0)
    (8.1735 0)
    (8.1740 0)
    (8.1745 0)
    (8.1750 0)
    (8.1755 0)
    (8.1760 0)
    (8.1765 0)
    (8.1770 0)
    (8.1775 0)
    (8.1780 0)
    (8.1785 0)
    (8.1790 0)
    (8.1795 0)
    (8.1800 0)
    (8.1805 0)
    (8.1810 0)
    (8.1815 0)
    (8.1820 0)
    (8.1825 0)
    (8.1830 0)
    (8.1835 0)
    (8.1840 0)
    (8.1845 0)
    (8.1850 0)
    (8.1855 0)
    (8.1860 0)
    (8.1865 0)
    (8.1870 0)
    (8.1875 0)
    (8.1880 0)
    (8.1885 0)
    (8.1890 0)
    (8.1895 0)
    (8.1900 0)
    (8.1905 0)
    (8.1910 0)
    (8.1915 0)
    (8.1920 0)
    (8.1925 0)
    (8.1930 0)
    (8.1935 0)
    (8.1940 0)
    (8.1945 0)
    (8.1950 0)
    (8.1955 0)
    (8.1960 0)
    (8.1965 0)
    (8.1970 0)
    (8.1975 0)
    (8.1980 0)
    (8.1985 0)
    (8.1990 0)
    (8.1995 0)
    (8.2000 0)
    (8.2005 0)
    (8.2010 0)
    (8.2015 0)
    (8.2020 0)
    (8.2025 0)
    (8.2030 0)
    (8.2035 0)
    (8.2040 0)
    (8.2045 0)
    (8.2050 0)
    (8.2055 0)
    (8.2060 0)
    (8.2065 0)
    (8.2070 0)
    (8.2075 0)
    (8.2080 0)
    (8.2085 0)
    (8.2090 0)
    (8.2095 0)
    (8.2100 0)
    (8.2105 0)
    (8.2110 0)
    (8.2115 0)
    (8.2120 0)
    (8.2125 0)
    (8.2130 0)
    (8.2135 0)
    (8.2140 0)
    (8.2145 0)
    (8.2150 0)
    (8.2155 0)
    (8.2160 0)
    (8.2165 0)
    (8.2170 0)
    (8.2175 0)
    (8.2180 0)
    (8.2185 0)
    (8.2190 0)
    (8.2195 0)
    (8.2200 0)
    (8.2205 0)
    (8.2210 0)
    (8.2215 0)
    (8.2220 0)
    (8.2225 0)
    (8.2230 0)
    (8.2235 0)
    (8.2240 0)
    (8.2245 0)
    (8.2250 0)
    (8.2255 0)
    (8.2260 0)
    (8.2265 0)
    (8.2270 0)
    (8.2275 0)
    (8.2280 0)
    (8.2285 0)
    (8.2290 0)
    (8.2295 0)
    (8.2300 0)
    (8.2305 0)
    (8.2310 0)
    (8.2315 0)
    (8.2320 0)
    (8.2325 0)
    (8.2330 0)
    (8.2335 0)
    (8.2340 0)
    (8.2345 0)
    (8.2350 0)
    (8.2355 0)
    (8.2360 0)
    (8.2365 0)
    (8.2370 0)
    (8.2375 0)
    (8.2380 0)
    (8.2385 0)
    (8.2390 0)
    (8.2395 0)
    (8.2400 0)
    (8.2405 0)
    (8.2410 0)
    (8.2415 0)
    (8.2420 0)
    (8.2425 0)
    (8.2430 0)
    (8.2435 0)
    (8.2440 0)
    (8.2445 0)
    (8.2450 0)
    (8.2455 0)
    (8.2460 0)
    (8.2465 0)
    (8.2470 0)
    (8.2475 0)
    (8.2480 0)
    (8.2485 0)
    (8.2490 0)
    (8.2495 0)
    (8.2500 0)
    (8.2505 0)
    (8.2510 0)
    (8.2515 0)
    (8.2520 0)
    (8.2525 0)
    (8.2530 0)
    (8.2535 0)
    (8.2540 0)
    (8.2545 0)
    (8.2550 0)
    (8.2555 0)
    (8.2560 0)
    (8.2565 0)
    (8.2570 0)
    (8.2575 0)
    (8.2580 0)
    (8.2585 0)
    (8.2590 0)
    (8.2595 0)
    (8.2600 0)
    (8.2605 0)
    (8.2610 0)
    (8.2615 0)
    (8.2620 0)
    (8.2625 0)
    (8.2630 0)
    (8.2635 0)
    (8.2640 0)
    (8.2645 0)
    (8.2650 0)
    (8.2655 0)
    (8.2660 0)
    (8.2665 0)
    (8.2670 0)
    (8.2675 0)
    (8.2680 0)
    (8.2685 0)
    (8.2690 0)
    (8.2695 0)
    (8.2700 0)
    (8.2705 0)
    (8.2710 0)
    (8.2715 0)
    (8.2720 0)
    (8.2725 0)
    (8.2730 0)
    (8.2735 0)
    (8.2740 0)
    (8.2745 0)
    (8.2750 0)
    (8.2755 0)
    (8.2760 0)
    (8.2765 0)
    (8.2770 0)
    (8.2775 0)
    (8.2780 0)
    (8.2785 0)
    (8.2790 0)
    (8.2795 0)
    (8.2800 0)
    (8.2805 0)
    (8.2810 0)
    (8.2815 0)
    (8.2820 0)
    (8.2825 0)
    (8.2830 0)
    (8.2835 0)
    (8.2840 0)
    (8.2845 0)
    (8.2850 0)
    (8.2855 0)
    (8.2860 0)
    (8.2865 0)
    (8.2870 0)
    (8.2875 0)
    (8.2880 0)
    (8.2885 0)
    (8.2890 0)
    (8.2895 0)
    (8.2900 0)
    (8.2905 0)
    (8.2910 0)
    (8.2915 0)
    (8.2920 0)
    (8.2925 0)
    (8.2930 0)
    (8.2935 0)
    (8.2940 0)
    (8.2945 0)
    (8.2950 0)
    (8.2955 0)
    (8.2960 0)
    (8.2965 0)
    (8.2970 0)
    (8.2975 0)
    (8.2980 0)
    (8.2985 0)
    (8.2990 0)
    (8.2995 0)
    (8.3000 0)
    (8.3005 0)
    (8.3010 0)
    (8.3015 0)
    (8.3020 0)
    (8.3025 0)
    (8.3030 0)
    (8.3035 0)
    (8.3040 0)
    (8.3045 0)
    (8.3050 0)
    (8.3055 0)
    (8.3060 0)
    (8.3065 0)
    (8.3070 0)
    (8.3075 0)
    (8.3080 0)
    (8.3085 0)
    (8.3090 0)
    (8.3095 0)
    (8.3100 0)
    (8.3105 0)
    (8.3110 0)
    (8.3115 0)
    (8.3120 0)
    (8.3125 0)
    (8.3130 0)
    (8.3135 0)
    (8.3140 0)
    (8.3145 0)
    (8.3150 0)
    (8.3155 0)
    (8.3160 0)
    (8.3165 0)
    (8.3170 0)
    (8.3175 0)
    (8.3180 0)
    (8.3185 0)
    (8.3190 0)
    (8.3195 0)
    (8.3200 0)
    (8.3205 0)
    (8.3210 0)
    (8.3215 0)
    (8.3220 0)
    (8.3225 0)
    (8.3230 0)
    (8.3235 0)
    (8.3240 0)
    (8.3245 0)
    (8.3250 0)
    (8.3255 0)
    (8.3260 0)
    (8.3265 0)
    (8.3270 0)
    (8.3275 0)
    (8.3280 0)
    (8.3285 0)
    (8.3290 0)
    (8.3295 0)
    (8.3300 0)
    (8.3305 0)
    (8.3310 0)
    (8.3315 0)
    (8.3320 0)
    (8.3325 0)
    (8.3330 0)
    (8.3335 0)
    (8.3340 0)
    (8.3345 0)
    (8.3350 0)
    (8.3355 0)
    (8.3360 0)
    (8.3365 0)
    (8.3370 0)
    (8.3375 0)
    (8.3380 0)
    (8.3385 0)
    (8.3390 0)
    (8.3395 0)
    (8.3400 0)
    (8.3405 0)
    (8.3410 0)
    (8.3415 0)
    (8.3420 0)
    (8.3425 0)
    (8.3430 0)
    (8.3435 0)
    (8.3440 0)
    (8.3445 0)
    (8.3450 0)
    (8.3455 0)
    (8.3460 0)
    (8.3465 0)
    (8.3470 0)
    (8.3475 0)
    (8.3480 0)
    (8.3485 0)
    (8.3490 0)
    (8.3495 0)
    (8.3500 0)
    (8.3505 0)
    (8.3510 0)
    (8.3515 0)
    (8.3520 0)
    (8.3525 0)
    (8.3530 0)
    (8.3535 0)
    (8.3540 0)
    (8.3545 0)
    (8.3550 0)
    (8.3555 0)
    (8.3560 0)
    (8.3565 0)
    (8.3570 0)
    (8.3575 0)
    (8.3580 0)
    (8.3585 0)
    (8.3590 0)
    (8.3595 0)
    (8.3600 0)
    (8.3605 0)
    (8.3610 0)
    (8.3615 0)
    (8.3620 0)
    (8.3625 0)
    (8.3630 0)
    (8.3635 0)
    (8.3640 0)
    (8.3645 0)
    (8.3650 0)
    (8.3655 0)
    (8.3660 0)
    (8.3665 0)
    (8.3670 0)
    (8.3675 0)
    (8.3680 0)
    (8.3685 0)
    (8.3690 0)
    (8.3695 0)
    (8.3700 0)
    (8.3705 0)
    (8.3710 0)
    (8.3715 0)
    (8.3720 0)
    (8.3725 0)
    (8.3730 0)
    (8.3735 0)
    (8.3740 0)
    (8.3745 0)
    (8.3750 0)
    (8.3755 0)
    (8.3760 0)
    (8.3765 0)
    (8.3770 0)
    (8.3775 0)
    (8.3780 0)
    (8.3785 0)
    (8.3790 0)
    (8.3795 0)
    (8.3800 0)
    (8.3805 0)
    (8.3810 0)
    (8.3815 0)
    (8.3820 0)
    (8.3825 0)
    (8.3830 0)
    (8.3835 0)
    (8.3840 0)
    (8.3845 0)
    (8.3850 0)
    (8.3855 0)
    (8.3860 0)
    (8.3865 0)
    (8.3870 0)
    (8.3875 0)
    (8.3880 0)
    (8.3885 0)
    (8.3890 0)
    (8.3895 0)
    (8.3900 0)
    (8.3905 0)
    (8.3910 0)
    (8.3915 0)
    (8.3920 0)
    (8.3925 0)
    (8.3930 0)
    (8.3935 0)
    (8.3940 0)
    (8.3945 0)
    (8.3950 0)
    (8.3955 0)
    (8.3960 0)
    (8.3965 0)
    (8.3970 0)
    (8.3975 0)
    (8.3980 0)
    (8.3985 0)
    (8.3990 0)
    (8.3995 0)
    (8.4000 0)
    (8.4005 0)
    (8.4010 0)
    (8.4015 0)
    (8.4020 0)
    (8.4025 0)
    (8.4030 0)
    (8.4035 0)
    (8.4040 0)
    (8.4045 0)
    (8.4050 0)
    (8.4055 0)
    (8.4060 0)
    (8.4065 0)
    (8.4070 0)
    (8.4075 0)
    (8.4080 0)
    (8.4085 0)
    (8.4090 0)
    (8.4095 0)
    (8.4100 0)
    (8.4105 0)
    (8.4110 0)
    (8.4115 0)
    (8.4120 0)
    (8.4125 0)
    (8.4130 0)
    (8.4135 0)
    (8.4140 0)
    (8.4145 0)
    (8.4150 0)
    (8.4155 0)
    (8.4160 0)
    (8.4165 0)
    (8.4170 0)
    (8.4175 0)
    (8.4180 0)
    (8.4185 0)
    (8.4190 0)
    (8.4195 0)
    (8.4200 0)
    (8.4205 0)
    (8.4210 0)
    (8.4215 0)
    (8.4220 0)
    (8.4225 0)
    (8.4230 0)
    (8.4235 0)
    (8.4240 0)
    (8.4245 0)
    (8.4250 0)
    (8.4255 0)
    (8.4260 0)
    (8.4265 0)
    (8.4270 0)
    (8.4275 0)
    (8.4280 0)
    (8.4285 0)
    (8.4290 0)
    (8.4295 0)
    (8.4300 0)
    (8.4305 0)
    (8.4310 0)
    (8.4315 0)
    (8.4320 0)
    (8.4325 0)
    (8.4330 0)
    (8.4335 0)
    (8.4340 0)
    (8.4345 0)
    (8.4350 0)
    (8.4355 0)
    (8.4360 0)
    (8.4365 0)
    (8.4370 0)
    (8.4375 0)
    (8.4380 0)
    (8.4385 0)
    (8.4390 0)
    (8.4395 0)
    (8.4400 0)
    (8.4405 0)
    (8.4410 0)
    (8.4415 0)
    (8.4420 0)
    (8.4425 0)
    (8.4430 0)
    (8.4435 0)
    (8.4440 0)
    (8.4445 0)
    (8.4450 0)
    (8.4455 0)
    (8.4460 0)
    (8.4465 0)
    (8.4470 0)
    (8.4475 0)
    (8.4480 0)
    (8.4485 0)
    (8.4490 0)
    (8.4495 0)
    (8.4500 0)
    (8.4505 0)
    (8.4510 0)
    (8.4515 0)
    (8.4520 0)
    (8.4525 0)
    (8.4530 0)
    (8.4535 0)
    (8.4540 0)
    (8.4545 0)
    (8.4550 0)
    (8.4555 0)
    (8.4560 0)
    (8.4565 0)
    (8.4570 0)
    (8.4575 0)
    (8.4580 0)
    (8.4585 0)
    (8.4590 0)
    (8.4595 0)
    (8.4600 0)
    (8.4605 0)
    (8.4610 0)
    (8.4615 0)
    (8.4620 0)
    (8.4625 0)
    (8.4630 0)
    (8.4635 0)
    (8.4640 0)
    (8.4645 0)
    (8.4650 0)
    (8.4655 0)
    (8.4660 0)
    (8.4665 0)
    (8.4670 0)
    (8.4675 0)
    (8.4680 0)
    (8.4685 0)
    (8.4690 0)
    (8.4695 0)
    (8.4700 0)
    (8.4705 0)
    (8.4710 0)
    (8.4715 0)
    (8.4720 0)
    (8.4725 0)
    (8.4730 0)
    (8.4735 0)
    (8.4740 0)
    (8.4745 0)
    (8.4750 0)
    (8.4755 0)
    (8.4760 0)
    (8.4765 0)
    (8.4770 0)
    (8.4775 0)
    (8.4780 0)
    (8.4785 0)
    (8.4790 0)
    (8.4795 0)
    (8.4800 0)
    (8.4805 0)
    (8.4810 0)
    (8.4815 0)
    (8.4820 0)
    (8.4825 0)
    (8.4830 0)
    (8.4835 0)
    (8.4840 0)
    (8.4845 0)
    (8.4850 0)
    (8.4855 0)
    (8.4860 0)
    (8.4865 0)
    (8.4870 0)
    (8.4875 0)
    (8.4880 0)
    (8.4885 0)
    (8.4890 0)
    (8.4895 0)
    (8.4900 0)
    (8.4905 0)
    (8.4910 0)
    (8.4915 0)
    (8.4920 0)
    (8.4925 0)
    (8.4930 0)
    (8.4935 0)
    (8.4940 0)
    (8.4945 0)
    (8.4950 0)
    (8.4955 0)
    (8.4960 0)
    (8.4965 0)
    (8.4970 0)
    (8.4975 0)
    (8.4980 0)
    (8.4985 0)
    (8.4990 0)
    (8.4995 0)
    (8.5000 0)
    (8.5005 0)
    (8.5010 0)
    (8.5015 0)
    (8.5020 0)
    (8.5025 0)
    (8.5030 0)
    (8.5035 0)
    (8.5040 0)
    (8.5045 0)
    (8.5050 0)
    (8.5055 0)
    (8.5060 0)
    (8.5065 0)
    (8.5070 0)
    (8.5075 0)
    (8.5080 0)
    (8.5085 0)
    (8.5090 0)
    (8.5095 0)
    (8.5100 0)
    (8.5105 0)
    (8.5110 0)
    (8.5115 0)
    (8.5120 0)
    (8.5125 0)
    (8.5130 0)
    (8.5135 0)
    (8.5140 0)
    (8.5145 0)
    (8.5150 0)
    (8.5155 0)
    (8.5160 0)
    (8.5165 0)
    (8.5170 0)
    (8.5175 0)
    (8.5180 0)
    (8.5185 0)
    (8.5190 0)
    (8.5195 0)
    (8.5200 0)
    (8.5205 0)
    (8.5210 0)
    (8.5215 0)
    (8.5220 0)
    (8.5225 0)
    (8.5230 0)
    (8.5235 0)
    (8.5240 0)
    (8.5245 0)
    (8.5250 0)
    (8.5255 0)
    (8.5260 0)
    (8.5265 0)
    (8.5270 0)
    (8.5275 0)
    (8.5280 0)
    (8.5285 0)
    (8.5290 0)
    (8.5295 0)
    (8.5300 0)
    (8.5305 0)
    (8.5310 0)
    (8.5315 0)
    (8.5320 0)
    (8.5325 0)
    (8.5330 0)
    (8.5335 0)
    (8.5340 0)
    (8.5345 0)
    (8.5350 0)
    (8.5355 0)
    (8.5360 0)
    (8.5365 0)
    (8.5370 0)
    (8.5375 0)
    (8.5380 0)
    (8.5385 0)
    (8.5390 0)
    (8.5395 0)
    (8.5400 0)
    (8.5405 0)
    (8.5410 0)
    (8.5415 0)
    (8.5420 0)
    (8.5425 0)
    (8.5430 0)
    (8.5435 0)
    (8.5440 0)
    (8.5445 0)
    (8.5450 0)
    (8.5455 0)
    (8.5460 0)
    (8.5465 0)
    (8.5470 0)
    (8.5475 0)
    (8.5480 0)
    (8.5485 0)
    (8.5490 0)
    (8.5495 0)
    (8.5500 0)
    (8.5505 0)
    (8.5510 0)
    (8.5515 0)
    (8.5520 0)
    (8.5525 0)
    (8.5530 0)
    (8.5535 0)
    (8.5540 0)
    (8.5545 0)
    (8.5550 0)
    (8.5555 0)
    (8.5560 0)
    (8.5565 0)
    (8.5570 0)
    (8.5575 0)
    (8.5580 0)
    (8.5585 0)
    (8.5590 0)
    (8.5595 0)
    (8.5600 0)
    (8.5605 0)
    (8.5610 0)
    (8.5615 0)
    (8.5620 0)
    (8.5625 0)
    (8.5630 0)
    (8.5635 0)
    (8.5640 0)
    (8.5645 0)
    (8.5650 0)
    (8.5655 0)
    (8.5660 0)
    (8.5665 0)
    (8.5670 0)
    (8.5675 0)
    (8.5680 0)
    (8.5685 0)
    (8.5690 0)
    (8.5695 0)
    (8.5700 0)
    (8.5705 0)
    (8.5710 0)
    (8.5715 0)
    (8.5720 0)
    (8.5725 0)
    (8.5730 0)
    (8.5735 0)
    (8.5740 0)
    (8.5745 0)
    (8.5750 0)
    (8.5755 0)
    (8.5760 0)
    (8.5765 0)
    (8.5770 0)
    (8.5775 0)
    (8.5780 0)
    (8.5785 0)
    (8.5790 0)
    (8.5795 0)
    (8.5800 0)
    (8.5805 0)
    (8.5810 0)
    (8.5815 0)
    (8.5820 0)
    (8.5825 0)
    (8.5830 0)
    (8.5835 0)
    (8.5840 0)
    (8.5845 0)
    (8.5850 0)
    (8.5855 0)
    (8.5860 0)
    (8.5865 0)
    (8.5870 0)
    (8.5875 0)
    (8.5880 0)
    (8.5885 0)
    (8.5890 0)
    (8.5895 0)
    (8.5900 0)
    (8.5905 0)
    (8.5910 0)
    (8.5915 0)
    (8.5920 0)
    (8.5925 0)
    (8.5930 0)
    (8.5935 0)
    (8.5940 0)
    (8.5945 0)
    (8.5950 0)
    (8.5955 0)
    (8.5960 0)
    (8.5965 0)
    (8.5970 0)
    (8.5975 0)
    (8.5980 0)
    (8.5985 0)
    (8.5990 0)
    (8.5995 0)
    (8.6000 0)
    (8.6005 0)
    (8.6010 0)
    (8.6015 0)
    (8.6020 0)
    (8.6025 0)
    (8.6030 0)
    (8.6035 0)
    (8.6040 0)
    (8.6045 0)
    (8.6050 0)
    (8.6055 0)
    (8.6060 0)
    (8.6065 0)
    (8.6070 0)
    (8.6075 0)
    (8.6080 0)
    (8.6085 0)
    (8.6090 0)
    (8.6095 0)
    (8.6100 0)
    (8.6105 0)
    (8.6110 0)
    (8.6115 0)
    (8.6120 0)
    (8.6125 0)
    (8.6130 0)
    (8.6135 0)
    (8.6140 0)
    (8.6145 0)
    (8.6150 0)
    (8.6155 0)
    (8.6160 0)
    (8.6165 0)
    (8.6170 0)
    (8.6175 0)
    (8.6180 0)
    (8.6185 0)
    (8.6190 0)
    (8.6195 0)
    (8.6200 0)
    (8.6205 0)
    (8.6210 0)
    (8.6215 0)
    (8.6220 0)
    (8.6225 0)
    (8.6230 0)
    (8.6235 0)
    (8.6240 0)
    (8.6245 0)
    (8.6250 0)
    (8.6255 0)
    (8.6260 0)
    (8.6265 0)
    (8.6270 0)
    (8.6275 0)
    (8.6280 0)
    (8.6285 0)
    (8.6290 0)
    (8.6295 0)
    (8.6300 0)
    (8.6305 0)
    (8.6310 0)
    (8.6315 0)
    (8.6320 0)
    (8.6325 0)
    (8.6330 0)
    (8.6335 0)
    (8.6340 0)
    (8.6345 0)
    (8.6350 0)
    (8.6355 0)
    (8.6360 0)
    (8.6365 0)
    (8.6370 0)
    (8.6375 0)
    (8.6380 0)
    (8.6385 0)
    (8.6390 0)
    (8.6395 0)
    (8.6400 0)
    (8.6405 0)
    (8.6410 0)
    (8.6415 0)
    (8.6420 0)
    (8.6425 0)
    (8.6430 0)
    (8.6435 0)
    (8.6440 0)
    (8.6445 0)
    (8.6450 0)
    (8.6455 0)
    (8.6460 0)
    (8.6465 0)
    (8.6470 0)
    (8.6475 6.94203e-08)
    (8.6480 0)
    (8.6485 -1.86011e-08)
    (8.6490 0)
    (8.6495 4.98415e-09)
    (8.6500 0)
    (8.6505 -1.3355e-09)
    (8.6510 0)
    (8.6515 3.57846e-10)
    (8.6520 0)
    (8.6525 -9.58846e-11)
    (8.6530 0)
    (8.6535 2.56922e-11)
    (8.6540 0)
    (8.6545 -6.88421e-12)
    (8.6550 0)
    (8.6555 1.84462e-12)
    (8.6560 0)
    (8.6565 -4.94264e-13)
    (8.6570 0)
    (8.6575 1.32438e-13)
    (8.6580 0)
    (8.6585 -3.54888e-14)
    (8.6590 0)
    (8.6595 9.51701e-15)
    (8.6600 0)
    (8.6605 -2.57923e-15)
    (8.6610 0)
    (8.6615 7.99911e-16)
    (8.6620 0)
    (8.6625 -6.20416e-16)
    (8.6630 0)
    (8.6635 1.68175e-15)
    (8.6640 0)
    (8.6645 -6.10659e-15)
    (8.6650 0)
    (8.6655 2.27446e-14)
    (8.6660 0)
    (8.6665 -8.48719e-14)
    (8.6670 0)
    (8.6675 3.16743e-13)
    (8.6680 0)
    (8.6685 -1.1821e-12)
    (8.6690 0)
    (8.6695 4.41166e-12)
    (8.6700 0)
    (8.6705 -1.64645e-11)
    (8.6710 0)
    (8.6715 6.14464e-11)
    (8.6720 0)
    (8.6725 -2.29321e-10)
    (8.6730 0)
    (8.6735 8.55838e-10)
    (8.6740 0)
    (8.6745 -3.19403e-09)
    (8.6750 0)
    (8.6755 9.25276e-10)
    (8.6760 -8.79601e-08)
    (8.6765 -3.39046e-07)
    (8.6770 -6.85229e-07)
    (8.6775 -1.04593e-06)
    (8.6780 -1.4262e-06)
    (8.6785 -1.84674e-06)
    (8.6790 -2.30532e-06)
    (8.6795 -2.7955e-06)
    (8.6800 -3.31701e-06)
    (8.6805 -3.87069e-06)
    (8.6810 -4.45571e-06)
    (8.6815 -5.07096e-06)
    (8.6820 -5.71586e-06)
    (8.6825 -6.38978e-06)
    (8.6830 -7.09127e-06)
    (8.6835 -7.81863e-06)
    (8.6840 -8.56995e-06)
    (8.6845 -9.34328e-06)
    (8.6850 -1.01367e-05)
    (8.6855 -1.09484e-05)
    (8.6860 -1.17764e-05)
    (8.6865 -1.26188e-05)
    (8.6870 -1.34737e-05)
    (8.6875 -1.43392e-05)
    (8.6880 -1.52135e-05)
    (8.6885 -1.60945e-05)
    (8.6890 -1.69805e-05)
    (8.6895 -1.78695e-05)
    (8.6900 -1.87596e-05)
    (8.6905 -1.96488e-05)
    (8.6910 -2.05355e-05)
    (8.6915 -2.14188e-05)
    (8.6920 -2.2301e-05)
    (8.6925 -2.31855e-05)
    (8.6930 -2.40753e-05)
    (8.6935 -2.49735e-05)
    (8.6940 -2.5883e-05)
    (8.6945 -2.68071e-05)
    (8.6950 -2.77489e-05)
    (8.6955 -2.87113e-05)
    (8.6960 -2.96974e-05)
    (8.6965 -3.07104e-05)
    (8.6970 -3.17534e-05)
    (8.6975 -3.28293e-05)
    (8.6980 -3.39413e-05)
    (8.6985 -3.50925e-05)
    (8.6990 -3.6286e-05)
    (8.6995 -3.75249e-05)
    (8.7000 -3.8812e-05)
    (8.7005 -4.01506e-05)
    (8.7010 -4.15441e-05)
    (8.7015 -4.29956e-05)
    (8.7020 -4.45055e-05)
    (8.7025 -4.60729e-05)
    (8.7030 -4.76943e-05)
    (8.7035 -4.93659e-05)
    (8.7040 -5.10841e-05)
    (8.7045 -5.28457e-05)
    (8.7050 -5.46473e-05)
    (8.7055 -5.64855e-05)
    (8.7060 -5.83567e-05)
    (8.7065 -6.02576e-05)
    (8.7070 -6.21848e-05)
    (8.7075 -6.41349e-05)
    (8.7080 -6.61042e-05)
    (8.7085 -6.80893e-05)
    (8.7090 -7.00876e-05)
    (8.7095 -7.20974e-05)
    (8.7100 -7.41191e-05)
    (8.7105 -7.61539e-05)
    (8.7110 -7.82024e-05)
    (8.7115 -8.02653e-05)
    (8.7120 -8.23433e-05)
    (8.7125 -8.44371e-05)
    (8.7130 -8.65475e-05)
    (8.7135 -8.86751e-05)
    (8.7140 -9.08207e-05)
    (8.7145 -9.29849e-05)
    (8.7150 -9.51686e-05)
    (8.7155 -9.73725e-05)
    (8.7160 -9.95962e-05)
    (8.7165 -0.00010184)
    (8.7170 -0.000104102)
    (8.7175 -0.000106383)
    (8.7180 -0.000108681)
    (8.7185 -0.000110997)
    (8.7190 -0.000113329)
    (8.7195 -0.000115678)
    (8.7200 -0.000118041)
    (8.7205 -0.00012042)
    (8.7210 -0.000122813)
    (8.7215 -0.00012522)
    (8.7220 -0.00012764)
    (8.7225 -0.00013007)
    (8.7230 -0.000132507)
    (8.7235 -0.000134947)
    (8.7240 -0.000137386)
    (8.7245 -0.00013982)
    (8.7250 -0.000142244)
    (8.7255 -0.000144655)
    (8.7260 -0.00014705)
    (8.7265 -0.000149423)
    (8.7270 -0.000151771)
    (8.7275 -0.000154088)
    (8.7280 -0.000156379)
    (8.7285 -0.000158653)
    (8.7290 -0.000160928)
    (8.7295 -0.000163221)
    (8.7300 -0.000165552)
    (8.7305 -0.000167937)
    (8.7310 -0.000170393)
    (8.7315 -0.000172938)
    (8.7320 -0.000175592)
    (8.7325 -0.000178374)
    (8.7330 -0.000181285)
    (8.7335 -0.000184316)
    (8.7340 -0.000187435)
    (8.7345 -0.000190606)
    (8.7350 -0.000193797)
    (8.7355 -0.000196975)
    (8.7360 -0.000200109)
    (8.7365 -0.000203164)
    (8.7370 -0.000206111)
    (8.7375 -0.000208929)
    (8.7380 -0.000211633)
    (8.7385 -0.000214247)
    (8.7390 -0.000216793)
    (8.7395 -0.000219291)
    (8.7400 -0.000221765)
    (8.7405 -0.000224235)
    (8.7410 -0.000226724)
    (8.7415 -0.000229255)
    (8.7420 -0.000231847)
    (8.7425 -0.000234518)
    (8.7430 -0.000237259)
    (8.7435 -0.000240055)
    (8.7440 -0.000242894)
    (8.7445 -0.00024576)
    (8.7450 -0.00024864)
    (8.7455 -0.00025152)
    (8.7460 -0.000254386)
    (8.7465 -0.000257224)
    (8.7470 -0.000260019)
    (8.7475 -0.000262762)
    (8.7480 -0.000265465)
    (8.7485 -0.000268146)
    (8.7490 -0.000270826)
    (8.7495 -0.000273525)
    (8.7500 -0.00027626)
    (8.7505 -0.000279054)
    (8.7510 -0.000281923)
    (8.7515 -0.000284887)
    (8.7520 -0.000287969)
    (8.7525 -0.000291184)
    (8.7530 -0.000294517)
    (8.7535 -0.000297948)
    (8.7540 -0.000301453)
    (8.7545 -0.000305006)
    (8.7550 -0.000308582)
    (8.7555 -0.000312158)
    (8.7560 -0.000315708)
    (8.7565 -0.00031921)
    (8.7570 -0.000322637)
    (8.7575 -0.000325966)
    (8.7580 -0.000329194)
    (8.7585 -0.000332325)
    (8.7590 -0.000335366)
    (8.7595 -0.000338327)
    (8.7600 -0.000341213)
    (8.7605 -0.000344031)
    (8.7610 -0.000346791)
    (8.7615 -0.000349499)
    (8.7620 -0.000352158)
    (8.7625 -0.00035477)
    (8.7630 -0.00035733)
    (8.7635 -0.000359835)
    (8.7640 -0.000362281)
    (8.7645 -0.000364664)
    (8.7650 -0.00036698)
    (8.7655 -0.000369226)
    (8.7660 -0.000371398)
    (8.7665 -0.000373493)
    (8.7670 -0.000375506)
    (8.7675 -0.000377434)
    (8.7680 -0.000379273)
    (8.7685 -0.00038102)
    (8.7690 -0.000382683)
    (8.7695 -0.000384269)
    (8.7700 -0.000385786)
    (8.7705 -0.000387243)
    (8.7710 -0.000388648)
    (8.7715 -0.00039001)
    (8.7720 -0.000391337)
    (8.7725 -0.000392637)
    (8.7730 -0.000393919)
    (8.7735 -0.000395191)
    (8.7740 -0.000396461)
    (8.7745 -0.000397738)
    (8.7750 -0.00039903)
    (8.7755 -0.000400347)
    (8.7760 -0.000401688)
    (8.7765 -0.000403052)
    (8.7770 -0.000404434)
    (8.7775 -0.000405831)
    (8.7780 -0.000407237)
    (8.7785 -0.00040865)
    (8.7790 -0.000410065)
    (8.7795 -0.000411478)
    (8.7800 -0.000412885)
    (8.7805 -0.000414282)
    (8.7810 -0.000415665)
    (8.7815 -0.00041703)
    (8.7820 -0.000418373)
    (8.7825 -0.000419689)
    (8.7830 -0.000420977)
    (8.7835 -0.000422235)
    (8.7840 -0.000423464)
    (8.7845 -0.000424667)
    (8.7850 -0.000425843)
    (8.7855 -0.000426993)
    (8.7860 -0.000428119)
    (8.7865 -0.000429221)
    (8.7870 -0.0004303)
    (8.7875 -0.000431357)
    (8.7880 -0.000432394)
    (8.7885 -0.00043341)
    (8.7890 -0.000434408)
    (8.7895 -0.000435387)
    (8.7900 -0.00043635)
    (8.7905 -0.000437295)
    (8.7910 -0.000438226)
    (8.7915 -0.000439142)
    (8.7920 -0.000440041)
    (8.7925 -0.000440921)
    (8.7930 -0.000441777)
    (8.7935 -0.000442607)
    (8.7940 -0.000443406)
    (8.7945 -0.000444172)
    (8.7950 -0.0004449)
    (8.7955 -0.000445588)
    (8.7960 -0.000446231)
    (8.7965 -0.000446828)
    (8.7970 -0.000447376)
    (8.7975 -0.000447877)
    (8.7980 -0.000448331)
    (8.7985 -0.000448741)
    (8.7990 -0.000449107)
    (8.7995 -0.00044943)
    (8.8000 -0.000449712)
    (8.8005 -0.000449954)
    (8.8010 -0.000450156)
    (8.8015 -0.000450321)
    (8.8020 -0.000450448)
    (8.8025 -0.00045054)
    (8.8030 -0.000450597)
    (8.8035 -0.000450621)
    (8.8040 -0.000450613)
    (8.8045 -0.000450574)
    (8.8050 -0.000450505)
    (8.8055 -0.000450407)
    (8.8060 -0.000450281)
    (8.8065 -0.000450129)
    (8.8070 -0.000449952)
    (8.8075 -0.000449751)
    (8.8080 -0.000449526)
    (8.8085 -0.00044928)
    (8.8090 -0.000449013)
    (8.8095 -0.000448727)
    (8.8100 -0.000448422)
    (8.8105 -0.0004481)
    (8.8110 -0.00044776)
    (8.8115 -0.000447399)
    (8.8120 -0.000447012)
    (8.8125 -0.000446596)
    (8.8130 -0.000446147)
    (8.8135 -0.000445661)
    (8.8140 -0.000445133)
    (8.8145 -0.00044456)
    (8.8150 -0.000443938)
    (8.8155 -0.000443263)
    (8.8160 -0.000442531)
    (8.8165 -0.000441738)
    (8.8170 -0.00044088)
    (8.8175 -0.000439954)
    (8.8180 -0.000438954)
    (8.8185 -0.000437877)
    (8.8190 -0.000436722)
    (8.8195 -0.00043549)
    (8.8200 -0.000434188)
    (8.8205 -0.000432822)
    (8.8210 -0.000431399)
    (8.8215 -0.000429924)
    (8.8220 -0.000428404)
    (8.8225 -0.000426845)
    (8.8230 -0.000425254)
    (8.8235 -0.000423635)
    (8.8240 -0.000421996)
    (8.8245 -0.000420342)
    (8.8250 -0.00041868)
    (8.8255 -0.000417016)
    (8.8260 -0.000415356)
    (8.8265 -0.000413707)
    (8.8270 -0.000412072)
    (8.8275 -0.000410454)
    (8.8280 -0.000408852)
    (8.8285 -0.000407266)
    (8.8290 -0.000405697)
    (8.8295 -0.000404144)
    (8.8300 -0.000402607)
    (8.8305 -0.000401086)
    (8.8310 -0.000399582)
    (8.8315 -0.000398093)
    (8.8320 -0.000396621)
    (8.8325 -0.000395165)
    (8.8330 -0.000393725)
    (8.8335 -0.000392301)
    (8.8340 -0.000390893)
    (8.8345 -0.000389501)
    (8.8350 -0.000388125)
    (8.8355 -0.000386765)
    (8.8360 -0.000385418)
    (8.8365 -0.000384086)
    (8.8370 -0.000382767)
    (8.8375 -0.00038146)
    (8.8380 -0.000380165)
    (8.8385 -0.00037888)
    (8.8390 -0.000377607)
    (8.8395 -0.000376342)
    (8.8400 -0.000375087)
    (8.8405 -0.00037384)
    (8.8410 -0.0003726)
    (8.8415 -0.000371368)
    (8.8420 -0.000370141)
    (8.8425 -0.00036892)
    (8.8430 -0.000367703)
    (8.8435 -0.000366491)
    (8.8440 -0.000365285)
    (8.8445 -0.000364086)
    (8.8450 -0.000362898)
    (8.8455 -0.000361721)
    (8.8460 -0.000360559)
    (8.8465 -0.000359413)
    (8.8470 -0.000358285)
    (8.8475 -0.000357178)
    (8.8480 -0.000356094)
    (8.8485 -0.000355034)
    (8.8490 -0.000354)
    (8.8495 -0.000352996)
    (8.8500 -0.000352023)
    (8.8505 -0.000351082)
    (8.8510 -0.000350177)
    (8.8515 -0.000349309)
    (8.8520 -0.00034848)
    (8.8525 -0.00034769)
    (8.8530 -0.000346935)
    (8.8535 -0.000346211)
    (8.8540 -0.000345512)
    (8.8545 -0.000344836)
    (8.8550 -0.000344176)
    (8.8555 -0.000343529)
    (8.8560 -0.00034289)
    (8.8565 -0.000342255)
    (8.8570 -0.00034162)
    (8.8575 -0.000340979)
    (8.8580 -0.000340329)
    (8.8585 -0.000339665)
    (8.8590 -0.000338983)
    (8.8595 -0.000338278)
    (8.8600 -0.000337545)
    (8.8605 -0.00033678)
    (8.8610 -0.000335984)
    (8.8615 -0.000335159)
    (8.8620 -0.00033431)
    (8.8625 -0.000333444)
    (8.8630 -0.000332565)
    (8.8635 -0.000331678)
    (8.8640 -0.000330788)
    (8.8645 -0.000329901)
    (8.8650 -0.000329021)
    (8.8655 -0.000328153)
    (8.8660 -0.000327303)
    (8.8665 -0.000326476)
    (8.8670 -0.000325676)
    (8.8675 -0.000324909)
    (8.8680 -0.00032418)
    (8.8685 -0.000323495)
    (8.8690 -0.000322855)
    (8.8695 -0.000322259)
    (8.8700 -0.0003217)
    (8.8705 -0.000321171)
    (8.8710 -0.000320665)
    (8.8715 -0.000320177)
    (8.8720 -0.0003197)
    (8.8725 -0.000319227)
    (8.8730 -0.000318753)
    (8.8735 -0.00031827)
    (8.8740 -0.000317772)
    (8.8745 -0.000317254)
    (8.8750 -0.000316714)
    (8.8755 -0.000316153)
    (8.8760 -0.00031557)
    (8.8765 -0.000314967)
    (8.8770 -0.000314343)
    (8.8775 -0.000313698)
    (8.8780 -0.000313032)
    (8.8785 -0.000312346)
    (8.8790 -0.000311641)
    (8.8795 -0.000310915)
    (8.8800 -0.000310169)
    (8.8805 -0.000309404)
    (8.8810 -0.00030862)
    (8.8815 -0.000307816)
    (8.8820 -0.000306993)
    (8.8825 -0.000306151)
    (8.8830 -0.000305291)
    (8.8835 -0.000304412)
    (8.8840 -0.000303515)
    (8.8845 -0.0003026)
    (8.8850 -0.000301667)
    (8.8855 -0.000300716)
    (8.8860 -0.000299748)
    (8.8865 -0.000298762)
    (8.8870 -0.000297759)
    (8.8875 -0.000296739)
    (8.8880 -0.000295702)
    (8.8885 -0.000294649)
    (8.8890 -0.000293579)
    (8.8895 -0.000292493)
    (8.8900 -0.000291391)
    (8.8905 -0.000290273)
    (8.8910 -0.000289139)
    (8.8915 -0.000287989)
    (8.8920 -0.000286825)
    (8.8925 -0.000285645)
    (8.8930 -0.00028445)
    (8.8935 -0.000283241)
    (8.8940 -0.000282016)
    (8.8945 -0.000280778)
    (8.8950 -0.000279525)
    (8.8955 -0.000278258)
    (8.8960 -0.000276981)
    (8.8965 -0.000275695)
    (8.8970 -0.000274404)
    (8.8975 -0.000273111)
    (8.8980 -0.00027182)
    (8.8985 -0.000270533)
    (8.8990 -0.000269254)
    (8.8995 -0.000267986)
    (8.9000 -0.000266733)
    (8.9005 -0.000265496)
    (8.9010 -0.000264281)
    (8.9015 -0.000263089)
    (8.9020 -0.000261924)
    (8.9025 -0.000260789)
    (8.9030 -0.000259687)
    (8.9035 -0.000258623)
    (8.9040 -0.000257596)
    (8.9045 -0.000256606)
    (8.9050 -0.000255649)
    (8.9055 -0.00025472)
    (8.9060 -0.000253815)
    (8.9065 -0.000252929)
    (8.9070 -0.000252059)
    (8.9075 -0.000251199)
    (8.9080 -0.000250346)
    (8.9085 -0.000249496)
    (8.9090 -0.000248644)
    (8.9095 -0.000247786)
    (8.9100 -0.000246918)
    (8.9105 -0.000246035)
    (8.9110 -0.000245134)
    (8.9115 -0.000244209)
    (8.9120 -0.000243257)
    (8.9125 -0.000242273)
    (8.9130 -0.000241258)
    (8.9135 -0.000240213)
    (8.9140 -0.00023914)
    (8.9145 -0.000238041)
    (8.9150 -0.00023692)
    (8.9155 -0.000235778)
    (8.9160 -0.000234617)
    (8.9165 -0.000233441)
    (8.9170 -0.00023225)
    (8.9175 -0.000231048)
    (8.9180 -0.000229837)
    (8.9185 -0.000228618)
    (8.9190 -0.000227395)
    (8.9195 -0.00022617)
    (8.9200 -0.000224945)
    (8.9205 -0.000223722)
    (8.9210 -0.000222503)
    (8.9215 -0.000221291)
    (8.9220 -0.000220084)
    (8.9225 -0.000218883)
    (8.9230 -0.000217687)
    (8.9235 -0.000216496)
    (8.9240 -0.00021531)
    (8.9245 -0.000214129)
    (8.9250 -0.000212951)
    (8.9255 -0.000211777)
    (8.9260 -0.000210607)
    (8.9265 -0.000209441)
    (8.9270 -0.000208277)
    (8.9275 -0.000207116)
    (8.9280 -0.000205957)
    (8.9285 -0.0002048)
    (8.9290 -0.000203646)
    (8.9295 -0.000202492)
    (8.9300 -0.00020134)
    (8.9305 -0.000200188)
    (8.9310 -0.000199035)
    (8.9315 -0.00019788)
    (8.9320 -0.000196722)
    (8.9325 -0.000195559)
    (8.9330 -0.00019439)
    (8.9335 -0.000193215)
    (8.9340 -0.000192032)
    (8.9345 -0.00019084)
    (8.9350 -0.000189638)
    (8.9355 -0.000188424)
    (8.9360 -0.000187198)
    (8.9365 -0.000185958)
    (8.9370 -0.000184704)
    (8.9375 -0.000183433)
    (8.9380 -0.000182146)
    (8.9385 -0.00018084)
    (8.9390 -0.000179518)
    (8.9395 -0.000178182)
    (8.9400 -0.000176834)
    (8.9405 -0.000175477)
    (8.9410 -0.000174114)
    (8.9415 -0.000172748)
    (8.9420 -0.00017138)
    (8.9425 -0.000170014)
    (8.9430 -0.000168651)
    (8.9435 -0.000167296)
    (8.9440 -0.00016595)
    (8.9445 -0.000164616)
    (8.9450 -0.000163296)
    (8.9455 -0.000161993)
    (8.9460 -0.000160711)
    (8.9465 -0.000159451)
    (8.9470 -0.000158213)
    (8.9475 -0.000156998)
    (8.9480 -0.000155801)
    (8.9485 -0.000154621)
    (8.9490 -0.000153456)
    (8.9495 -0.000152303)
    (8.9500 -0.00015116)
    (8.9505 -0.000150024)
    (8.9510 -0.000148894)
    (8.9515 -0.000147767)
    (8.9520 -0.00014664)
    (8.9525 -0.000145512)
    (8.9530 -0.00014438)
    (8.9535 -0.000143243)
    (8.9540 -0.000142096)
    (8.9545 -0.000140939)
    (8.9550 -0.00013977)
    (8.9555 -0.000138585)
    (8.9560 -0.000137382)
    (8.9565 -0.000136159)
    (8.9570 -0.000134915)
    (8.9575 -0.000133647)
    (8.9580 -0.000132358)
    (8.9585 -0.000131049)
    (8.9590 -0.000129722)
    (8.9595 -0.000128379)
    (8.9600 -0.000127021)
    (8.9605 -0.000125651)
    (8.9610 -0.00012427)
    (8.9615 -0.00012288)
    (8.9620 -0.000121483)
    (8.9625 -0.00012008)
    (8.9630 -0.000118674)
    (8.9635 -0.000117265)
    (8.9640 -0.000115857)
    (8.9645 -0.00011445)
    (8.9650 -0.000113047)
    (8.9655 -0.00011165)
    (8.9660 -0.000110258)
    (8.9665 -0.000108872)
    (8.9670 -0.00010749)
    (8.9675 -0.000106109)
    (8.9680 -0.000104728)
    (8.9685 -0.000103344)
    (8.9690 -0.000101956)
    (8.9695 -0.000100562)
    (8.9700 -9.91593e-05)
    (8.9705 -9.77467e-05)
    (8.9710 -9.63222e-05)
    (8.9715 -9.48837e-05)
    (8.9720 -9.34293e-05)
    (8.9725 -9.19573e-05)
    (8.9730 -9.04653e-05)
    (8.9735 -8.89516e-05)
    (8.9740 -8.74153e-05)
    (8.9745 -8.58563e-05)
    (8.9750 -8.42754e-05)
    (8.9755 -8.26733e-05)
    (8.9760 -8.10509e-05)
    (8.9765 -7.94087e-05)
    (8.9770 -7.77474e-05)
    (8.9775 -7.60679e-05)
    (8.9780 -7.43707e-05)
    (8.9785 -7.26565e-05)
    (8.9790 -7.09262e-05)
    (8.9795 -6.91805e-05)
    (8.9800 -6.74198e-05)
    (8.9805 -6.56448e-05)
    (8.9810 -6.38573e-05)
    (8.9815 -6.206e-05)
    (8.9820 -6.0258e-05)
    (8.9825 -5.84566e-05)
    (8.9830 -5.66607e-05)
    (8.9835 -5.48754e-05)
    (8.9840 -5.31056e-05)
    (8.9845 -5.13564e-05)
    (8.9850 -4.96329e-05)
    (8.9855 -4.79399e-05)
    (8.9860 -4.62827e-05)
    (8.9865 -4.46663e-05)
    (8.9870 -4.30954e-05)
    (8.9875 -4.15749e-05)
    (8.9880 -4.0111e-05)
    (8.9885 -3.87087e-05)
    (8.9890 -3.73682e-05)
    (8.9895 -3.60867e-05)
    (8.9900 -3.48555e-05)
    (8.9905 -3.36642e-05)
    (8.9910 -3.25039e-05)
    (8.9915 -3.13658e-05)
    (8.9920 -3.02409e-05)
    (8.9925 -2.91202e-05)
    (8.9930 -2.79943e-05)
    (8.9935 -2.68541e-05)
    (8.9940 -2.56917e-05)
    (8.9945 -2.44984e-05)
    (8.9950 -2.32607e-05)
    (8.9955 -2.19686e-05)
    (8.9960 -2.0629e-05)
    (8.9965 -1.92371e-05)
    (8.9970 -1.77242e-05)
    (8.9975 -1.60653e-05)
    (8.9980 -1.44739e-05)
    (8.9985 -1.30008e-05)
    (8.9990 -1.08059e-05)
    (8.9995 -6.82651e-06)
    (9.0000 0)
    (9.0005 0)
    (9.0010 0)
    (9.0015 0)
    (9.0020 0)
    (9.0025 0)
    (9.0030 0)
    (9.0035 0)
    (9.0040 0)
    (9.0045 0)
    (9.0050 0)
    (9.0055 0)
    (9.0060 0)
    (9.0065 0)
    (9.0070 0)
    (9.0075 0)
    (9.0080 0)
    (9.0085 0)
    (9.0090 0)
    (9.0095 0)
    (9.0100 0)
    (9.0105 0)
    (9.0110 0)
    (9.0115 0)
    (9.0120 0)
    (9.0125 0)
    (9.0130 0)
    (9.0135 0)
    (9.0140 0)
    (9.0145 0)
    (9.0150 0)
    (9.0155 0)
    (9.0160 0)
    (9.0165 0)
    (9.0170 0)
    (9.0175 0)
    (9.0180 0)
    (9.0185 0)
    (9.0190 0)
    (9.0195 0)
    (9.0200 0)
    (9.0205 0)
    (9.0210 0)
    (9.0215 0)
    (9.0220 0)
    (9.0225 0)
    (9.0230 0)
    (9.0235 0)
    (9.0240 0)
    (9.0245 0)
    (9.0250 0)
    (9.0255 0)
    (9.0260 0)
    (9.0265 0)
    (9.0270 0)
    (9.0275 0)
    (9.0280 0)
    (9.0285 0)
    (9.0290 0)
    (9.0295 0)
    (9.0300 0)
    (9.0305 0)
    (9.0310 0)
    (9.0315 0)
    (9.0320 0)
    (9.0325 0)
    (9.0330 0)
    (9.0335 0)
    (9.0340 0)
    (9.0345 0)
    (9.0350 0)
    (9.0355 0)
    (9.0360 0)
    (9.0365 0)
    (9.0370 0)
    (9.0375 0)
    (9.0380 0)
    (9.0385 0)
    (9.0390 0)
    (9.0395 0)
    (9.0400 0)
    (9.0405 0)
    (9.0410 0)
    (9.0415 0)
    (9.0420 0)
    (9.0425 0)
    (9.0430 0)
    (9.0435 0)
    (9.0440 0)
    (9.0445 0)
    (9.0450 0)
    (9.0455 0)
    (9.0460 0)
    (9.0465 0)
    (9.0470 0)
    (9.0475 0)
    (9.0480 0)
    (9.0485 0)
    (9.0490 0)
    (9.0495 0)
    (9.0500 0)
    (9.0505 0)
    (9.0510 0)
    (9.0515 0)
    (9.0520 0)
    (9.0525 0)
    (9.0530 0)
    (9.0535 0)
    (9.0540 0)
    (9.0545 0)
    (9.0550 0)
    (9.0555 0)
    (9.0560 0)
    (9.0565 0)
    (9.0570 0)
    (9.0575 0)
    (9.0580 0)
    (9.0585 0)
    (9.0590 0)
    (9.0595 0)
    (9.0600 0)
    (9.0605 0)
    (9.0610 0)
    (9.0615 0)
    (9.0620 0)
    (9.0625 0)
    (9.0630 0)
    (9.0635 0)
    (9.0640 0)
    (9.0645 0)
    (9.0650 0)
    (9.0655 0)
    (9.0660 0)
    (9.0665 0)
    (9.0670 0)
    (9.0675 0)
    (9.0680 0)
    (9.0685 0)
    (9.0690 0)
    (9.0695 0)
    (9.0700 0)
    (9.0705 0)
    (9.0710 0)
    (9.0715 0)
    (9.0720 0)
    (9.0725 0)
    (9.0730 0)
    (9.0735 0)
    (9.0740 0)
    (9.0745 0)
    (9.0750 0)
    (9.0755 0)
    (9.0760 0)
    (9.0765 0)
    (9.0770 0)
    (9.0775 0)
    (9.0780 0)
    (9.0785 0)
    (9.0790 0)
    (9.0795 0)
    (9.0800 0)
    (9.0805 0)
    (9.0810 0)
    (9.0815 0)
    (9.0820 0)
    (9.0825 0)
    (9.0830 0)
    (9.0835 0)
    (9.0840 0)
    (9.0845 0)
    (9.0850 0)
    (9.0855 0)
    (9.0860 0)
    (9.0865 0)
    (9.0870 0)
    (9.0875 0)
    (9.0880 0)
    (9.0885 0)
    (9.0890 0)
    (9.0895 0)
    (9.0900 0)
    (9.0905 0)
    (9.0910 0)
    (9.0915 0)
    (9.0920 0)
    (9.0925 0)
    (9.0930 0)
    (9.0935 0)
    (9.0940 0)
    (9.0945 0)
    (9.0950 0)
    (9.0955 0)
    (9.0960 0)
    (9.0965 0)
    (9.0970 0)
    (9.0975 0)
    (9.0980 0)
    (9.0985 0)
    (9.0990 0)
    (9.0995 0)
    (9.1000 0)
    (9.1005 0)
    (9.1010 0)
    (9.1015 0)
    (9.1020 0)
    (9.1025 0)
    (9.1030 0)
    (9.1035 0)
    (9.1040 0)
    (9.1045 0)
    (9.1050 0)
    (9.1055 0)
    (9.1060 0)
    (9.1065 0)
    (9.1070 0)
    (9.1075 0)
    (9.1080 0)
    (9.1085 0)
    (9.1090 0)
    (9.1095 0)
    (9.1100 0)
    (9.1105 0)
    (9.1110 0)
    (9.1115 0)
    (9.1120 0)
    (9.1125 0)
    (9.1130 0)
    (9.1135 0)
    (9.1140 0)
    (9.1145 0)
    (9.1150 0)
    (9.1155 0)
    (9.1160 0)
    (9.1165 0)
    (9.1170 0)
    (9.1175 0)
    (9.1180 0)
    (9.1185 0)
    (9.1190 0)
    (9.1195 0)
    (9.1200 0)
    (9.1205 0)
    (9.1210 0)
    (9.1215 0)
    (9.1220 0)
    (9.1225 0)
    (9.1230 0)
    (9.1235 0)
    (9.1240 0)
    (9.1245 0)
    (9.1250 0)
    (9.1255 0)
    (9.1260 0)
    (9.1265 0)
    (9.1270 0)
    (9.1275 0)
    (9.1280 0)
    (9.1285 0)
    (9.1290 0)
    (9.1295 0)
    (9.1300 0)
    (9.1305 0)
    (9.1310 0)
    (9.1315 0)
    (9.1320 0)
    (9.1325 0)
    (9.1330 0)
    (9.1335 0)
    (9.1340 0)
    (9.1345 0)
    (9.1350 0)
    (9.1355 0)
    (9.1360 0)
    (9.1365 0)
    (9.1370 0)
    (9.1375 0)
    (9.1380 0)
    (9.1385 0)
    (9.1390 0)
    (9.1395 0)
    (9.1400 0)
    (9.1405 0)
    (9.1410 0)
    (9.1415 0)
    (9.1420 0)
    (9.1425 0)
    (9.1430 0)
    (9.1435 0)
    (9.1440 0)
    (9.1445 0)
    (9.1450 0)
    (9.1455 0)
    (9.1460 0)
    (9.1465 0)
    (9.1470 0)
    (9.1475 0)
    (9.1480 0)
    (9.1485 0)
    (9.1490 0)
    (9.1495 0)
    (9.1500 0)
    (9.1505 0)
    (9.1510 0)
    (9.1515 0)
    (9.1520 0)
    (9.1525 0)
    (9.1530 0)
    (9.1535 0)
    (9.1540 0)
    (9.1545 0)
    (9.1550 0)
    (9.1555 0)
    (9.1560 0)
    (9.1565 0)
    (9.1570 0)
    (9.1575 0)
    (9.1580 0)
    (9.1585 0)
    (9.1590 0)
    (9.1595 0)
    (9.1600 0)
    (9.1605 0)
    (9.1610 0)
    (9.1615 0)
    (9.1620 0)
    (9.1625 0)
    (9.1630 0)
    (9.1635 0)
    (9.1640 0)
    (9.1645 0)
    (9.1650 0)
    (9.1655 0)
    (9.1660 0)
    (9.1665 0)
    (9.1670 0)
    (9.1675 0)
    (9.1680 0)
    (9.1685 0)
    (9.1690 0)
    (9.1695 0)
    (9.1700 0)
    (9.1705 0)
    (9.1710 0)
    (9.1715 0)
    (9.1720 0)
    (9.1725 0)
    (9.1730 0)
    (9.1735 0)
    (9.1740 0)
    (9.1745 0)
    (9.1750 0)
    (9.1755 0)
    (9.1760 0)
    (9.1765 0)
    (9.1770 0)
    (9.1775 0)
    (9.1780 0)
    (9.1785 0)
    (9.1790 0)
    (9.1795 0)
    (9.1800 0)
    (9.1805 0)
    (9.1810 0)
    (9.1815 0)
    (9.1820 0)
    (9.1825 0)
    (9.1830 0)
    (9.1835 0)
    (9.1840 0)
    (9.1845 0)
    (9.1850 0)
    (9.1855 0)
    (9.1860 0)
    (9.1865 0)
    (9.1870 0)
    (9.1875 0)
    (9.1880 0)
    (9.1885 0)
    (9.1890 0)
    (9.1895 0)
    (9.1900 0)
    (9.1905 0)
    (9.1910 0)
    (9.1915 0)
    (9.1920 0)
    (9.1925 0)
    (9.1930 0)
    (9.1935 0)
    (9.1940 0)
    (9.1945 0)
    (9.1950 0)
    (9.1955 0)
    (9.1960 0)
    (9.1965 0)
    (9.1970 0)
    (9.1975 0)
    (9.1980 0)
    (9.1985 0)
    (9.1990 0)
    (9.1995 0)
    (9.2000 0)
    (9.2005 0)
    (9.2010 0)
    (9.2015 0)
    (9.2020 0)
    (9.2025 0)
    (9.2030 0)
    (9.2035 0)
    (9.2040 0)
    (9.2045 0)
    (9.2050 0)
    (9.2055 0)
    (9.2060 0)
    (9.2065 0)
    (9.2070 0)
    (9.2075 0)
    (9.2080 0)
    (9.2085 0)
    (9.2090 0)
    (9.2095 0)
    (9.2100 0)
    (9.2105 0)
    (9.2110 0)
    (9.2115 0)
    (9.2120 0)
    (9.2125 0)
    (9.2130 0)
    (9.2135 0)
    (9.2140 0)
    (9.2145 0)
    (9.2150 0)
    (9.2155 0)
    (9.2160 0)
    (9.2165 0)
    (9.2170 0)
    (9.2175 0)
    (9.2180 0)
    (9.2185 0)
    (9.2190 0)
    (9.2195 0)
    (9.2200 0)
    (9.2205 0)
    (9.2210 0)
    (9.2215 0)
    (9.2220 0)
    (9.2225 0)
    (9.2230 0)
    (9.2235 0)
    (9.2240 0)
    (9.2245 0)
    (9.2250 0)
    (9.2255 0)
    (9.2260 0)
    (9.2265 0)
    (9.2270 0)
    (9.2275 0)
    (9.2280 0)
    (9.2285 0)
    (9.2290 0)
    (9.2295 0)
    (9.2300 0)
    (9.2305 0)
    (9.2310 0)
    (9.2315 0)
    (9.2320 0)
    (9.2325 0)
    (9.2330 0)
    (9.2335 0)
    (9.2340 0)
    (9.2345 0)
    (9.2350 0)
    (9.2355 0)
    (9.2360 0)
    (9.2365 0)
    (9.2370 0)
    (9.2375 0)
    (9.2380 0)
    (9.2385 0)
    (9.2390 0)
    (9.2395 0)
    (9.2400 0)
    (9.2405 0)
    (9.2410 0)
    (9.2415 0)
    (9.2420 0)
    (9.2425 0)
    (9.2430 0)
    (9.2435 0)
    (9.2440 0)
    (9.2445 0)
    (9.2450 0)
    (9.2455 0)
    (9.2460 0)
    (9.2465 0)
    (9.2470 0)
    (9.2475 0)
    (9.2480 0)
    (9.2485 0)
    (9.2490 0)
    (9.2495 0)
    (9.2500 0)
    (9.2505 0)
    (9.2510 0)
    (9.2515 0)
    (9.2520 0)
    (9.2525 0)
    (9.2530 0)
    (9.2535 0)
    (9.2540 0)
    (9.2545 0)
    (9.2550 0)
    (9.2555 0)
    (9.2560 0)
    (9.2565 0)
    (9.2570 0)
    (9.2575 0)
    (9.2580 0)
    (9.2585 0)
    (9.2590 0)
    (9.2595 0)
    (9.2600 0)
    (9.2605 0)
    (9.2610 0)
    (9.2615 0)
    (9.2620 0)
    (9.2625 0)
    (9.2630 0)
    (9.2635 0)
    (9.2640 0)
    (9.2645 0)
    (9.2650 0)
    (9.2655 0)
    (9.2660 0)
    (9.2665 0)
    (9.2670 0)
    (9.2675 0)
    (9.2680 0)
    (9.2685 0)
    (9.2690 0)
    (9.2695 0)
    (9.2700 0)
    (9.2705 0)
    (9.2710 0)
    (9.2715 0)
    (9.2720 0)
    (9.2725 0)
    (9.2730 0)
    (9.2735 0)
    (9.2740 0)
    (9.2745 0)
    (9.2750 0)
    (9.2755 0)
    (9.2760 0)
    (9.2765 0)
    (9.2770 0)
    (9.2775 0)
    (9.2780 0)
    (9.2785 0)
    (9.2790 0)
    (9.2795 0)
    (9.2800 0)
    (9.2805 0)
    (9.2810 0)
    (9.2815 0)
    (9.2820 0)
    (9.2825 0)
    (9.2830 0)
    (9.2835 0)
    (9.2840 0)
    (9.2845 0)
    (9.2850 0)
    (9.2855 0)
    (9.2860 0)
    (9.2865 0)
    (9.2870 0)
    (9.2875 0)
    (9.2880 0)
    (9.2885 0)
    (9.2890 0)
    (9.2895 0)
    (9.2900 0)
    (9.2905 0)
    (9.2910 0)
    (9.2915 0)
    (9.2920 0)
    (9.2925 0)
    (9.2930 0)
    (9.2935 0)
    (9.2940 0)
    (9.2945 0)
    (9.2950 0)
    (9.2955 0)
    (9.2960 0)
    (9.2965 0)
    (9.2970 0)
    (9.2975 0)
    (9.2980 0)
    (9.2985 0)
    (9.2990 0)
    (9.2995 0)
    (9.3000 0)
    (9.3005 0)
    (9.3010 0)
    (9.3015 0)
    (9.3020 0)
    (9.3025 0)
    (9.3030 0)
    (9.3035 0)
    (9.3040 0)
    (9.3045 0)
    (9.3050 0)
    (9.3055 0)
    (9.3060 0)
    (9.3065 0)
    (9.3070 0)
    (9.3075 0)
    (9.3080 0)
    (9.3085 0)
    (9.3090 0)
    (9.3095 0)
    (9.3100 0)
    (9.3105 0)
    (9.3110 0)
    (9.3115 0)
    (9.3120 0)
    (9.3125 0)
    (9.3130 0)
    (9.3135 0)
    (9.3140 0)
    (9.3145 0)
    (9.3150 0)
    (9.3155 0)
    (9.3160 0)
    (9.3165 0)
    (9.3170 0)
    (9.3175 0)
    (9.3180 0)
    (9.3185 0)
    (9.3190 0)
    (9.3195 0)
    (9.3200 0)
    (9.3205 0)
    (9.3210 0)
    (9.3215 0)
    (9.3220 0)
    (9.3225 0)
    (9.3230 0)
    (9.3235 0)
    (9.3240 0)
    (9.3245 0)
    (9.3250 0)
    (9.3255 0)
    (9.3260 0)
    (9.3265 0)
    (9.3270 0)
    (9.3275 0)
    (9.3280 0)
    (9.3285 0)
    (9.3290 0)
    (9.3295 0)
    (9.3300 0)
    (9.3305 0)
    (9.3310 0)
    (9.3315 0)
    (9.3320 0)
    (9.3325 0)
    (9.3330 0)
    (9.3335 0)
    (9.3340 0)
    (9.3345 0)
    (9.3350 0)
    (9.3355 0)
    (9.3360 0)
    (9.3365 0)
    (9.3370 0)
    (9.3375 0)
    (9.3380 0)
    (9.3385 0)
    (9.3390 0)
    (9.3395 0)
    (9.3400 0)
    (9.3405 0)
    (9.3410 0)
    (9.3415 0)
    (9.3420 0)
    (9.3425 0)
    (9.3430 0)
    (9.3435 0)
    (9.3440 0)
    (9.3445 0)
    (9.3450 0)
    (9.3455 0)
    (9.3460 0)
    (9.3465 0)
    (9.3470 0)
    (9.3475 0)
    (9.3480 0)
    (9.3485 0)
    (9.3490 0)
    (9.3495 0)
    (9.3500 0)
    (9.3505 0)
    (9.3510 0)
    (9.3515 0)
    (9.3520 0)
    (9.3525 0)
    (9.3530 0)
    (9.3535 0)
    (9.3540 0)
    (9.3545 0)
    (9.3550 0)
    (9.3555 0)
    (9.3560 0)
    (9.3565 0)
    (9.3570 0)
    (9.3575 0)
    (9.3580 0)
    (9.3585 0)
    (9.3590 0)
    (9.3595 0)
    (9.3600 0)
    (9.3605 0)
    (9.3610 0)
    (9.3615 0)
    (9.3620 0)
    (9.3625 0)
    (9.3630 0)
    (9.3635 0)
    (9.3640 0)
    (9.3645 0)
    (9.3650 0)
    (9.3655 0)
    (9.3660 0)
    (9.3665 0)
    (9.3670 0)
    (9.3675 0)
    (9.3680 0)
    (9.3685 0)
    (9.3690 0)
    (9.3695 0)
    (9.3700 0)
    (9.3705 0)
    (9.3710 0)
    (9.3715 0)
    (9.3720 0)
    (9.3725 0)
    (9.3730 0)
    (9.3735 0)
    (9.3740 0)
    (9.3745 0)
    (9.3750 0)
    (9.3755 0)
    (9.3760 0)
    (9.3765 0)
    (9.3770 0)
    (9.3775 0)
    (9.3780 0)
    (9.3785 0)
    (9.3790 0)
    (9.3795 0)
    (9.3800 0)
    (9.3805 0)
    (9.3810 0)
    (9.3815 0)
    (9.3820 0)
    (9.3825 0)
    (9.3830 0)
    (9.3835 0)
    (9.3840 0)
    (9.3845 0)
    (9.3850 0)
    (9.3855 0)
    (9.3860 0)
    (9.3865 0)
    (9.3870 0)
    (9.3875 0)
    (9.3880 0)
    (9.3885 0)
    (9.3890 0)
    (9.3895 0)
    (9.3900 0)
    (9.3905 0)
    (9.3910 0)
    (9.3915 0)
    (9.3920 0)
    (9.3925 0)
    (9.3930 0)
    (9.3935 0)
    (9.3940 0)
    (9.3945 0)
    (9.3950 0)
    (9.3955 0)
    (9.3960 0)
    (9.3965 0)
    (9.3970 0)
    (9.3975 0)
    (9.3980 0)
    (9.3985 0)
    (9.3990 0)
    (9.3995 0)
    (9.4000 0)
    (9.4005 0)
    (9.4010 0)
    (9.4015 0)
    (9.4020 0)
    (9.4025 0)
    (9.4030 0)
    (9.4035 0)
    (9.4040 0)
    (9.4045 0)
    (9.4050 0)
    (9.4055 0)
    (9.4060 0)
    (9.4065 0)
    (9.4070 0)
    (9.4075 0)
    (9.4080 0)
    (9.4085 0)
    (9.4090 0)
    (9.4095 0)
    (9.4100 0)
    (9.4105 0)
    (9.4110 0)
    (9.4115 0)
    (9.4120 0)
    (9.4125 0)
    (9.4130 0)
    (9.4135 0)
    (9.4140 0)
    (9.4145 0)
    (9.4150 0)
    (9.4155 0)
    (9.4160 0)
    (9.4165 0)
    (9.4170 0)
    (9.4175 0)
    (9.4180 0)
    (9.4185 0)
    (9.4190 0)
    (9.4195 0)
    (9.4200 0)
    (9.4205 0)
    (9.4210 0)
    (9.4215 0)
    (9.4220 0)
    (9.4225 0)
    (9.4230 0)
    (9.4235 0)
    (9.4240 0)
    (9.4245 0)
    (9.4250 0)
    (9.4255 0)
    (9.4260 0)
    (9.4265 0)
    (9.4270 0)
    (9.4275 0)
    (9.4280 0)
    (9.4285 0)
    (9.4290 0)
    (9.4295 0)
    (9.4300 0)
    (9.4305 0)
    (9.4310 0)
    (9.4315 0)
    (9.4320 0)
    (9.4325 0)
    (9.4330 0)
    (9.4335 0)
    (9.4340 0)
    (9.4345 0)
    (9.4350 0)
    (9.4355 0)
    (9.4360 0)
    (9.4365 0)
    (9.4370 0)
    (9.4375 0)
    (9.4380 0)
    (9.4385 0)
    (9.4390 0)
    (9.4395 0)
    (9.4400 0)
    (9.4405 0)
    (9.4410 0)
    (9.4415 0)
    (9.4420 0)
    (9.4425 0)
    (9.4430 0)
    (9.4435 0)
    (9.4440 0)
    (9.4445 0)
    (9.4450 0)
    (9.4455 0)
    (9.4460 0)
    (9.4465 0)
    (9.4470 0)
    (9.4475 0)
    (9.4480 0)
    (9.4485 0)
    (9.4490 0)
    (9.4495 0)
    (9.4500 0)
    (9.4505 0)
    (9.4510 0)
    (9.4515 0)
    (9.4520 0)
    (9.4525 0)
    (9.4530 0)
    (9.4535 0)
    (9.4540 0)
    (9.4545 0)
    (9.4550 0)
    (9.4555 0)
    (9.4560 0)
    (9.4565 0)
    (9.4570 0)
    (9.4575 0)
    (9.4580 0)
    (9.4585 0)
    (9.4590 0)
    (9.4595 0)
    (9.4600 0)
    (9.4605 0)
    (9.4610 0)
    (9.4615 0)
    (9.4620 0)
    (9.4625 0)
    (9.4630 0)
    (9.4635 0)
    (9.4640 0)
    (9.4645 0)
    (9.4650 0)
    (9.4655 0)
    (9.4660 0)
    (9.4665 0)
    (9.4670 0)
    (9.4675 0)
    (9.4680 0)
    (9.4685 0)
    (9.4690 0)
    (9.4695 0)
    (9.4700 0)
    (9.4705 0)
    (9.4710 0)
    (9.4715 0)
    (9.4720 0)
    (9.4725 0)
    (9.4730 0)
    (9.4735 0)
    (9.4740 0)
    (9.4745 0)
    (9.4750 0)
    (9.4755 0)
    (9.4760 0)
    (9.4765 0)
    (9.4770 0)
    (9.4775 0)
    (9.4780 0)
    (9.4785 0)
    (9.4790 0)
    (9.4795 0)
    (9.4800 0)
    (9.4805 0)
    (9.4810 0)
    (9.4815 0)
    (9.4820 0)
    (9.4825 0)
    (9.4830 0)
    (9.4835 0)
    (9.4840 0)
    (9.4845 0)
    (9.4850 0)
    (9.4855 0)
    (9.4860 0)
    (9.4865 0)
    (9.4870 0)
    (9.4875 0)
    (9.4880 0)
    (9.4885 0)
    (9.4890 0)
    (9.4895 0)
    (9.4900 0)
    (9.4905 0)
    (9.4910 0)
    (9.4915 0)
    (9.4920 0)
    (9.4925 0)
    (9.4930 0)
    (9.4935 0)
    (9.4940 0)
    (9.4945 0)
    (9.4950 0)
    (9.4955 0)
    (9.4960 0)
    (9.4965 0)
    (9.4970 0)
    (9.4975 0)
    (9.4980 0)
    (9.4985 0)
    (9.4990 0)
    (9.4995 0)
    (9.5000 0)
    (9.5005 0)
    (9.5010 0)
    (9.5015 0)
    (9.5020 0)
    (9.5025 0)
    (9.5030 0)
    (9.5035 0)
    (9.5040 0)
    (9.5045 0)
    (9.5050 0)
    (9.5055 0)
    (9.5060 0)
    (9.5065 0)
    (9.5070 0)
    (9.5075 0)
    (9.5080 0)
    (9.5085 0)
    (9.5090 0)
    (9.5095 0)
    (9.5100 0)
    (9.5105 0)
    (9.5110 0)
    (9.5115 0)
    (9.5120 0)
    (9.5125 0)
    (9.5130 0)
    (9.5135 0)
    (9.5140 0)
    (9.5145 0)
    (9.5150 0)
    (9.5155 0)
    (9.5160 0)
    (9.5165 0)
    (9.5170 0)
    (9.5175 0)
    (9.5180 0)
    (9.5185 0)
    (9.5190 0)
    (9.5195 0)
    (9.5200 0)
    (9.5205 0)
    (9.5210 0)
    (9.5215 0)
    (9.5220 0)
    (9.5225 0)
    (9.5230 0)
    (9.5235 0)
    (9.5240 0)
    (9.5245 0)
    (9.5250 0)
    (9.5255 0)
    (9.5260 0)
    (9.5265 0)
    (9.5270 0)
    (9.5275 0)
    (9.5280 0)
    (9.5285 0)
    (9.5290 0)
    (9.5295 0)
    (9.5300 0)
    (9.5305 0)
    (9.5310 0)
    (9.5315 0)
    (9.5320 0)
    (9.5325 0)
    (9.5330 0)
    (9.5335 0)
    (9.5340 0)
    (9.5345 0)
    (9.5350 0)
    (9.5355 0)
    (9.5360 0)
    (9.5365 0)
    (9.5370 0)
    (9.5375 0)
    (9.5380 0)
    (9.5385 0)
    (9.5390 0)
    (9.5395 0)
    (9.5400 0)
    (9.5405 0)
    (9.5410 0)
    (9.5415 0)
    (9.5420 0)
    (9.5425 0)
    (9.5430 0)
    (9.5435 0)
    (9.5440 0)
    (9.5445 0)
    (9.5450 0)
    (9.5455 0)
    (9.5460 0)
    (9.5465 0)
    (9.5470 0)
    (9.5475 0)
    (9.5480 0)
    (9.5485 0)
    (9.5490 0)
    (9.5495 0)
    (9.5500 0)
    (9.5505 0)
    (9.5510 0)
    (9.5515 0)
    (9.5520 0)
    (9.5525 0)
    (9.5530 0)
    (9.5535 0)
    (9.5540 0)
    (9.5545 0)
    (9.5550 0)
    (9.5555 0)
    (9.5560 0)
    (9.5565 0)
    (9.5570 0)
    (9.5575 0)
    (9.5580 0)
    (9.5585 0)
    (9.5590 0)
    (9.5595 0)
    (9.5600 0)
    (9.5605 0)
    (9.5610 0)
    (9.5615 0)
    (9.5620 0)
    (9.5625 0)
    (9.5630 0)
    (9.5635 0)
    (9.5640 0)
    (9.5645 0)
    (9.5650 0)
    (9.5655 0)
    (9.5660 0)
    (9.5665 0)
    (9.5670 0)
    (9.5675 0)
    (9.5680 0)
    (9.5685 0)
    (9.5690 0)
    (9.5695 0)
    (9.5700 0)
    (9.5705 0)
    (9.5710 0)
    (9.5715 0)
    (9.5720 0)
    (9.5725 0)
    (9.5730 0)
    (9.5735 0)
    (9.5740 0)
    (9.5745 0)
    (9.5750 0)
    (9.5755 0)
    (9.5760 0)
    (9.5765 0)
    (9.5770 0)
    (9.5775 0)
    (9.5780 0)
    (9.5785 0)
    (9.5790 0)
    (9.5795 0)
    (9.5800 0)
    (9.5805 0)
    (9.5810 0)
    (9.5815 0)
    (9.5820 0)
    (9.5825 0)
    (9.5830 0)
    (9.5835 0)
    (9.5840 0)
    (9.5845 0)
    (9.5850 0)
    (9.5855 0)
    (9.5860 0)
    (9.5865 0)
    (9.5870 0)
    (9.5875 0)
    (9.5880 0)
    (9.5885 0)
    (9.5890 0)
    (9.5895 0)
    (9.5900 0)
    (9.5905 0)
    (9.5910 0)
    (9.5915 0)
    (9.5920 0)
    (9.5925 0)
    (9.5930 0)
    (9.5935 0)
    (9.5940 0)
    (9.5945 0)
    (9.5950 0)
    (9.5955 0)
    (9.5960 0)
    (9.5965 0)
    (9.5970 0)
    (9.5975 0)
    (9.5980 0)
    (9.5985 0)
    (9.5990 0)
    (9.5995 0)
    (9.6000 0)
    (9.6005 0)
    (9.6010 0)
    (9.6015 0)
    (9.6020 0)
    (9.6025 0)
    (9.6030 0)
    (9.6035 0)
    (9.6040 0)
    (9.6045 0)
    (9.6050 0)
    (9.6055 0)
    (9.6060 0)
    (9.6065 0)
    (9.6070 0)
    (9.6075 0)
    (9.6080 0)
    (9.6085 0)
    (9.6090 0)
    (9.6095 0)
    (9.6100 0)
    (9.6105 0)
    (9.6110 0)
    (9.6115 0)
    (9.6120 0)
    (9.6125 0)
    (9.6130 0)
    (9.6135 0)
    (9.6140 0)
    (9.6145 0)
    (9.6150 0)
    (9.6155 0)
    (9.6160 0)
    (9.6165 0)
    (9.6170 0)
    (9.6175 0)
    (9.6180 0)
    (9.6185 0)
    (9.6190 0)
    (9.6195 0)
    (9.6200 0)
    (9.6205 0)
    (9.6210 0)
    (9.6215 0)
    (9.6220 0)
    (9.6225 0)
    (9.6230 0)
    (9.6235 0)
    (9.6240 0)
    (9.6245 0)
    (9.6250 0)
    (9.6255 0)
    (9.6260 0)
    (9.6265 0)
    (9.6270 0)
    (9.6275 0)
    (9.6280 0)
    (9.6285 0)
    (9.6290 0)
    (9.6295 0)
    (9.6300 0)
    (9.6305 0)
    (9.6310 0)
    (9.6315 0)
    (9.6320 0)
    (9.6325 0)
    (9.6330 0)
    (9.6335 0)
    (9.6340 0)
    (9.6345 0)
    (9.6350 0)
    (9.6355 0)
    (9.6360 0)
    (9.6365 0)
    (9.6370 0)
    (9.6375 0)
    (9.6380 0)
    (9.6385 0)
    (9.6390 0)
    (9.6395 0)
    (9.6400 0)
    (9.6405 0)
    (9.6410 0)
    (9.6415 0)
    (9.6420 0)
    (9.6425 0)
    (9.6430 0)
    (9.6435 0)
    (9.6440 0)
    (9.6445 0)
    (9.6450 0)
    (9.6455 0)
    (9.6460 0)
    (9.6465 0)
    (9.6470 0)
    (9.6475 6.94203e-08)
    (9.6480 0)
    (9.6485 -1.86011e-08)
    (9.6490 0)
    (9.6495 4.98415e-09)
    (9.6500 0)
    (9.6505 -1.3355e-09)
    (9.6510 0)
    (9.6515 3.57846e-10)
    (9.6520 0)
    (9.6525 -9.58846e-11)
    (9.6530 0)
    (9.6535 2.56922e-11)
    (9.6540 0)
    (9.6545 -6.88421e-12)
    (9.6550 0)
    (9.6555 1.84462e-12)
    (9.6560 0)
    (9.6565 -4.94264e-13)
    (9.6570 0)
    (9.6575 1.32438e-13)
    (9.6580 0)
    (9.6585 -3.54888e-14)
    (9.6590 0)
    (9.6595 9.51701e-15)
    (9.6600 0)
    (9.6605 -2.57923e-15)
    (9.6610 0)
    (9.6615 7.99911e-16)
    (9.6620 0)
    (9.6625 -6.20416e-16)
    (9.6630 0)
    (9.6635 1.68175e-15)
    (9.6640 0)
    (9.6645 -6.10659e-15)
    (9.6650 0)
    (9.6655 2.27446e-14)
    (9.6660 0)
    (9.6665 -8.48719e-14)
    (9.6670 0)
    (9.6675 3.16743e-13)
    (9.6680 0)
    (9.6685 -1.1821e-12)
    (9.6690 0)
    (9.6695 4.41166e-12)
    (9.6700 0)
    (9.6705 -1.64645e-11)
    (9.6710 0)
    (9.6715 6.14464e-11)
    (9.6720 0)
    (9.6725 -2.29321e-10)
    (9.6730 0)
    (9.6735 8.55838e-10)
    (9.6740 0)
    (9.6745 -3.19403e-09)
    (9.6750 0)
    (9.6755 9.25276e-10)
    (9.6760 -8.79601e-08)
    (9.6765 -3.39046e-07)
    (9.6770 -6.85229e-07)
    (9.6775 -1.04593e-06)
    (9.6780 -1.4262e-06)
    (9.6785 -1.84674e-06)
    (9.6790 -2.30532e-06)
    (9.6795 -2.7955e-06)
    (9.6800 -3.31701e-06)
    (9.6805 -3.87069e-06)
    (9.6810 -4.45571e-06)
    (9.6815 -5.07096e-06)
    (9.6820 -5.71586e-06)
    (9.6825 -6.38978e-06)
    (9.6830 -7.09127e-06)
    (9.6835 -7.81863e-06)
    (9.6840 -8.56995e-06)
    (9.6845 -9.34328e-06)
    (9.6850 -1.01367e-05)
    (9.6855 -1.09484e-05)
    (9.6860 -1.17764e-05)
    (9.6865 -1.26188e-05)
    (9.6870 -1.34737e-05)
    (9.6875 -1.43392e-05)
    (9.6880 -1.52135e-05)
    (9.6885 -1.60945e-05)
    (9.6890 -1.69805e-05)
    (9.6895 -1.78695e-05)
    (9.6900 -1.87596e-05)
    (9.6905 -1.96488e-05)
    (9.6910 -2.05355e-05)
    (9.6915 -2.14188e-05)
    (9.6920 -2.2301e-05)
    (9.6925 -2.31855e-05)
    (9.6930 -2.40753e-05)
    (9.6935 -2.49735e-05)
    (9.6940 -2.5883e-05)
    (9.6945 -2.68071e-05)
    (9.6950 -2.77489e-05)
    (9.6955 -2.87113e-05)
    (9.6960 -2.96974e-05)
    (9.6965 -3.07104e-05)
    (9.6970 -3.17534e-05)
    (9.6975 -3.28293e-05)
    (9.6980 -3.39413e-05)
    (9.6985 -3.50925e-05)
    (9.6990 -3.6286e-05)
    (9.6995 -3.75249e-05)
    (9.7000 -3.8812e-05)
    (9.7005 -4.01506e-05)
    (9.7010 -4.15441e-05)
    (9.7015 -4.29956e-05)
    (9.7020 -4.45055e-05)
    (9.7025 -4.60729e-05)
    (9.7030 -4.76943e-05)
    (9.7035 -4.93659e-05)
    (9.7040 -5.10841e-05)
    (9.7045 -5.28457e-05)
    (9.7050 -5.46473e-05)
    (9.7055 -5.64855e-05)
    (9.7060 -5.83567e-05)
    (9.7065 -6.02576e-05)
    (9.7070 -6.21848e-05)
    (9.7075 -6.41349e-05)
    (9.7080 -6.61042e-05)
    (9.7085 -6.80893e-05)
    (9.7090 -7.00876e-05)
    (9.7095 -7.20974e-05)
    (9.7100 -7.41191e-05)
    (9.7105 -7.61539e-05)
    (9.7110 -7.82024e-05)
    (9.7115 -8.02653e-05)
    (9.7120 -8.23433e-05)
    (9.7125 -8.44371e-05)
    (9.7130 -8.65475e-05)
    (9.7135 -8.86751e-05)
    (9.7140 -9.08207e-05)
    (9.7145 -9.29849e-05)
    (9.7150 -9.51686e-05)
    (9.7155 -9.73725e-05)
    (9.7160 -9.95962e-05)
    (9.7165 -0.00010184)
    (9.7170 -0.000104102)
    (9.7175 -0.000106383)
    (9.7180 -0.000108681)
    (9.7185 -0.000110997)
    (9.7190 -0.000113329)
    (9.7195 -0.000115678)
    (9.7200 -0.000118041)
    (9.7205 -0.00012042)
    (9.7210 -0.000122813)
    (9.7215 -0.00012522)
    (9.7220 -0.00012764)
    (9.7225 -0.00013007)
    (9.7230 -0.000132507)
    (9.7235 -0.000134947)
    (9.7240 -0.000137386)
    (9.7245 -0.00013982)
    (9.7250 -0.000142244)
    (9.7255 -0.000144655)
    (9.7260 -0.00014705)
    (9.7265 -0.000149423)
    (9.7270 -0.000151771)
    (9.7275 -0.000154088)
    (9.7280 -0.000156379)
    (9.7285 -0.000158653)
    (9.7290 -0.000160928)
    (9.7295 -0.000163221)
    (9.7300 -0.000165552)
    (9.7305 -0.000167937)
    (9.7310 -0.000170393)
    (9.7315 -0.000172938)
    (9.7320 -0.000175592)
    (9.7325 -0.000178374)
    (9.7330 -0.000181285)
    (9.7335 -0.000184316)
    (9.7340 -0.000187435)
    (9.7345 -0.000190606)
    (9.7350 -0.000193797)
    (9.7355 -0.000196975)
    (9.7360 -0.000200109)
    (9.7365 -0.000203164)
    (9.7370 -0.000206111)
    (9.7375 -0.000208929)
    (9.7380 -0.000211633)
    (9.7385 -0.000214247)
    (9.7390 -0.000216793)
    (9.7395 -0.000219291)
    (9.7400 -0.000221765)
    (9.7405 -0.000224235)
    (9.7410 -0.000226724)
    (9.7415 -0.000229255)
    (9.7420 -0.000231847)
    (9.7425 -0.000234518)
    (9.7430 -0.000237259)
    (9.7435 -0.000240055)
    (9.7440 -0.000242894)
    (9.7445 -0.00024576)
    (9.7450 -0.00024864)
    (9.7455 -0.00025152)
    (9.7460 -0.000254386)
    (9.7465 -0.000257224)
    (9.7470 -0.000260019)
    (9.7475 -0.000262762)
    (9.7480 -0.000265465)
    (9.7485 -0.000268146)
    (9.7490 -0.000270826)
    (9.7495 -0.000273525)
    (9.7500 -0.00027626)
    (9.7505 -0.000279054)
    (9.7510 -0.000281923)
    (9.7515 -0.000284887)
    (9.7520 -0.000287969)
    (9.7525 -0.000291184)
    (9.7530 -0.000294517)
    (9.7535 -0.000297948)
    (9.7540 -0.000301453)
    (9.7545 -0.000305006)
    (9.7550 -0.000308582)
    (9.7555 -0.000312158)
    (9.7560 -0.000315708)
    (9.7565 -0.00031921)
    (9.7570 -0.000322637)
    (9.7575 -0.000325966)
    (9.7580 -0.000329194)
    (9.7585 -0.000332325)
    (9.7590 -0.000335366)
    (9.7595 -0.000338327)
    (9.7600 -0.000341213)
    (9.7605 -0.000344031)
    (9.7610 -0.000346791)
    (9.7615 -0.000349499)
    (9.7620 -0.000352158)
    (9.7625 -0.00035477)
    (9.7630 -0.00035733)
    (9.7635 -0.000359835)
    (9.7640 -0.000362281)
    (9.7645 -0.000364664)
    (9.7650 -0.00036698)
    (9.7655 -0.000369226)
    (9.7660 -0.000371398)
    (9.7665 -0.000373493)
    (9.7670 -0.000375506)
    (9.7675 -0.000377434)
    (9.7680 -0.000379273)
    (9.7685 -0.00038102)
    (9.7690 -0.000382683)
    (9.7695 -0.000384269)
    (9.7700 -0.000385786)
    (9.7705 -0.000387243)
    (9.7710 -0.000388648)
    (9.7715 -0.00039001)
    (9.7720 -0.000391337)
    (9.7725 -0.000392637)
    (9.7730 -0.000393919)
    (9.7735 -0.000395191)
    (9.7740 -0.000396461)
    (9.7745 -0.000397738)
    (9.7750 -0.00039903)
    (9.7755 -0.000400347)
    (9.7760 -0.000401688)
    (9.7765 -0.000403052)
    (9.7770 -0.000404434)
    (9.7775 -0.000405831)
    (9.7780 -0.000407237)
    (9.7785 -0.00040865)
    (9.7790 -0.000410065)
    (9.7795 -0.000411478)
    (9.7800 -0.000412885)
    (9.7805 -0.000414282)
    (9.7810 -0.000415665)
    (9.7815 -0.00041703)
    (9.7820 -0.000418373)
    (9.7825 -0.000419689)
    (9.7830 -0.000420977)
    (9.7835 -0.000422235)
    (9.7840 -0.000423464)
    (9.7845 -0.000424667)
    (9.7850 -0.000425843)
    (9.7855 -0.000426993)
    (9.7860 -0.000428119)
    (9.7865 -0.000429221)
    (9.7870 -0.0004303)
    (9.7875 -0.000431357)
    (9.7880 -0.000432394)
    (9.7885 -0.00043341)
    (9.7890 -0.000434408)
    (9.7895 -0.000435387)
    (9.7900 -0.00043635)
    (9.7905 -0.000437295)
    (9.7910 -0.000438226)
    (9.7915 -0.000439142)
    (9.7920 -0.000440041)
    (9.7925 -0.000440921)
    (9.7930 -0.000441777)
    (9.7935 -0.000442607)
    (9.7940 -0.000443406)
    (9.7945 -0.000444172)
    (9.7950 -0.0004449)
    (9.7955 -0.000445588)
    (9.7960 -0.000446231)
    (9.7965 -0.000446828)
    (9.7970 -0.000447376)
    (9.7975 -0.000447877)
    (9.7980 -0.000448331)
    (9.7985 -0.000448741)
    (9.7990 -0.000449107)
    (9.7995 -0.00044943)
    (9.8000 -0.000449712)
    (9.8005 -0.000449954)
    (9.8010 -0.000450156)
    (9.8015 -0.000450321)
    (9.8020 -0.000450448)
    (9.8025 -0.00045054)
    (9.8030 -0.000450597)
    (9.8035 -0.000450621)
    (9.8040 -0.000450613)
    (9.8045 -0.000450574)
    (9.8050 -0.000450505)
    (9.8055 -0.000450407)
    (9.8060 -0.000450281)
    (9.8065 -0.000450129)
    (9.8070 -0.000449952)
    (9.8075 -0.000449751)
    (9.8080 -0.000449526)
    (9.8085 -0.00044928)
    (9.8090 -0.000449013)
    (9.8095 -0.000448727)
    (9.8100 -0.000448422)
    (9.8105 -0.0004481)
    (9.8110 -0.00044776)
    (9.8115 -0.000447399)
    (9.8120 -0.000447012)
    (9.8125 -0.000446596)
    (9.8130 -0.000446147)
    (9.8135 -0.000445661)
    (9.8140 -0.000445133)
    (9.8145 -0.00044456)
    (9.8150 -0.000443938)
    (9.8155 -0.000443263)
    (9.8160 -0.000442531)
    (9.8165 -0.000441738)
    (9.8170 -0.00044088)
    (9.8175 -0.000439954)
    (9.8180 -0.000438954)
    (9.8185 -0.000437877)
    (9.8190 -0.000436722)
    (9.8195 -0.00043549)
    (9.8200 -0.000434188)
    (9.8205 -0.000432822)
    (9.8210 -0.000431399)
    (9.8215 -0.000429924)
    (9.8220 -0.000428404)
    (9.8225 -0.000426845)
    (9.8230 -0.000425254)
    (9.8235 -0.000423635)
    (9.8240 -0.000421996)
    (9.8245 -0.000420342)
    (9.8250 -0.00041868)
    (9.8255 -0.000417016)
    (9.8260 -0.000415356)
    (9.8265 -0.000413707)
    (9.8270 -0.000412072)
    (9.8275 -0.000410454)
    (9.8280 -0.000408852)
    (9.8285 -0.000407266)
    (9.8290 -0.000405697)
    (9.8295 -0.000404144)
    (9.8300 -0.000402607)
    (9.8305 -0.000401086)
    (9.8310 -0.000399582)
    (9.8315 -0.000398093)
    (9.8320 -0.000396621)
    (9.8325 -0.000395165)
    (9.8330 -0.000393725)
    (9.8335 -0.000392301)
    (9.8340 -0.000390893)
    (9.8345 -0.000389501)
    (9.8350 -0.000388125)
    (9.8355 -0.000386765)
    (9.8360 -0.000385418)
    (9.8365 -0.000384086)
    (9.8370 -0.000382767)
    (9.8375 -0.00038146)
    (9.8380 -0.000380165)
    (9.8385 -0.00037888)
    (9.8390 -0.000377607)
    (9.8395 -0.000376342)
    (9.8400 -0.000375087)
    (9.8405 -0.00037384)
    (9.8410 -0.0003726)
    (9.8415 -0.000371368)
    (9.8420 -0.000370141)
    (9.8425 -0.00036892)
    (9.8430 -0.000367703)
    (9.8435 -0.000366491)
    (9.8440 -0.000365285)
    (9.8445 -0.000364086)
    (9.8450 -0.000362898)
    (9.8455 -0.000361721)
    (9.8460 -0.000360559)
    (9.8465 -0.000359413)
    (9.8470 -0.000358285)
    (9.8475 -0.000357178)
    (9.8480 -0.000356094)
    (9.8485 -0.000355034)
    (9.8490 -0.000354)
    (9.8495 -0.000352996)
    (9.8500 -0.000352023)
    (9.8505 -0.000351082)
    (9.8510 -0.000350177)
    (9.8515 -0.000349309)
    (9.8520 -0.00034848)
    (9.8525 -0.00034769)
    (9.8530 -0.000346935)
    (9.8535 -0.000346211)
    (9.8540 -0.000345512)
    (9.8545 -0.000344836)
    (9.8550 -0.000344176)
    (9.8555 -0.000343529)
    (9.8560 -0.00034289)
    (9.8565 -0.000342255)
    (9.8570 -0.00034162)
    (9.8575 -0.000340979)
    (9.8580 -0.000340329)
    (9.8585 -0.000339665)
    (9.8590 -0.000338983)
    (9.8595 -0.000338278)
    (9.8600 -0.000337545)
    (9.8605 -0.00033678)
    (9.8610 -0.000335984)
    (9.8615 -0.000335159)
    (9.8620 -0.00033431)
    (9.8625 -0.000333444)
    (9.8630 -0.000332565)
    (9.8635 -0.000331678)
    (9.8640 -0.000330788)
    (9.8645 -0.000329901)
    (9.8650 -0.000329021)
    (9.8655 -0.000328153)
    (9.8660 -0.000327303)
    (9.8665 -0.000326476)
    (9.8670 -0.000325676)
    (9.8675 -0.000324909)
    (9.8680 -0.00032418)
    (9.8685 -0.000323495)
    (9.8690 -0.000322855)
    (9.8695 -0.000322259)
    (9.8700 -0.0003217)
    (9.8705 -0.000321171)
    (9.8710 -0.000320665)
    (9.8715 -0.000320177)
    (9.8720 -0.0003197)
    (9.8725 -0.000319227)
    (9.8730 -0.000318753)
    (9.8735 -0.00031827)
    (9.8740 -0.000317772)
    (9.8745 -0.000317254)
    (9.8750 -0.000316714)
    (9.8755 -0.000316153)
    (9.8760 -0.00031557)
    (9.8765 -0.000314967)
    (9.8770 -0.000314343)
    (9.8775 -0.000313698)
    (9.8780 -0.000313032)
    (9.8785 -0.000312346)
    (9.8790 -0.000311641)
    (9.8795 -0.000310915)
    (9.8800 -0.000310169)
    (9.8805 -0.000309404)
    (9.8810 -0.00030862)
    (9.8815 -0.000307816)
    (9.8820 -0.000306993)
    (9.8825 -0.000306151)
    (9.8830 -0.000305291)
    (9.8835 -0.000304412)
    (9.8840 -0.000303515)
    (9.8845 -0.0003026)
    (9.8850 -0.000301667)
    (9.8855 -0.000300716)
    (9.8860 -0.000299748)
    (9.8865 -0.000298762)
    (9.8870 -0.000297759)
    (9.8875 -0.000296739)
    (9.8880 -0.000295702)
    (9.8885 -0.000294649)
    (9.8890 -0.000293579)
    (9.8895 -0.000292493)
    (9.8900 -0.000291391)
    (9.8905 -0.000290273)
    (9.8910 -0.000289139)
    (9.8915 -0.000287989)
    (9.8920 -0.000286825)
    (9.8925 -0.000285645)
    (9.8930 -0.00028445)
    (9.8935 -0.000283241)
    (9.8940 -0.000282016)
    (9.8945 -0.000280778)
    (9.8950 -0.000279525)
    (9.8955 -0.000278258)
    (9.8960 -0.000276981)
    (9.8965 -0.000275695)
    (9.8970 -0.000274404)
    (9.8975 -0.000273111)
    (9.8980 -0.00027182)
    (9.8985 -0.000270533)
    (9.8990 -0.000269254)
    (9.8995 -0.000267986)
    (9.9000 -0.000266733)
    (9.9005 -0.000265496)
    (9.9010 -0.000264281)
    (9.9015 -0.000263089)
    (9.9020 -0.000261924)
    (9.9025 -0.000260789)
    (9.9030 -0.000259687)
    (9.9035 -0.000258623)
    (9.9040 -0.000257596)
    (9.9045 -0.000256606)
    (9.9050 -0.000255649)
    (9.9055 -0.00025472)
    (9.9060 -0.000253815)
    (9.9065 -0.000252929)
    (9.9070 -0.000252059)
    (9.9075 -0.000251199)
    (9.9080 -0.000250346)
    (9.9085 -0.000249496)
    (9.9090 -0.000248644)
    (9.9095 -0.000247786)
    (9.9100 -0.000246918)
    (9.9105 -0.000246035)
    (9.9110 -0.000245134)
    (9.9115 -0.000244209)
    (9.9120 -0.000243257)
    (9.9125 -0.000242273)
    (9.9130 -0.000241258)
    (9.9135 -0.000240213)
    (9.9140 -0.00023914)
    (9.9145 -0.000238041)
    (9.9150 -0.00023692)
    (9.9155 -0.000235778)
    (9.9160 -0.000234617)
    (9.9165 -0.000233441)
    (9.9170 -0.00023225)
    (9.9175 -0.000231048)
    (9.9180 -0.000229837)
    (9.9185 -0.000228618)
    (9.9190 -0.000227395)
    (9.9195 -0.00022617)
    (9.9200 -0.000224945)
    (9.9205 -0.000223722)
    (9.9210 -0.000222503)
    (9.9215 -0.000221291)
    (9.9220 -0.000220084)
    (9.9225 -0.000218883)
    (9.9230 -0.000217687)
    (9.9235 -0.000216496)
    (9.9240 -0.00021531)
    (9.9245 -0.000214129)
    (9.9250 -0.000212951)
    (9.9255 -0.000211777)
    (9.9260 -0.000210607)
    (9.9265 -0.000209441)
    (9.9270 -0.000208277)
    (9.9275 -0.000207116)
    (9.9280 -0.000205957)
    (9.9285 -0.0002048)
    (9.9290 -0.000203646)
    (9.9295 -0.000202492)
    (9.9300 -0.00020134)
    (9.9305 -0.000200188)
    (9.9310 -0.000199035)
    (9.9315 -0.00019788)
    (9.9320 -0.000196722)
    (9.9325 -0.000195559)
    (9.9330 -0.00019439)
    (9.9335 -0.000193215)
    (9.9340 -0.000192032)
    (9.9345 -0.00019084)
    (9.9350 -0.000189638)
    (9.9355 -0.000188424)
    (9.9360 -0.000187198)
    (9.9365 -0.000185958)
    (9.9370 -0.000184704)
    (9.9375 -0.000183433)
    (9.9380 -0.000182146)
    (9.9385 -0.00018084)
    (9.9390 -0.000179518)
    (9.9395 -0.000178182)
    (9.9400 -0.000176834)
    (9.9405 -0.000175477)
    (9.9410 -0.000174114)
    (9.9415 -0.000172748)
    (9.9420 -0.00017138)
    (9.9425 -0.000170014)
    (9.9430 -0.000168651)
    (9.9435 -0.000167296)
    (9.9440 -0.00016595)
    (9.9445 -0.000164616)
    (9.9450 -0.000163296)
    (9.9455 -0.000161993)
    (9.9460 -0.000160711)
    (9.9465 -0.000159451)
    (9.9470 -0.000158213)
    (9.9475 -0.000156998)
    (9.9480 -0.000155801)
    (9.9485 -0.000154621)
    (9.9490 -0.000153456)
    (9.9495 -0.000152303)
    (9.9500 -0.00015116)
    (9.9505 -0.000150024)
    (9.9510 -0.000148894)
    (9.9515 -0.000147767)
    (9.9520 -0.00014664)
    (9.9525 -0.000145512)
    (9.9530 -0.00014438)
    (9.9535 -0.000143243)
    (9.9540 -0.000142096)
    (9.9545 -0.000140939)
    (9.9550 -0.00013977)
    (9.9555 -0.000138585)
    (9.9560 -0.000137382)
    (9.9565 -0.000136159)
    (9.9570 -0.000134915)
    (9.9575 -0.000133647)
    (9.9580 -0.000132358)
    (9.9585 -0.000131049)
    (9.9590 -0.000129722)
    (9.9595 -0.000128379)
    (9.9600 -0.000127021)
    (9.9605 -0.000125651)
    (9.9610 -0.00012427)
    (9.9615 -0.00012288)
    (9.9620 -0.000121483)
    (9.9625 -0.00012008)
    (9.9630 -0.000118674)
    (9.9635 -0.000117265)
    (9.9640 -0.000115857)
    (9.9645 -0.00011445)
    (9.9650 -0.000113047)
    (9.9655 -0.00011165)
    (9.9660 -0.000110258)
    (9.9665 -0.000108872)
    (9.9670 -0.00010749)
    (9.9675 -0.000106109)
    (9.9680 -0.000104728)
    (9.9685 -0.000103344)
    (9.9690 -0.000101956)
    (9.9695 -0.000100562)
    (9.9700 -9.91593e-05)
    (9.9705 -9.77467e-05)
    (9.9710 -9.63222e-05)
    (9.9715 -9.48837e-05)
    (9.9720 -9.34293e-05)
    (9.9725 -9.19573e-05)
    (9.9730 -9.04653e-05)
    (9.9735 -8.89516e-05)
    (9.9740 -8.74153e-05)
    (9.9745 -8.58563e-05)
    (9.9750 -8.42754e-05)
    (9.9755 -8.26733e-05)
    (9.9760 -8.10509e-05)
    (9.9765 -7.94087e-05)
    (9.9770 -7.77474e-05)
    (9.9775 -7.60679e-05)
    (9.9780 -7.43707e-05)
    (9.9785 -7.26565e-05)
    (9.9790 -7.09262e-05)
    (9.9795 -6.91805e-05)
    (9.9800 -6.74198e-05)
    (9.9805 -6.56448e-05)
    (9.9810 -6.38573e-05)
    (9.9815 -6.206e-05)
    (9.9820 -6.0258e-05)
    (9.9825 -5.84566e-05)
    (9.9830 -5.66607e-05)
    (9.9835 -5.48754e-05)
    (9.9840 -5.31056e-05)
    (9.9845 -5.13564e-05)
    (9.9850 -4.96329e-05)
    (9.9855 -4.79399e-05)
    (9.9860 -4.62827e-05)
    (9.9865 -4.46663e-05)
    (9.9870 -4.30954e-05)
    (9.9875 -4.15749e-05)
    (9.9880 -4.0111e-05)
    (9.9885 -3.87087e-05)
    (9.9890 -3.73682e-05)
    (9.9895 -3.60867e-05)
    (9.9900 -3.48555e-05)
    (9.9905 -3.36642e-05)
    (9.9910 -3.25039e-05)
    (9.9915 -3.13658e-05)
    (9.9920 -3.02409e-05)
    (9.9925 -2.91202e-05)
    (9.9930 -2.79943e-05)
    (9.9935 -2.68541e-05)
    (9.9940 -2.56917e-05)
    (9.9945 -2.44984e-05)
    (9.9950 -2.32607e-05)
    (9.9955 -2.19686e-05)
    (9.9960 -2.0629e-05)
    (9.9965 -1.92371e-05)
    (9.9970 -1.77242e-05)
    (9.9975 -1.60653e-05)
    (9.9980 -1.44739e-05)
    (9.9985 -1.30008e-05)
    (9.9990 -1.08059e-05)
    (9.9995 -6.82651e-06)
    (10.0000 0)
);
    value               uniform (0 0 0);
}
}


// ************************************************************************* //
