(
    (0 0)
    (0.001 0)
    (0.002 0)
    (0.003 0)
    (0.004 1.6589e-07)
    (0.005 8.2288e-07)
    (0.006 1.4955e-06)
    (0.007 2.1933e-06)
    (0.008 2.9259e-06)
    (0.009 3.7029e-06)
    (0.01 4.534e-06)
    (0.011 5.4287e-06)
    (0.012 6.3967e-06)
    (0.013 7.4476e-06)
    (0.014 8.5909e-06)
    (0.015 9.8364e-06)
    (0.016 1.1194e-05)
    (0.017 1.2672e-05)
    (0.018 1.4282e-05)
    (0.019 1.6032e-05)
    (0.02 1.7927e-05)
    (0.021 1.9948e-05)
    (0.022 2.2063e-05)
    (0.023 2.4246e-05)
    (0.024 2.6465e-05)
    (0.025 2.8692e-05)
    (0.026 3.0899e-05)
    (0.027 3.3054e-05)
    (0.028 3.5131e-05)
    (0.029 3.7116e-05)
    (0.03 3.9049e-05)
    (0.031 4.0977e-05)
    (0.032 4.2948e-05)
    (0.033 4.501e-05)
    (0.034 4.7209e-05)
    (0.035 4.9595e-05)
    (0.036 5.2213e-05)
    (0.037 5.5109e-05)
    (0.038 5.8272e-05)
    (0.039 6.1655e-05)
    (0.04 6.5208e-05)
    (0.041 6.8882e-05)
    (0.042 7.2627e-05)
    (0.043 7.6393e-05)
    (0.044 8.0131e-05)
    (0.045 8.3793e-05)
    (0.046 8.7327e-05)
    (0.047 9.0688e-05)
    (0.048 9.3869e-05)
    (0.049 9.6902e-05)
    (0.05 9.982e-05)
    (0.051 0.00010266)
    (0.052 0.00010545)
    (0.053 0.00010822)
    (0.054 0.00011101)
    (0.055 0.00011386)
    (0.056 0.00011679)
    (0.057 0.00011984)
    (0.058 0.00012306)
    (0.059 0.00012648)
    (0.06 0.00013014)
    (0.061 0.00013408)
    (0.062 0.00013833)
    (0.063 0.00014287)
    (0.064 0.0001476)
    (0.065 0.0001524)
    (0.066 0.00015719)
    (0.067 0.00016184)
    (0.068 0.00016625)
    (0.069 0.00017035)
    (0.07 0.00017416)
    (0.071 0.00017775)
    (0.072 0.00018119)
    (0.073 0.00018454)
    (0.074 0.00018786)
    (0.075 0.00019123)
    (0.076 0.00019471)
    (0.077 0.00019831)
    (0.078 0.00020202)
    (0.079 0.00020585)
    (0.08 0.00020977)
    (0.081 0.0002138)
    (0.082 0.00021792)
    (0.083 0.00022212)
    (0.084 0.00022641)
    (0.085 0.00023073)
    (0.086 0.00023504)
    (0.087 0.00023929)
    (0.088 0.00024343)
    (0.089 0.00024741)
    (0.09 0.00025119)
    (0.091 0.00025475)
    (0.092 0.00025815)
    (0.093 0.00026144)
    (0.094 0.00026469)
    (0.095 0.00026794)
    (0.096 0.00027126)
    (0.097 0.00027469)
    (0.098 0.00027822)
    (0.099 0.00028182)
    (0.1 0.00028546)
    (0.101 0.00028912)
    (0.102 0.00029276)
    (0.103 0.00029636)
    (0.104 0.00029988)
    (0.105 0.0003033)
    (0.106 0.00030662)
    (0.107 0.00030984)
    (0.108 0.00031298)
    (0.109 0.00031602)
    (0.11 0.00031898)
    (0.111 0.00032187)
    (0.112 0.00032467)
    (0.113 0.00032741)
    (0.114 0.00033008)
    (0.115 0.0003327)
    (0.116 0.00033526)
    (0.117 0.00033778)
    (0.118 0.00034027)
    (0.119 0.00034272)
    (0.12 0.00034516)
    (0.121 0.00034757)
    (0.122 0.00034998)
    (0.123 0.00035238)
    (0.124 0.00035477)
    (0.125 0.00035713)
    (0.126 0.00035946)
    (0.127 0.00036177)
    (0.128 0.00036403)
    (0.129 0.00036625)
    (0.13 0.00036842)
    (0.131 0.00037053)
    (0.132 0.00037257)
    (0.133 0.00037454)
    (0.134 0.00037642)
    (0.135 0.00037819)
    (0.136 0.00037986)
    (0.137 0.00038141)
    (0.138 0.00038282)
    (0.139 0.00038409)
    (0.14 0.00038522)
    (0.141 0.0003862)
    (0.142 0.00038706)
    (0.143 0.0003878)
    (0.144 0.00038843)
    (0.145 0.00038896)
    (0.146 0.00038939)
    (0.147 0.00038973)
    (0.148 0.00039)
    (0.149 0.0003902)
    (0.15 0.00039034)
    (0.151 0.00039042)
    (0.152 0.00039045)
    (0.153 0.00039043)
    (0.154 0.00039038)
    (0.155 0.0003903)
    (0.156 0.00039019)
    (0.157 0.00039007)
    (0.158 0.00038991)
    (0.159 0.00038974)
    (0.16 0.00038953)
    (0.161 0.00038928)
    (0.162 0.000389)
    (0.163 0.00038867)
    (0.164 0.00038829)
    (0.165 0.00038786)
    (0.166 0.00038738)
    (0.167 0.00038681)
    (0.168 0.00038614)
    (0.169 0.00038537)
    (0.17 0.00038446)
    (0.171 0.00038341)
    (0.172 0.0003822)
    (0.173 0.00038081)
    (0.174 0.00037923)
    (0.175 0.00037746)
    (0.176 0.00037553)
    (0.177 0.00037346)
    (0.178 0.00037127)
    (0.179 0.00036898)
    (0.18 0.00036661)
    (0.181 0.00036419)
    (0.182 0.00036173)
    (0.183 0.00035925)
    (0.184 0.00035677)
    (0.185 0.0003543)
    (0.186 0.00035183)
    (0.187 0.00034939)
    (0.188 0.00034697)
    (0.189 0.00034459)
    (0.19 0.00034226)
    (0.191 0.00033998)
    (0.192 0.00033774)
    (0.193 0.00033551)
    (0.194 0.00033324)
    (0.195 0.00033091)
    (0.196 0.00032846)
    (0.197 0.00032587)
    (0.198 0.00032309)
    (0.199 0.00032009)
    (0.2 0.00031684)
    (0.201 0.00031339)
    (0.202 0.00030978)
    (0.203 0.00030606)
    (0.204 0.00030228)
    (0.205 0.00029848)
    (0.206 0.00029471)
    (0.207 0.00029102)
    (0.208 0.00028745)
    (0.209 0.00028399)
    (0.21 0.00028063)
    (0.211 0.00027734)
    (0.212 0.00027411)
    (0.213 0.00027091)
    (0.214 0.00026773)
    (0.215 0.00026454)
    (0.216 0.00026132)
    (0.217 0.00025804)
    (0.218 0.00025467)
    (0.219 0.00025118)
    (0.22 0.00024755)
    (0.221 0.00024373)
    (0.222 0.00023971)
    (0.223 0.0002355)
    (0.224 0.00023114)
    (0.225 0.00022672)
    (0.226 0.00022229)
    (0.227 0.00021792)
    (0.228 0.00021367)
    (0.229 0.00020959)
    (0.23 0.00020566)
    (0.231 0.00020185)
    (0.232 0.00019812)
    (0.233 0.00019444)
    (0.234 0.00019078)
    (0.235 0.00018712)
    (0.236 0.00018345)
    (0.237 0.00017979)
    (0.238 0.00017614)
    (0.239 0.0001725)
    (0.24 0.00016889)
    (0.241 0.00016531)
    (0.242 0.00016176)
    (0.243 0.00015822)
    (0.244 0.00015465)
    (0.245 0.00015103)
    (0.246 0.00014731)
    (0.247 0.00014346)
    (0.248 0.00013945)
    (0.249 0.00013528)
    (0.25 0.00013103)
    (0.251 0.00012676)
    (0.252 0.00012255)
    (0.253 0.00011848)
    (0.254 0.00011461)
    (0.255 0.00011102)
    (0.256 0.00010768)
    (0.257 0.00010453)
    (0.258 0.00010151)
    (0.259 9.8581e-05)
    (0.26 9.5671e-05)
    (0.261 9.2727e-05)
    (0.262 8.9693e-05)
    (0.263 8.6523e-05)
    (0.264 8.3231e-05)
    (0.265 7.9857e-05)
    (0.266 7.6437e-05)
    (0.267 7.3011e-05)
    (0.268 6.9616e-05)
    (0.269 6.629e-05)
    (0.27 6.3072e-05)
    (0.271 5.9992e-05)
    (0.272 5.705e-05)
    (0.273 5.4232e-05)
    (0.274 5.1526e-05)
    (0.275 4.892e-05)
    (0.276 4.6402e-05)
    (0.277 4.3958e-05)
    (0.278 4.1576e-05)
    (0.279 3.9244e-05)
    (0.28 3.6952e-05)
    (0.281 3.4702e-05)
    (0.282 3.2503e-05)
    (0.283 3.0365e-05)
    (0.284 2.8295e-05)
    (0.285 2.6302e-05)
    (0.286 2.4396e-05)
    (0.287 2.2586e-05)
    (0.288 2.0879e-05)
    (0.289 1.9271e-05)
    (0.29 1.7749e-05)
    (0.291 1.6299e-05)
    (0.292 1.4908e-05)
    (0.293 1.3562e-05)
    (0.294 1.2246e-05)
    (0.295 1.0948e-05)
    (0.296 9.6537e-06)
    (0.297 8.3533e-06)
    (0.298 7.0592e-06)
    (0.299 5.7907e-06)
    (0.3 4.567e-06)
    (0.301 3.4072e-06)
    (0.302 2.3306e-06)
    (0.303 0)
    (0.304 0)
    (0.305 0)
    (0.306 0)
    (0.307 0)
    (0.308 0)
    (0.309 0)
    (0.31 0)
    (0.311 0)
    (0.312 0)
    (0.313 0)
    (0.314 0)
    (0.315 0)
    (0.316 0)
    (0.317 0)
    (0.318 0)
    (0.319 0)
    (0.32 0)
    (0.321 0)
    (0.322 0)
    (0.323 0)
    (0.324 0)
    (0.325 0)
    (0.326 0)
    (0.327 0)
    (0.328 0)
    (0.329 0)
    (0.33 0)
    (0.331 0)
    (0.332 0)
    (0.333 0)
    (0.334 0)
    (0.335 0)
    (0.336 0)
    (0.337 0)
    (0.338 0)
    (0.339 0)
    (0.34 0)
    (0.341 0)
    (0.342 0)
    (0.343 0)
    (0.344 0)
    (0.345 0)
    (0.346 0)
    (0.347 0)
    (0.348 0)
    (0.349 0)
    (0.35 0)
    (0.351 0)
    (0.352 0)
    (0.353 0)
    (0.354 0)
    (0.355 0)
    (0.356 0)
    (0.357 0)
    (0.358 0)
    (0.359 0)
    (0.36 0)
    (0.361 0)
    (0.362 0)
    (0.363 0)
    (0.364 0)
    (0.365 0)
    (0.366 0)
    (0.367 0)
    (0.368 0)
    (0.369 0)
    (0.37 0)
    (0.371 0)
    (0.372 0)
    (0.373 0)
    (0.374 0)
    (0.375 0)
    (0.376 0)
    (0.377 0)
    (0.378 0)
    (0.379 0)
    (0.38 0)
    (0.381 0)
    (0.382 0)
    (0.383 0)
    (0.384 0)
    (0.385 0)
    (0.386 0)
    (0.387 0)
    (0.388 0)
    (0.389 0)
    (0.39 0)
    (0.391 0)
    (0.392 0)
    (0.393 0)
    (0.394 0)
    (0.395 0)
    (0.396 0)
    (0.397 0)
    (0.398 0)
    (0.399 0)
    (0.4 0)
    (0.401 0)
    (0.402 0)
    (0.403 0)
    (0.404 0)
    (0.405 0)
    (0.406 0)
    (0.407 0)
    (0.408 0)
    (0.409 0)
    (0.41 0)
    (0.411 0)
    (0.412 0)
    (0.413 0)
    (0.414 0)
    (0.415 0)
    (0.416 0)
    (0.417 0)
    (0.418 0)
    (0.419 0)
    (0.42 0)
    (0.421 0)
    (0.422 0)
    (0.423 0)
    (0.424 0)
    (0.425 0)
    (0.426 0)
    (0.427 0)
    (0.428 0)
    (0.429 0)
    (0.43 0)
    (0.431 0)
    (0.432 0)
    (0.433 0)
    (0.434 0)
    (0.435 0)
    (0.436 0)
    (0.437 0)
    (0.438 0)
    (0.439 0)
    (0.44 0)
    (0.441 0)
    (0.442 0)
    (0.443 0)
    (0.444 0)
    (0.445 0)
    (0.446 0)
    (0.447 0)
    (0.448 0)
    (0.449 0)
    (0.45 0)
    (0.451 0)
    (0.452 0)
    (0.453 0)
    (0.454 0)
    (0.455 0)
    (0.456 0)
    (0.457 0)
    (0.458 0)
    (0.459 0)
    (0.46 0)
    (0.461 0)
    (0.462 0)
    (0.463 0)
    (0.464 0)
    (0.465 0)
    (0.466 0)
    (0.467 0)
    (0.468 0)
    (0.469 0)
    (0.47 0)
    (0.471 0)
    (0.472 0)
    (0.473 0)
    (0.474 0)
    (0.475 0)
    (0.476 0)
    (0.477 0)
    (0.478 0)
    (0.479 0)
    (0.48 0)
    (0.481 0)
    (0.482 0)
    (0.483 0)
    (0.484 0)
    (0.485 0)
    (0.486 0)
    (0.487 0)
    (0.488 0)
    (0.489 0)
    (0.49 0)
    (0.491 0)
    (0.492 3.0234e-07)
    (0.493 1.0447e-06)
    (0.494 1.9813e-06)
    (0.495 3.1367e-06)
    (0.496 4.5296e-06)
    (0.497 6.1401e-06)
    (0.498 7.933e-06)
    (0.499 9.8729e-06)
    (0.5 1.1924e-05)
    (0.501 1.4052e-05)
    (0.502 1.6221e-05)
    (0.503 1.8396e-05)
    (0.504 2.0541e-05)
    (0.505 2.2635e-05)
    (0.506 2.4711e-05)
    (0.507 2.6809e-05)
    (0.508 2.8972e-05)
    (0.509 3.1242e-05)
    (0.51 3.3662e-05)
    (0.511 3.6272e-05)
    (0.512 3.9116e-05)
    (0.513 4.2212e-05)
    (0.514 4.554e-05)
    (0.515 4.9075e-05)
    (0.516 5.2793e-05)
    (0.517 5.6667e-05)
    (0.518 6.0673e-05)
    (0.519 6.4786e-05)
    (0.52 6.8981e-05)
    (0.521 7.3234e-05)
    (0.522 7.752e-05)
    (0.523 8.1815e-05)
    (0.524 8.6094e-05)
    (0.525 9.0334e-05)
    (0.526 9.4511e-05)
    (0.527 9.8621e-05)
    (0.528 0.00010268)
    (0.529 0.00010669)
    (0.53 0.00011067)
    (0.531 0.00011464)
    (0.532 0.00011859)
    (0.533 0.00012254)
    (0.534 0.00012649)
    (0.535 0.00013042)
    (0.536 0.00013432)
    (0.537 0.00013818)
    (0.538 0.00014199)
    (0.539 0.00014574)
    (0.54 0.00014942)
    (0.541 0.00015303)
    (0.542 0.00015658)
    (0.543 0.00016007)
    (0.544 0.00016349)
    (0.545 0.00016685)
    (0.546 0.00017016)
    (0.547 0.0001734)
    (0.548 0.00017656)
    (0.549 0.00017961)
    (0.55 0.00018253)
    (0.551 0.00018531)
    (0.552 0.00018792)
    (0.553 0.00019034)
    (0.554 0.00019257)
    (0.555 0.0001946)
    (0.556 0.00019646)
    (0.557 0.00019816)
    (0.558 0.0001997)
    (0.559 0.0002011)
    (0.56 0.00020237)
    (0.561 0.00020352)
    (0.562 0.00020456)
    (0.563 0.0002055)
    (0.564 0.00020631)
    (0.565 0.00020699)
    (0.566 0.00020752)
    (0.567 0.00020788)
    (0.568 0.00020807)
    (0.569 0.00020807)
    (0.57 0.00020787)
    (0.571 0.00020746)
    (0.572 0.00020686)
    (0.573 0.00020609)
    (0.574 0.00020517)
    (0.575 0.00020411)
    (0.576 0.00020294)
    (0.577 0.00020166)
    (0.578 0.0002003)
    (0.579 0.00019887)
    (0.58 0.00019739)
    (0.581 0.00019583)
    (0.582 0.00019418)
    (0.583 0.00019244)
    (0.584 0.00019059)
    (0.585 0.00018862)
    (0.586 0.00018651)
    (0.587 0.00018424)
    (0.588 0.00018182)
    (0.589 0.00017922)
    (0.59 0.00017643)
    (0.591 0.00017346)
    (0.592 0.0001703)
    (0.593 0.00016692)
    (0.594 0.00016334)
    (0.595 0.00015954)
    (0.596 0.00015553)
    (0.597 0.00015138)
    (0.598 0.00014717)
    (0.599 0.00014297)
    (0.6 0.00013885)
    (0.601 0.00013489)
    (0.602 0.00013116)
    (0.603 0.00012761)
    (0.604 0.00012419)
    (0.605 0.00012084)
    (0.606 0.00011749)
    (0.607 0.00011409)
    (0.608 0.00011056)
    (0.609 0.00010687)
    (0.61 0.00010302)
    (0.611 9.9022e-05)
    (0.612 9.4894e-05)
    (0.613 9.0652e-05)
    (0.614 8.6312e-05)
    (0.615 8.1898e-05)
    (0.616 7.7449e-05)
    (0.617 7.3006e-05)
    (0.618 6.8613e-05)
    (0.619 6.4309e-05)
    (0.62 6.0138e-05)
    (0.621 5.614e-05)
    (0.622 5.2359e-05)
    (0.623 4.8827e-05)
    (0.624 4.5536e-05)
    (0.625 4.2464e-05)
    (0.626 3.9591e-05)
    (0.627 3.6895e-05)
    (0.628 3.4354e-05)
    (0.629 3.1947e-05)
    (0.63 2.9652e-05)
    (0.631 2.7449e-05)
    (0.632 2.533e-05)
    (0.633 2.3286e-05)
    (0.634 2.131e-05)
    (0.635 1.9395e-05)
    (0.636 1.7533e-05)
    (0.637 1.5717e-05)
    (0.638 1.3938e-05)
    (0.639 1.2191e-05)
    (0.64 1.0468e-05)
    (0.641 8.7799e-06)
    (0.642 7.1499e-06)
    (0.643 5.6022e-06)
    (0.644 4.1607e-06)
    (0.645 2.8495e-06)
    (0.646 0)
    (0.647 0)
    (0.648 0)
    (0.649 0)
    (0.65 0)
    (0.651 0)
    (0.652 0)
    (0.653 0)
    (0.654 0)
    (0.655 0)
    (0.656 0)
    (0.657 0)
    (0.658 0)
    (0.659 0)
    (0.66 0)
    (0.661 0)
    (0.662 0)
    (0.663 0)
    (0.664 0)
    (0.665 0)
    (0.666 0)
    (0.667 0)
    (0.668 0)
    (0.669 0)
    (0.67 0)
    (0.671 0)
    (0.672 0)
    (0.673 0)
    (0.674 0)
    (0.675 0)
    (0.676 -8.796e-08)
    (0.677 -6.8523e-07)
    (0.678 -1.4262e-06)
    (0.679 -2.3053e-06)
    (0.68 -3.317e-06)
    (0.681 -4.4557e-06)
    (0.682 -5.7159e-06)
    (0.683 -7.0913e-06)
    (0.684 -8.5699e-06)
    (0.685 -1.0137e-05)
    (0.686 -1.1776e-05)
    (0.687 -1.3474e-05)
    (0.688 -1.5213e-05)
    (0.689 -1.6981e-05)
    (0.69 -1.876e-05)
    (0.691 -2.0536e-05)
    (0.692 -2.2301e-05)
    (0.693 -2.4075e-05)
    (0.694 -2.5883e-05)
    (0.695 -2.7749e-05)
    (0.696 -2.9697e-05)
    (0.697 -3.1753e-05)
    (0.698 -3.3941e-05)
    (0.699 -3.6286e-05)
    (0.7 -3.8812e-05)
    (0.701 -4.1544e-05)
    (0.702 -4.4506e-05)
    (0.703 -4.7694e-05)
    (0.704 -5.1084e-05)
    (0.705 -5.4647e-05)
    (0.706 -5.8357e-05)
    (0.707 -6.2185e-05)
    (0.708 -6.6104e-05)
    (0.709 -7.0088e-05)
    (0.71 -7.4119e-05)
    (0.711 -7.8202e-05)
    (0.712 -8.2343e-05)
    (0.713 -8.6547e-05)
    (0.714 -9.0821e-05)
    (0.715 -9.5169e-05)
    (0.716 -9.9596e-05)
    (0.717 -0.0001041)
    (0.718 -0.00010868)
    (0.719 -0.00011333)
    (0.72 -0.00011804)
    (0.721 -0.00012281)
    (0.722 -0.00012764)
    (0.723 -0.00013251)
    (0.724 -0.00013739)
    (0.725 -0.00014224)
    (0.726 -0.00014705)
    (0.727 -0.00015177)
    (0.728 -0.00015638)
    (0.729 -0.00016093)
    (0.73 -0.00016555)
    (0.731 -0.00017039)
    (0.732 -0.00017559)
    (0.733 -0.00018128)
    (0.734 -0.00018744)
    (0.735 -0.0001938)
    (0.736 -0.00020011)
    (0.737 -0.00020611)
    (0.738 -0.00021163)
    (0.739 -0.00021679)
    (0.74 -0.00022176)
    (0.741 -0.00022672)
    (0.742 -0.00023185)
    (0.743 -0.00023726)
    (0.744 -0.00024289)
    (0.745 -0.00024864)
    (0.746 -0.00025439)
    (0.747 -0.00026002)
    (0.748 -0.00026546)
    (0.749 -0.00027083)
    (0.75 -0.00027626)
    (0.751 -0.00028192)
    (0.752 -0.00028797)
    (0.753 -0.00029452)
    (0.754 -0.00030145)
    (0.755 -0.00030858)
    (0.756 -0.00031571)
    (0.757 -0.00032264)
    (0.758 -0.00032919)
    (0.759 -0.00033537)
    (0.76 -0.00034121)
    (0.761 -0.00034679)
    (0.762 -0.00035216)
    (0.763 -0.00035733)
    (0.764 -0.00036228)
    (0.765 -0.00036698)
    (0.766 -0.0003714)
    (0.767 -0.00037551)
    (0.768 -0.00037927)
    (0.769 -0.00038268)
    (0.77 -0.00038579)
    (0.771 -0.00038865)
    (0.772 -0.00039134)
    (0.773 -0.00039392)
    (0.774 -0.00039646)
    (0.775 -0.00039903)
    (0.776 -0.00040169)
    (0.777 -0.00040443)
    (0.778 -0.00040724)
    (0.779 -0.00041007)
    (0.78 -0.00041289)
    (0.781 -0.00041567)
    (0.782 -0.00041837)
    (0.783 -0.00042098)
    (0.784 -0.00042346)
    (0.785 -0.00042584)
    (0.786 -0.00042812)
    (0.787 -0.0004303)
    (0.788 -0.00043239)
    (0.789 -0.00043441)
    (0.79 -0.00043635)
    (0.791 -0.00043823)
    (0.792 -0.00044004)
    (0.793 -0.00044178)
    (0.794 -0.00044341)
    (0.795 -0.0004449)
    (0.796 -0.00044623)
    (0.797 -0.00044738)
    (0.798 -0.00044833)
    (0.799 -0.00044911)
    (0.8 -0.00044971)
    (0.801 -0.00045016)
    (0.802 -0.00045045)
    (0.803 -0.0004506)
    (0.804 -0.00045061)
    (0.805 -0.0004505)
    (0.806 -0.00045028)
    (0.807 -0.00044995)
    (0.808 -0.00044953)
    (0.809 -0.00044901)
    (0.81 -0.00044842)
    (0.811 -0.00044776)
    (0.812 -0.00044701)
    (0.813 -0.00044615)
    (0.814 -0.00044513)
    (0.815 -0.00044394)
    (0.816 -0.00044253)
    (0.817 -0.00044088)
    (0.818 -0.00043895)
    (0.819 -0.00043672)
    (0.82 -0.00043419)
    (0.821 -0.0004314)
    (0.822 -0.0004284)
    (0.823 -0.00042525)
    (0.824 -0.000422)
    (0.825 -0.00041868)
    (0.826 -0.00041536)
    (0.827 -0.00041207)
    (0.828 -0.00040885)
    (0.829 -0.0004057)
    (0.83 -0.00040261)
    (0.831 -0.00039958)
    (0.832 -0.00039662)
    (0.833 -0.00039373)
    (0.834 -0.00039089)
    (0.835 -0.00038813)
    (0.836 -0.00038542)
    (0.837 -0.00038277)
    (0.838 -0.00038016)
    (0.839 -0.00037761)
    (0.84 -0.00037509)
    (0.841 -0.0003726)
    (0.842 -0.00037014)
    (0.843 -0.0003677)
    (0.844 -0.00036528)
    (0.845 -0.0003629)
    (0.846 -0.00036056)
    (0.847 -0.00035829)
    (0.848 -0.00035609)
    (0.849 -0.000354)
    (0.85 -0.00035202)
    (0.851 -0.00035018)
    (0.852 -0.00034848)
    (0.853 -0.00034694)
    (0.854 -0.00034551)
    (0.855 -0.00034418)
    (0.856 -0.00034289)
    (0.857 -0.00034162)
    (0.858 -0.00034033)
    (0.859 -0.00033898)
    (0.86 -0.00033754)
    (0.861 -0.00033598)
    (0.862 -0.00033431)
    (0.863 -0.00033256)
    (0.864 -0.00033079)
    (0.865 -0.00032902)
    (0.866 -0.0003273)
    (0.867 -0.00032568)
    (0.868 -0.00032418)
    (0.869 -0.00032286)
    (0.87 -0.0003217)
    (0.871 -0.00032067)
    (0.872 -0.0003197)
    (0.873 -0.00031875)
    (0.874 -0.00031777)
    (0.875 -0.00031671)
    (0.876 -0.00031557)
    (0.877 -0.00031434)
    (0.878 -0.00031303)
    (0.879 -0.00031164)
    (0.88 -0.00031017)
    (0.881 -0.00030862)
    (0.882 -0.00030699)
    (0.883 -0.00030529)
    (0.884 -0.00030352)
    (0.885 -0.00030167)
    (0.886 -0.00029975)
    (0.887 -0.00029776)
    (0.888 -0.0002957)
    (0.889 -0.00029358)
    (0.89 -0.00029139)
    (0.891 -0.00028914)
    (0.892 -0.00028682)
    (0.893 -0.00028445)
    (0.894 -0.00028202)
    (0.895 -0.00027953)
    (0.896 -0.00027698)
    (0.897 -0.0002744)
    (0.898 -0.00027182)
    (0.899 -0.00026925)
    (0.9 -0.00026673)
    (0.901 -0.00026428)
    (0.902 -0.00026192)
    (0.903 -0.00025969)
    (0.904 -0.0002576)
    (0.905 -0.00025565)
    (0.906 -0.00025381)
    (0.907 -0.00025206)
    (0.908 -0.00025035)
    (0.909 -0.00024864)
    (0.91 -0.00024692)
    (0.911 -0.00024513)
    (0.912 -0.00024326)
    (0.913 -0.00024126)
    (0.914 -0.00023914)
    (0.915 -0.00023692)
    (0.916 -0.00023462)
    (0.917 -0.00023225)
    (0.918 -0.00022984)
    (0.919 -0.0002274)
    (0.92 -0.00022494)
    (0.921 -0.0002225)
    (0.922 -0.00022008)
    (0.923 -0.00021769)
    (0.924 -0.00021531)
    (0.925 -0.00021295)
    (0.926 -0.00021061)
    (0.927 -0.00020828)
    (0.928 -0.00020596)
    (0.929 -0.00020365)
    (0.93 -0.00020134)
    (0.931 -0.00019904)
    (0.932 -0.00019672)
    (0.933 -0.00019439)
    (0.934 -0.00019203)
    (0.935 -0.00018964)
    (0.936 -0.0001872)
    (0.937 -0.0001847)
    (0.938 -0.00018215)
    (0.939 -0.00017952)
    (0.94 -0.00017683)
    (0.941 -0.00017411)
    (0.942 -0.00017138)
    (0.943 -0.00016865)
    (0.944 -0.00016595)
    (0.945 -0.0001633)
    (0.946 -0.00016071)
    (0.947 -0.00015821)
    (0.948 -0.0001558)
    (0.949 -0.00015346)
    (0.95 -0.00015116)
    (0.951 -0.00014889)
    (0.952 -0.00014664)
    (0.953 -0.00014438)
    (0.954 -0.0001421)
    (0.955 -0.00013977)
    (0.956 -0.00013738)
    (0.957 -0.00013492)
    (0.958 -0.00013236)
    (0.959 -0.00012972)
    (0.96 -0.00012702)
    (0.961 -0.00012427)
    (0.962 -0.00012148)
    (0.963 -0.00011867)
    (0.964 -0.00011586)
    (0.965 -0.00011305)
    (0.966 -0.00011026)
    (0.967 -0.00010749)
    (0.968 -0.00010473)
    (0.969 -0.00010196)
    (0.97 -9.9159e-05)
    (0.971 -9.6322e-05)
    (0.972 -9.3429e-05)
    (0.973 -9.0465e-05)
    (0.974 -8.7415e-05)
    (0.975 -8.4275e-05)
    (0.976 -8.1051e-05)
    (0.977 -7.7747e-05)
    (0.978 -7.4371e-05)
    (0.979 -7.0926e-05)
    (0.98 -6.742e-05)
    (0.981 -6.3857e-05)
    (0.982 -6.0258e-05)
    (0.983 -5.6661e-05)
    (0.984 -5.3106e-05)
    (0.985 -4.9633e-05)
    (0.986 -4.6283e-05)
    (0.987 -4.3095e-05)
    (0.988 -4.0111e-05)
    (0.989 -3.7368e-05)
    (0.99 -3.4855e-05)
    (0.991 -3.2504e-05)
    (0.992 -3.0241e-05)
    (0.993 -2.7994e-05)
    (0.994 -2.5692e-05)
    (0.995 -2.3261e-05)
    (0.996 -2.0629e-05)
    (0.997 -1.7724e-05)
    (0.998 -1.4474e-05)
    (0.999 -1.0806e-05)
    (1 0)
    (1.001 0)
    (1.002 0)
    (1.003 0)
    (1.004 1.6589e-07)
    (1.005 8.2288e-07)
    (1.006 1.4955e-06)
    (1.007 2.1933e-06)
    (1.008 2.9259e-06)
    (1.009 3.7029e-06)
    (1.01 4.534e-06)
    (1.011 5.4287e-06)
    (1.012 6.3967e-06)
    (1.013 7.4476e-06)
    (1.014 8.5909e-06)
    (1.015 9.8364e-06)
    (1.016 1.1194e-05)
    (1.017 1.2672e-05)
    (1.018 1.4282e-05)
    (1.019 1.6032e-05)
    (1.02 1.7927e-05)
    (1.021 1.9948e-05)
    (1.022 2.2063e-05)
    (1.023 2.4246e-05)
    (1.024 2.6465e-05)
    (1.025 2.8692e-05)
    (1.026 3.0899e-05)
    (1.027 3.3054e-05)
    (1.028 3.5131e-05)
    (1.029 3.7116e-05)
    (1.03 3.9049e-05)
    (1.031 4.0977e-05)
    (1.032 4.2948e-05)
    (1.033 4.501e-05)
    (1.034 4.7209e-05)
    (1.035 4.9595e-05)
    (1.036 5.2213e-05)
    (1.037 5.5109e-05)
    (1.038 5.8272e-05)
    (1.039 6.1655e-05)
    (1.04 6.5208e-05)
    (1.041 6.8882e-05)
    (1.042 7.2627e-05)
    (1.043 7.6393e-05)
    (1.044 8.0131e-05)
    (1.045 8.3793e-05)
    (1.046 8.7327e-05)
    (1.047 9.0688e-05)
    (1.048 9.3869e-05)
    (1.049 9.6902e-05)
    (1.05 9.982e-05)
    (1.051 0.00010266)
    (1.052 0.00010545)
    (1.053 0.00010822)
    (1.054 0.00011101)
    (1.055 0.00011386)
    (1.056 0.00011679)
    (1.057 0.00011984)
    (1.058 0.00012306)
    (1.059 0.00012648)
    (1.06 0.00013014)
    (1.061 0.00013408)
    (1.062 0.00013833)
    (1.063 0.00014287)
    (1.064 0.0001476)
    (1.065 0.0001524)
    (1.066 0.00015719)
    (1.067 0.00016184)
    (1.068 0.00016625)
    (1.069 0.00017035)
    (1.07 0.00017416)
    (1.071 0.00017775)
    (1.072 0.00018119)
    (1.073 0.00018454)
    (1.074 0.00018786)
    (1.075 0.00019123)
    (1.076 0.00019471)
    (1.077 0.00019831)
    (1.078 0.00020202)
    (1.079 0.00020585)
    (1.08 0.00020977)
    (1.081 0.0002138)
    (1.082 0.00021792)
    (1.083 0.00022212)
    (1.084 0.00022641)
    (1.085 0.00023073)
    (1.086 0.00023504)
    (1.087 0.00023929)
    (1.088 0.00024343)
    (1.089 0.00024741)
    (1.09 0.00025119)
    (1.091 0.00025475)
    (1.092 0.00025815)
    (1.093 0.00026144)
    (1.094 0.00026469)
    (1.095 0.00026794)
    (1.096 0.00027126)
    (1.097 0.00027469)
    (1.098 0.00027822)
    (1.099 0.00028182)
    (1.1 0.00028546)
    (1.101 0.00028912)
    (1.102 0.00029276)
    (1.103 0.00029636)
    (1.104 0.00029988)
    (1.105 0.0003033)
    (1.106 0.00030662)
    (1.107 0.00030984)
    (1.108 0.00031298)
    (1.109 0.00031602)
    (1.11 0.00031898)
    (1.111 0.00032187)
    (1.112 0.00032467)
    (1.113 0.00032741)
    (1.114 0.00033008)
    (1.115 0.0003327)
    (1.116 0.00033526)
    (1.117 0.00033778)
    (1.118 0.00034027)
    (1.119 0.00034272)
    (1.12 0.00034516)
    (1.121 0.00034757)
    (1.122 0.00034998)
    (1.123 0.00035238)
    (1.124 0.00035477)
    (1.125 0.00035713)
    (1.126 0.00035946)
    (1.127 0.00036177)
    (1.128 0.00036403)
    (1.129 0.00036625)
    (1.13 0.00036842)
    (1.131 0.00037053)
    (1.132 0.00037257)
    (1.133 0.00037454)
    (1.134 0.00037642)
    (1.135 0.00037819)
    (1.136 0.00037986)
    (1.137 0.00038141)
    (1.138 0.00038282)
    (1.139 0.00038409)
    (1.14 0.00038522)
    (1.141 0.0003862)
    (1.142 0.00038706)
    (1.143 0.0003878)
    (1.144 0.00038843)
    (1.145 0.00038896)
    (1.146 0.00038939)
    (1.147 0.00038973)
    (1.148 0.00039)
    (1.149 0.0003902)
    (1.15 0.00039034)
    (1.151 0.00039042)
    (1.152 0.00039045)
    (1.153 0.00039043)
    (1.154 0.00039038)
    (1.155 0.0003903)
    (1.156 0.00039019)
    (1.157 0.00039007)
    (1.158 0.00038991)
    (1.159 0.00038974)
    (1.16 0.00038953)
    (1.161 0.00038928)
    (1.162 0.000389)
    (1.163 0.00038867)
    (1.164 0.00038829)
    (1.165 0.00038786)
    (1.166 0.00038738)
    (1.167 0.00038681)
    (1.168 0.00038614)
    (1.169 0.00038537)
    (1.17 0.00038446)
    (1.171 0.00038341)
    (1.172 0.0003822)
    (1.173 0.00038081)
    (1.174 0.00037923)
    (1.175 0.00037746)
    (1.176 0.00037553)
    (1.177 0.00037346)
    (1.178 0.00037127)
    (1.179 0.00036898)
    (1.18 0.00036661)
    (1.181 0.00036419)
    (1.182 0.00036173)
    (1.183 0.00035925)
    (1.184 0.00035677)
    (1.185 0.0003543)
    (1.186 0.00035183)
    (1.187 0.00034939)
    (1.188 0.00034697)
    (1.189 0.00034459)
    (1.19 0.00034226)
    (1.191 0.00033998)
    (1.192 0.00033774)
    (1.193 0.00033551)
    (1.194 0.00033324)
    (1.195 0.00033091)
    (1.196 0.00032846)
    (1.197 0.00032587)
    (1.198 0.00032309)
    (1.199 0.00032009)
    (1.2 0.00031684)
    (1.201 0.00031339)
    (1.202 0.00030978)
    (1.203 0.00030606)
    (1.204 0.00030228)
    (1.205 0.00029848)
    (1.206 0.00029471)
    (1.207 0.00029102)
    (1.208 0.00028745)
    (1.209 0.00028399)
    (1.21 0.00028063)
    (1.211 0.00027734)
    (1.212 0.00027411)
    (1.213 0.00027091)
    (1.214 0.00026773)
    (1.215 0.00026454)
    (1.216 0.00026132)
    (1.217 0.00025804)
    (1.218 0.00025467)
    (1.219 0.00025118)
    (1.22 0.00024755)
    (1.221 0.00024373)
    (1.222 0.00023971)
    (1.223 0.0002355)
    (1.224 0.00023114)
    (1.225 0.00022672)
    (1.226 0.00022229)
    (1.227 0.00021792)
    (1.228 0.00021367)
    (1.229 0.00020959)
    (1.23 0.00020566)
    (1.231 0.00020185)
    (1.232 0.00019812)
    (1.233 0.00019444)
    (1.234 0.00019078)
    (1.235 0.00018712)
    (1.236 0.00018345)
    (1.237 0.00017979)
    (1.238 0.00017614)
    (1.239 0.0001725)
    (1.24 0.00016889)
    (1.241 0.00016531)
    (1.242 0.00016176)
    (1.243 0.00015822)
    (1.244 0.00015465)
    (1.245 0.00015103)
    (1.246 0.00014731)
    (1.247 0.00014346)
    (1.248 0.00013945)
    (1.249 0.00013528)
    (1.25 0.00013103)
    (1.251 0.00012676)
    (1.252 0.00012255)
    (1.253 0.00011848)
    (1.254 0.00011461)
    (1.255 0.00011102)
    (1.256 0.00010768)
    (1.257 0.00010453)
    (1.258 0.00010151)
    (1.259 9.8581e-05)
    (1.26 9.5671e-05)
    (1.261 9.2727e-05)
    (1.262 8.9693e-05)
    (1.263 8.6523e-05)
    (1.264 8.3231e-05)
    (1.265 7.9857e-05)
    (1.266 7.6437e-05)
    (1.267 7.3011e-05)
    (1.268 6.9616e-05)
    (1.269 6.629e-05)
    (1.27 6.3072e-05)
    (1.271 5.9992e-05)
    (1.272 5.705e-05)
    (1.273 5.4232e-05)
    (1.274 5.1526e-05)
    (1.275 4.892e-05)
    (1.276 4.6402e-05)
    (1.277 4.3958e-05)
    (1.278 4.1576e-05)
    (1.279 3.9244e-05)
    (1.28 3.6952e-05)
    (1.281 3.4702e-05)
    (1.282 3.2503e-05)
    (1.283 3.0365e-05)
    (1.284 2.8295e-05)
    (1.285 2.6302e-05)
    (1.286 2.4396e-05)
    (1.287 2.2586e-05)
    (1.288 2.0879e-05)
    (1.289 1.9271e-05)
    (1.29 1.7749e-05)
    (1.291 1.6299e-05)
    (1.292 1.4908e-05)
    (1.293 1.3562e-05)
    (1.294 1.2246e-05)
    (1.295 1.0948e-05)
    (1.296 9.6537e-06)
    (1.297 8.3533e-06)
    (1.298 7.0592e-06)
    (1.299 5.7907e-06)
    (1.3 4.567e-06)
    (1.301 3.4072e-06)
    (1.302 2.3306e-06)
    (1.303 0)
    (1.304 0)
    (1.305 0)
    (1.306 0)
    (1.307 0)
    (1.308 0)
    (1.309 0)
    (1.31 0)
    (1.311 0)
    (1.312 0)
    (1.313 0)
    (1.314 0)
    (1.315 0)
    (1.316 0)
    (1.317 0)
    (1.318 0)
    (1.319 0)
    (1.32 0)
    (1.321 0)
    (1.322 0)
    (1.323 0)
    (1.324 0)
    (1.325 0)
    (1.326 0)
    (1.327 0)
    (1.328 0)
    (1.329 0)
    (1.33 0)
    (1.331 0)
    (1.332 0)
    (1.333 0)
    (1.334 0)
    (1.335 0)
    (1.336 0)
    (1.337 0)
    (1.338 0)
    (1.339 0)
    (1.34 0)
    (1.341 0)
    (1.342 0)
    (1.343 0)
    (1.344 0)
    (1.345 0)
    (1.346 0)
    (1.347 0)
    (1.348 0)
    (1.349 0)
    (1.35 0)
    (1.351 0)
    (1.352 0)
    (1.353 0)
    (1.354 0)
    (1.355 0)
    (1.356 0)
    (1.357 0)
    (1.358 0)
    (1.359 0)
    (1.36 0)
    (1.361 0)
    (1.362 0)
    (1.363 0)
    (1.364 0)
    (1.365 0)
    (1.366 0)
    (1.367 0)
    (1.368 0)
    (1.369 0)
    (1.37 0)
    (1.371 0)
    (1.372 0)
    (1.373 0)
    (1.374 0)
    (1.375 0)
    (1.376 0)
    (1.377 0)
    (1.378 0)
    (1.379 0)
    (1.38 0)
    (1.381 0)
    (1.382 0)
    (1.383 0)
    (1.384 0)
    (1.385 0)
    (1.386 0)
    (1.387 0)
    (1.388 0)
    (1.389 0)
    (1.39 0)
    (1.391 0)
    (1.392 0)
    (1.393 0)
    (1.394 0)
    (1.395 0)
    (1.396 0)
    (1.397 0)
    (1.398 0)
    (1.399 0)
    (1.4 0)
    (1.401 0)
    (1.402 0)
    (1.403 0)
    (1.404 0)
    (1.405 0)
    (1.406 0)
    (1.407 0)
    (1.408 0)
    (1.409 0)
    (1.41 0)
    (1.411 0)
    (1.412 0)
    (1.413 0)
    (1.414 0)
    (1.415 0)
    (1.416 0)
    (1.417 0)
    (1.418 0)
    (1.419 0)
    (1.42 0)
    (1.421 0)
    (1.422 0)
    (1.423 0)
    (1.424 0)
    (1.425 0)
    (1.426 0)
    (1.427 0)
    (1.428 0)
    (1.429 0)
    (1.43 0)
    (1.431 0)
    (1.432 0)
    (1.433 0)
    (1.434 0)
    (1.435 0)
    (1.436 0)
    (1.437 0)
    (1.438 0)
    (1.439 0)
    (1.44 0)
    (1.441 0)
    (1.442 0)
    (1.443 0)
    (1.444 0)
    (1.445 0)
    (1.446 0)
    (1.447 0)
    (1.448 0)
    (1.449 0)
    (1.45 0)
    (1.451 0)
    (1.452 0)
    (1.453 0)
    (1.454 0)
    (1.455 0)
    (1.456 0)
    (1.457 0)
    (1.458 0)
    (1.459 0)
    (1.46 0)
    (1.461 0)
    (1.462 0)
    (1.463 0)
    (1.464 0)
    (1.465 0)
    (1.466 0)
    (1.467 0)
    (1.468 0)
    (1.469 0)
    (1.47 0)
    (1.471 0)
    (1.472 0)
    (1.473 0)
    (1.474 0)
    (1.475 0)
    (1.476 0)
    (1.477 0)
    (1.478 0)
    (1.479 0)
    (1.48 0)
    (1.481 0)
    (1.482 0)
    (1.483 0)
    (1.484 0)
    (1.485 0)
    (1.486 0)
    (1.487 0)
    (1.488 0)
    (1.489 0)
    (1.49 0)
    (1.491 0)
    (1.492 3.0234e-07)
    (1.493 1.0447e-06)
    (1.494 1.9813e-06)
    (1.495 3.1367e-06)
    (1.496 4.5296e-06)
    (1.497 6.1401e-06)
    (1.498 7.933e-06)
    (1.499 9.8729e-06)
    (1.5 1.1924e-05)
    (1.501 1.4052e-05)
    (1.502 1.6221e-05)
    (1.503 1.8396e-05)
    (1.504 2.0541e-05)
    (1.505 2.2635e-05)
    (1.506 2.4711e-05)
    (1.507 2.6809e-05)
    (1.508 2.8972e-05)
    (1.509 3.1242e-05)
    (1.51 3.3662e-05)
    (1.511 3.6272e-05)
    (1.512 3.9116e-05)
    (1.513 4.2212e-05)
    (1.514 4.554e-05)
    (1.515 4.9075e-05)
    (1.516 5.2793e-05)
    (1.517 5.6667e-05)
    (1.518 6.0673e-05)
    (1.519 6.4786e-05)
    (1.52 6.8981e-05)
    (1.521 7.3234e-05)
    (1.522 7.752e-05)
    (1.523 8.1815e-05)
    (1.524 8.6094e-05)
    (1.525 9.0334e-05)
    (1.526 9.4511e-05)
    (1.527 9.8621e-05)
    (1.528 0.00010268)
    (1.529 0.00010669)
    (1.53 0.00011067)
    (1.531 0.00011464)
    (1.532 0.00011859)
    (1.533 0.00012254)
    (1.534 0.00012649)
    (1.535 0.00013042)
    (1.536 0.00013432)
    (1.537 0.00013818)
    (1.538 0.00014199)
    (1.539 0.00014574)
    (1.54 0.00014942)
    (1.541 0.00015303)
    (1.542 0.00015658)
    (1.543 0.00016007)
    (1.544 0.00016349)
    (1.545 0.00016685)
    (1.546 0.00017016)
    (1.547 0.0001734)
    (1.548 0.00017656)
    (1.549 0.00017961)
    (1.55 0.00018253)
    (1.551 0.00018531)
    (1.552 0.00018792)
    (1.553 0.00019034)
    (1.554 0.00019257)
    (1.555 0.0001946)
    (1.556 0.00019646)
    (1.557 0.00019816)
    (1.558 0.0001997)
    (1.559 0.0002011)
    (1.56 0.00020237)
    (1.561 0.00020352)
    (1.562 0.00020456)
    (1.563 0.0002055)
    (1.564 0.00020631)
    (1.565 0.00020699)
    (1.566 0.00020752)
    (1.567 0.00020788)
    (1.568 0.00020807)
    (1.569 0.00020807)
    (1.57 0.00020787)
    (1.571 0.00020746)
    (1.572 0.00020686)
    (1.573 0.00020609)
    (1.574 0.00020517)
    (1.575 0.00020411)
    (1.576 0.00020294)
    (1.577 0.00020166)
    (1.578 0.0002003)
    (1.579 0.00019887)
    (1.58 0.00019739)
    (1.581 0.00019583)
    (1.582 0.00019418)
    (1.583 0.00019244)
    (1.584 0.00019059)
    (1.585 0.00018862)
    (1.586 0.00018651)
    (1.587 0.00018424)
    (1.588 0.00018182)
    (1.589 0.00017922)
    (1.59 0.00017643)
    (1.591 0.00017346)
    (1.592 0.0001703)
    (1.593 0.00016692)
    (1.594 0.00016334)
    (1.595 0.00015954)
    (1.596 0.00015553)
    (1.597 0.00015138)
    (1.598 0.00014717)
    (1.599 0.00014297)
    (1.6 0.00013885)
    (1.601 0.00013489)
    (1.602 0.00013116)
    (1.603 0.00012761)
    (1.604 0.00012419)
    (1.605 0.00012084)
    (1.606 0.00011749)
    (1.607 0.00011409)
    (1.608 0.00011056)
    (1.609 0.00010687)
    (1.61 0.00010302)
    (1.611 9.9022e-05)
    (1.612 9.4894e-05)
    (1.613 9.0652e-05)
    (1.614 8.6312e-05)
    (1.615 8.1898e-05)
    (1.616 7.7449e-05)
    (1.617 7.3006e-05)
    (1.618 6.8613e-05)
    (1.619 6.4309e-05)
    (1.62 6.0138e-05)
    (1.621 5.614e-05)
    (1.622 5.2359e-05)
    (1.623 4.8827e-05)
    (1.624 4.5536e-05)
    (1.625 4.2464e-05)
    (1.626 3.9591e-05)
    (1.627 3.6895e-05)
    (1.628 3.4354e-05)
    (1.629 3.1947e-05)
    (1.63 2.9652e-05)
    (1.631 2.7449e-05)
    (1.632 2.533e-05)
    (1.633 2.3286e-05)
    (1.634 2.131e-05)
    (1.635 1.9395e-05)
    (1.636 1.7533e-05)
    (1.637 1.5717e-05)
    (1.638 1.3938e-05)
    (1.639 1.2191e-05)
    (1.64 1.0468e-05)
    (1.641 8.7799e-06)
    (1.642 7.1499e-06)
    (1.643 5.6022e-06)
    (1.644 4.1607e-06)
    (1.645 2.8495e-06)
    (1.646 0)
    (1.647 0)
    (1.648 0)
    (1.649 0)
    (1.65 0)
    (1.651 0)
    (1.652 0)
    (1.653 0)
    (1.654 0)
    (1.655 0)
    (1.656 0)
    (1.657 0)
    (1.658 0)
    (1.659 0)
    (1.66 0)
    (1.661 0)
    (1.662 0)
    (1.663 0)
    (1.664 0)
    (1.665 0)
    (1.666 0)
    (1.667 0)
    (1.668 0)
    (1.669 0)
    (1.67 0)
    (1.671 0)
    (1.672 0)
    (1.673 0)
    (1.674 0)
    (1.675 0)
    (1.676 -8.796e-08)
    (1.677 -6.8523e-07)
    (1.678 -1.4262e-06)
    (1.679 -2.3053e-06)
    (1.68 -3.317e-06)
    (1.681 -4.4557e-06)
    (1.682 -5.7159e-06)
    (1.683 -7.0913e-06)
    (1.684 -8.5699e-06)
    (1.685 -1.0137e-05)
    (1.686 -1.1776e-05)
    (1.687 -1.3474e-05)
    (1.688 -1.5213e-05)
    (1.689 -1.6981e-05)
    (1.69 -1.876e-05)
    (1.691 -2.0536e-05)
    (1.692 -2.2301e-05)
    (1.693 -2.4075e-05)
    (1.694 -2.5883e-05)
    (1.695 -2.7749e-05)
    (1.696 -2.9697e-05)
    (1.697 -3.1753e-05)
    (1.698 -3.3941e-05)
    (1.699 -3.6286e-05)
    (1.7 -3.8812e-05)
    (1.701 -4.1544e-05)
    (1.702 -4.4506e-05)
    (1.703 -4.7694e-05)
    (1.704 -5.1084e-05)
    (1.705 -5.4647e-05)
    (1.706 -5.8357e-05)
    (1.707 -6.2185e-05)
    (1.708 -6.6104e-05)
    (1.709 -7.0088e-05)
    (1.71 -7.4119e-05)
    (1.711 -7.8202e-05)
    (1.712 -8.2343e-05)
    (1.713 -8.6547e-05)
    (1.714 -9.0821e-05)
    (1.715 -9.5169e-05)
    (1.716 -9.9596e-05)
    (1.717 -0.0001041)
    (1.718 -0.00010868)
    (1.719 -0.00011333)
    (1.72 -0.00011804)
    (1.721 -0.00012281)
    (1.722 -0.00012764)
    (1.723 -0.00013251)
    (1.724 -0.00013739)
    (1.725 -0.00014224)
    (1.726 -0.00014705)
    (1.727 -0.00015177)
    (1.728 -0.00015638)
    (1.729 -0.00016093)
    (1.73 -0.00016555)
    (1.731 -0.00017039)
    (1.732 -0.00017559)
    (1.733 -0.00018128)
    (1.734 -0.00018744)
    (1.735 -0.0001938)
    (1.736 -0.00020011)
    (1.737 -0.00020611)
    (1.738 -0.00021163)
    (1.739 -0.00021679)
    (1.74 -0.00022176)
    (1.741 -0.00022672)
    (1.742 -0.00023185)
    (1.743 -0.00023726)
    (1.744 -0.00024289)
    (1.745 -0.00024864)
    (1.746 -0.00025439)
    (1.747 -0.00026002)
    (1.748 -0.00026546)
    (1.749 -0.00027083)
    (1.75 -0.00027626)
    (1.751 -0.00028192)
    (1.752 -0.00028797)
    (1.753 -0.00029452)
    (1.754 -0.00030145)
    (1.755 -0.00030858)
    (1.756 -0.00031571)
    (1.757 -0.00032264)
    (1.758 -0.00032919)
    (1.759 -0.00033537)
    (1.76 -0.00034121)
    (1.761 -0.00034679)
    (1.762 -0.00035216)
    (1.763 -0.00035733)
    (1.764 -0.00036228)
    (1.765 -0.00036698)
    (1.766 -0.0003714)
    (1.767 -0.00037551)
    (1.768 -0.00037927)
    (1.769 -0.00038268)
    (1.77 -0.00038579)
    (1.771 -0.00038865)
    (1.772 -0.00039134)
    (1.773 -0.00039392)
    (1.774 -0.00039646)
    (1.775 -0.00039903)
    (1.776 -0.00040169)
    (1.777 -0.00040443)
    (1.778 -0.00040724)
    (1.779 -0.00041007)
    (1.78 -0.00041289)
    (1.781 -0.00041567)
    (1.782 -0.00041837)
    (1.783 -0.00042098)
    (1.784 -0.00042346)
    (1.785 -0.00042584)
    (1.786 -0.00042812)
    (1.787 -0.0004303)
    (1.788 -0.00043239)
    (1.789 -0.00043441)
    (1.79 -0.00043635)
    (1.791 -0.00043823)
    (1.792 -0.00044004)
    (1.793 -0.00044178)
    (1.794 -0.00044341)
    (1.795 -0.0004449)
    (1.796 -0.00044623)
    (1.797 -0.00044738)
    (1.798 -0.00044833)
    (1.799 -0.00044911)
    (1.8 -0.00044971)
    (1.801 -0.00045016)
    (1.802 -0.00045045)
    (1.803 -0.0004506)
    (1.804 -0.00045061)
    (1.805 -0.0004505)
    (1.806 -0.00045028)
    (1.807 -0.00044995)
    (1.808 -0.00044953)
    (1.809 -0.00044901)
    (1.81 -0.00044842)
    (1.811 -0.00044776)
    (1.812 -0.00044701)
    (1.813 -0.00044615)
    (1.814 -0.00044513)
    (1.815 -0.00044394)
    (1.816 -0.00044253)
    (1.817 -0.00044088)
    (1.818 -0.00043895)
    (1.819 -0.00043672)
    (1.82 -0.00043419)
    (1.821 -0.0004314)
    (1.822 -0.0004284)
    (1.823 -0.00042525)
    (1.824 -0.000422)
    (1.825 -0.00041868)
    (1.826 -0.00041536)
    (1.827 -0.00041207)
    (1.828 -0.00040885)
    (1.829 -0.0004057)
    (1.83 -0.00040261)
    (1.831 -0.00039958)
    (1.832 -0.00039662)
    (1.833 -0.00039373)
    (1.834 -0.00039089)
    (1.835 -0.00038813)
    (1.836 -0.00038542)
    (1.837 -0.00038277)
    (1.838 -0.00038016)
    (1.839 -0.00037761)
    (1.84 -0.00037509)
    (1.841 -0.0003726)
    (1.842 -0.00037014)
    (1.843 -0.0003677)
    (1.844 -0.00036528)
    (1.845 -0.0003629)
    (1.846 -0.00036056)
    (1.847 -0.00035829)
    (1.848 -0.00035609)
    (1.849 -0.000354)
    (1.85 -0.00035202)
    (1.851 -0.00035018)
    (1.852 -0.00034848)
    (1.853 -0.00034694)
    (1.854 -0.00034551)
    (1.855 -0.00034418)
    (1.856 -0.00034289)
    (1.857 -0.00034162)
    (1.858 -0.00034033)
    (1.859 -0.00033898)
    (1.86 -0.00033754)
    (1.861 -0.00033598)
    (1.862 -0.00033431)
    (1.863 -0.00033256)
    (1.864 -0.00033079)
    (1.865 -0.00032902)
    (1.866 -0.0003273)
    (1.867 -0.00032568)
    (1.868 -0.00032418)
    (1.869 -0.00032286)
    (1.87 -0.0003217)
    (1.871 -0.00032067)
    (1.872 -0.0003197)
    (1.873 -0.00031875)
    (1.874 -0.00031777)
    (1.875 -0.00031671)
    (1.876 -0.00031557)
    (1.877 -0.00031434)
    (1.878 -0.00031303)
    (1.879 -0.00031164)
    (1.88 -0.00031017)
    (1.881 -0.00030862)
    (1.882 -0.00030699)
    (1.883 -0.00030529)
    (1.884 -0.00030352)
    (1.885 -0.00030167)
    (1.886 -0.00029975)
    (1.887 -0.00029776)
    (1.888 -0.0002957)
    (1.889 -0.00029358)
    (1.89 -0.00029139)
    (1.891 -0.00028914)
    (1.892 -0.00028682)
    (1.893 -0.00028445)
    (1.894 -0.00028202)
    (1.895 -0.00027953)
    (1.896 -0.00027698)
    (1.897 -0.0002744)
    (1.898 -0.00027182)
    (1.899 -0.00026925)
    (1.9 -0.00026673)
    (1.901 -0.00026428)
    (1.902 -0.00026192)
    (1.903 -0.00025969)
    (1.904 -0.0002576)
    (1.905 -0.00025565)
    (1.906 -0.00025381)
    (1.907 -0.00025206)
    (1.908 -0.00025035)
    (1.909 -0.00024864)
    (1.91 -0.00024692)
    (1.911 -0.00024513)
    (1.912 -0.00024326)
    (1.913 -0.00024126)
    (1.914 -0.00023914)
    (1.915 -0.00023692)
    (1.916 -0.00023462)
    (1.917 -0.00023225)
    (1.918 -0.00022984)
    (1.919 -0.0002274)
    (1.92 -0.00022494)
    (1.921 -0.0002225)
    (1.922 -0.00022008)
    (1.923 -0.00021769)
    (1.924 -0.00021531)
    (1.925 -0.00021295)
    (1.926 -0.00021061)
    (1.927 -0.00020828)
    (1.928 -0.00020596)
    (1.929 -0.00020365)
    (1.93 -0.00020134)
    (1.931 -0.00019904)
    (1.932 -0.00019672)
    (1.933 -0.00019439)
    (1.934 -0.00019203)
    (1.935 -0.00018964)
    (1.936 -0.0001872)
    (1.937 -0.0001847)
    (1.938 -0.00018215)
    (1.939 -0.00017952)
    (1.94 -0.00017683)
    (1.941 -0.00017411)
    (1.942 -0.00017138)
    (1.943 -0.00016865)
    (1.944 -0.00016595)
    (1.945 -0.0001633)
    (1.946 -0.00016071)
    (1.947 -0.00015821)
    (1.948 -0.0001558)
    (1.949 -0.00015346)
    (1.95 -0.00015116)
    (1.951 -0.00014889)
    (1.952 -0.00014664)
    (1.953 -0.00014438)
    (1.954 -0.0001421)
    (1.955 -0.00013977)
    (1.956 -0.00013738)
    (1.957 -0.00013492)
    (1.958 -0.00013236)
    (1.959 -0.00012972)
    (1.96 -0.00012702)
    (1.961 -0.00012427)
    (1.962 -0.00012148)
    (1.963 -0.00011867)
    (1.964 -0.00011586)
    (1.965 -0.00011305)
    (1.966 -0.00011026)
    (1.967 -0.00010749)
    (1.968 -0.00010473)
    (1.969 -0.00010196)
    (1.97 -9.9159e-05)
    (1.971 -9.6322e-05)
    (1.972 -9.3429e-05)
    (1.973 -9.0465e-05)
    (1.974 -8.7415e-05)
    (1.975 -8.4275e-05)
    (1.976 -8.1051e-05)
    (1.977 -7.7747e-05)
    (1.978 -7.4371e-05)
    (1.979 -7.0926e-05)
    (1.98 -6.742e-05)
    (1.981 -6.3857e-05)
    (1.982 -6.0258e-05)
    (1.983 -5.6661e-05)
    (1.984 -5.3106e-05)
    (1.985 -4.9633e-05)
    (1.986 -4.6283e-05)
    (1.987 -4.3095e-05)
    (1.988 -4.0111e-05)
    (1.989 -3.7368e-05)
    (1.99 -3.4855e-05)
    (1.991 -3.2504e-05)
    (1.992 -3.0241e-05)
    (1.993 -2.7994e-05)
    (1.994 -2.5692e-05)
    (1.995 -2.3261e-05)
    (1.996 -2.0629e-05)
    (1.997 -1.7724e-05)
    (1.998 -1.4474e-05)
    (1.999 -1.0806e-05)
    (2 0)
    (2.001 0)
    (2.002 0)
    (2.003 0)
    (2.004 1.6589e-07)
    (2.005 8.2288e-07)
    (2.006 1.4955e-06)
    (2.007 2.1933e-06)
    (2.008 2.9259e-06)
    (2.009 3.7029e-06)
    (2.01 4.534e-06)
    (2.011 5.4287e-06)
    (2.012 6.3967e-06)
    (2.013 7.4476e-06)
    (2.014 8.5909e-06)
    (2.015 9.8364e-06)
    (2.016 1.1194e-05)
    (2.017 1.2672e-05)
    (2.018 1.4282e-05)
    (2.019 1.6032e-05)
    (2.02 1.7927e-05)
    (2.021 1.9948e-05)
    (2.022 2.2063e-05)
    (2.023 2.4246e-05)
    (2.024 2.6465e-05)
    (2.025 2.8692e-05)
    (2.026 3.0899e-05)
    (2.027 3.3054e-05)
    (2.028 3.5131e-05)
    (2.029 3.7116e-05)
    (2.03 3.9049e-05)
    (2.031 4.0977e-05)
    (2.032 4.2948e-05)
    (2.033 4.501e-05)
    (2.034 4.7209e-05)
    (2.035 4.9595e-05)
    (2.036 5.2213e-05)
    (2.037 5.5109e-05)
    (2.038 5.8272e-05)
    (2.039 6.1655e-05)
    (2.04 6.5208e-05)
    (2.041 6.8882e-05)
    (2.042 7.2627e-05)
    (2.043 7.6393e-05)
    (2.044 8.0131e-05)
    (2.045 8.3793e-05)
    (2.046 8.7327e-05)
    (2.047 9.0688e-05)
    (2.048 9.3869e-05)
    (2.049 9.6902e-05)
    (2.05 9.982e-05)
    (2.051 0.00010266)
    (2.052 0.00010545)
    (2.053 0.00010822)
    (2.054 0.00011101)
    (2.055 0.00011386)
    (2.056 0.00011679)
    (2.057 0.00011984)
    (2.058 0.00012306)
    (2.059 0.00012648)
    (2.06 0.00013014)
    (2.061 0.00013408)
    (2.062 0.00013833)
    (2.063 0.00014287)
    (2.064 0.0001476)
    (2.065 0.0001524)
    (2.066 0.00015719)
    (2.067 0.00016184)
    (2.068 0.00016625)
    (2.069 0.00017035)
    (2.07 0.00017416)
    (2.071 0.00017775)
    (2.072 0.00018119)
    (2.073 0.00018454)
    (2.074 0.00018786)
    (2.075 0.00019123)
    (2.076 0.00019471)
    (2.077 0.00019831)
    (2.078 0.00020202)
    (2.079 0.00020585)
    (2.08 0.00020977)
    (2.081 0.0002138)
    (2.082 0.00021792)
    (2.083 0.00022212)
    (2.084 0.00022641)
    (2.085 0.00023073)
    (2.086 0.00023504)
    (2.087 0.00023929)
    (2.088 0.00024343)
    (2.089 0.00024741)
    (2.09 0.00025119)
    (2.091 0.00025475)
    (2.092 0.00025815)
    (2.093 0.00026144)
    (2.094 0.00026469)
    (2.095 0.00026794)
    (2.096 0.00027126)
    (2.097 0.00027469)
    (2.098 0.00027822)
    (2.099 0.00028182)
    (2.1 0.00028546)
    (2.101 0.00028912)
    (2.102 0.00029276)
    (2.103 0.00029636)
    (2.104 0.00029988)
    (2.105 0.0003033)
    (2.106 0.00030662)
    (2.107 0.00030984)
    (2.108 0.00031298)
    (2.109 0.00031602)
    (2.11 0.00031898)
    (2.111 0.00032187)
    (2.112 0.00032467)
    (2.113 0.00032741)
    (2.114 0.00033008)
    (2.115 0.0003327)
    (2.116 0.00033526)
    (2.117 0.00033778)
    (2.118 0.00034027)
    (2.119 0.00034272)
    (2.12 0.00034516)
    (2.121 0.00034757)
    (2.122 0.00034998)
    (2.123 0.00035238)
    (2.124 0.00035477)
    (2.125 0.00035713)
    (2.126 0.00035946)
    (2.127 0.00036177)
    (2.128 0.00036403)
    (2.129 0.00036625)
    (2.13 0.00036842)
    (2.131 0.00037053)
    (2.132 0.00037257)
    (2.133 0.00037454)
    (2.134 0.00037642)
    (2.135 0.00037819)
    (2.136 0.00037986)
    (2.137 0.00038141)
    (2.138 0.00038282)
    (2.139 0.00038409)
    (2.14 0.00038522)
    (2.141 0.0003862)
    (2.142 0.00038706)
    (2.143 0.0003878)
    (2.144 0.00038843)
    (2.145 0.00038896)
    (2.146 0.00038939)
    (2.147 0.00038973)
    (2.148 0.00039)
    (2.149 0.0003902)
    (2.15 0.00039034)
    (2.151 0.00039042)
    (2.152 0.00039045)
    (2.153 0.00039043)
    (2.154 0.00039038)
    (2.155 0.0003903)
    (2.156 0.00039019)
    (2.157 0.00039007)
    (2.158 0.00038991)
    (2.159 0.00038974)
    (2.16 0.00038953)
    (2.161 0.00038928)
    (2.162 0.000389)
    (2.163 0.00038867)
    (2.164 0.00038829)
    (2.165 0.00038786)
    (2.166 0.00038738)
    (2.167 0.00038681)
    (2.168 0.00038614)
    (2.169 0.00038537)
    (2.17 0.00038446)
    (2.171 0.00038341)
    (2.172 0.0003822)
    (2.173 0.00038081)
    (2.174 0.00037923)
    (2.175 0.00037746)
    (2.176 0.00037553)
    (2.177 0.00037346)
    (2.178 0.00037127)
    (2.179 0.00036898)
    (2.18 0.00036661)
    (2.181 0.00036419)
    (2.182 0.00036173)
    (2.183 0.00035925)
    (2.184 0.00035677)
    (2.185 0.0003543)
    (2.186 0.00035183)
    (2.187 0.00034939)
    (2.188 0.00034697)
    (2.189 0.00034459)
    (2.19 0.00034226)
    (2.191 0.00033998)
    (2.192 0.00033774)
    (2.193 0.00033551)
    (2.194 0.00033324)
    (2.195 0.00033091)
    (2.196 0.00032846)
    (2.197 0.00032587)
    (2.198 0.00032309)
    (2.199 0.00032009)
    (2.2 0.00031684)
    (2.201 0.00031339)
    (2.202 0.00030978)
    (2.203 0.00030606)
    (2.204 0.00030228)
    (2.205 0.00029848)
    (2.206 0.00029471)
    (2.207 0.00029102)
    (2.208 0.00028745)
    (2.209 0.00028399)
    (2.21 0.00028063)
    (2.211 0.00027734)
    (2.212 0.00027411)
    (2.213 0.00027091)
    (2.214 0.00026773)
    (2.215 0.00026454)
    (2.216 0.00026132)
    (2.217 0.00025804)
    (2.218 0.00025467)
    (2.219 0.00025118)
    (2.22 0.00024755)
    (2.221 0.00024373)
    (2.222 0.00023971)
    (2.223 0.0002355)
    (2.224 0.00023114)
    (2.225 0.00022672)
    (2.226 0.00022229)
    (2.227 0.00021792)
    (2.228 0.00021367)
    (2.229 0.00020959)
    (2.23 0.00020566)
    (2.231 0.00020185)
    (2.232 0.00019812)
    (2.233 0.00019444)
    (2.234 0.00019078)
    (2.235 0.00018712)
    (2.236 0.00018345)
    (2.237 0.00017979)
    (2.238 0.00017614)
    (2.239 0.0001725)
    (2.24 0.00016889)
    (2.241 0.00016531)
    (2.242 0.00016176)
    (2.243 0.00015822)
    (2.244 0.00015465)
    (2.245 0.00015103)
    (2.246 0.00014731)
    (2.247 0.00014346)
    (2.248 0.00013945)
    (2.249 0.00013528)
    (2.25 0.00013103)
    (2.251 0.00012676)
    (2.252 0.00012255)
    (2.253 0.00011848)
    (2.254 0.00011461)
    (2.255 0.00011102)
    (2.256 0.00010768)
    (2.257 0.00010453)
    (2.258 0.00010151)
    (2.259 9.8581e-05)
    (2.26 9.5671e-05)
    (2.261 9.2727e-05)
    (2.262 8.9693e-05)
    (2.263 8.6523e-05)
    (2.264 8.3231e-05)
    (2.265 7.9857e-05)
    (2.266 7.6437e-05)
    (2.267 7.3011e-05)
    (2.268 6.9616e-05)
    (2.269 6.629e-05)
    (2.27 6.3072e-05)
    (2.271 5.9992e-05)
    (2.272 5.705e-05)
    (2.273 5.4232e-05)
    (2.274 5.1526e-05)
    (2.275 4.892e-05)
    (2.276 4.6402e-05)
    (2.277 4.3958e-05)
    (2.278 4.1576e-05)
    (2.279 3.9244e-05)
    (2.28 3.6952e-05)
    (2.281 3.4702e-05)
    (2.282 3.2503e-05)
    (2.283 3.0365e-05)
    (2.284 2.8295e-05)
    (2.285 2.6302e-05)
    (2.286 2.4396e-05)
    (2.287 2.2586e-05)
    (2.288 2.0879e-05)
    (2.289 1.9271e-05)
    (2.29 1.7749e-05)
    (2.291 1.6299e-05)
    (2.292 1.4908e-05)
    (2.293 1.3562e-05)
    (2.294 1.2246e-05)
    (2.295 1.0948e-05)
    (2.296 9.6537e-06)
    (2.297 8.3533e-06)
    (2.298 7.0592e-06)
    (2.299 5.7907e-06)
    (2.3 4.567e-06)
    (2.301 3.4072e-06)
    (2.302 2.3306e-06)
    (2.303 0)
    (2.304 0)
    (2.305 0)
    (2.306 0)
    (2.307 0)
    (2.308 0)
    (2.309 0)
    (2.31 0)
    (2.311 0)
    (2.312 0)
    (2.313 0)
    (2.314 0)
    (2.315 0)
    (2.316 0)
    (2.317 0)
    (2.318 0)
    (2.319 0)
    (2.32 0)
    (2.321 0)
    (2.322 0)
    (2.323 0)
    (2.324 0)
    (2.325 0)
    (2.326 0)
    (2.327 0)
    (2.328 0)
    (2.329 0)
    (2.33 0)
    (2.331 0)
    (2.332 0)
    (2.333 0)
    (2.334 0)
    (2.335 0)
    (2.336 0)
    (2.337 0)
    (2.338 0)
    (2.339 0)
    (2.34 0)
    (2.341 0)
    (2.342 0)
    (2.343 0)
    (2.344 0)
    (2.345 0)
    (2.346 0)
    (2.347 0)
    (2.348 0)
    (2.349 0)
    (2.35 0)
    (2.351 0)
    (2.352 0)
    (2.353 0)
    (2.354 0)
    (2.355 0)
    (2.356 0)
    (2.357 0)
    (2.358 0)
    (2.359 0)
    (2.36 0)
    (2.361 0)
    (2.362 0)
    (2.363 0)
    (2.364 0)
    (2.365 0)
    (2.366 0)
    (2.367 0)
    (2.368 0)
    (2.369 0)
    (2.37 0)
    (2.371 0)
    (2.372 0)
    (2.373 0)
    (2.374 0)
    (2.375 0)
    (2.376 0)
    (2.377 0)
    (2.378 0)
    (2.379 0)
    (2.38 0)
    (2.381 0)
    (2.382 0)
    (2.383 0)
    (2.384 0)
    (2.385 0)
    (2.386 0)
    (2.387 0)
    (2.388 0)
    (2.389 0)
    (2.39 0)
    (2.391 0)
    (2.392 0)
    (2.393 0)
    (2.394 0)
    (2.395 0)
    (2.396 0)
    (2.397 0)
    (2.398 0)
    (2.399 0)
    (2.4 0)
    (2.401 0)
    (2.402 0)
    (2.403 0)
    (2.404 0)
    (2.405 0)
    (2.406 0)
    (2.407 0)
    (2.408 0)
    (2.409 0)
    (2.41 0)
    (2.411 0)
    (2.412 0)
    (2.413 0)
    (2.414 0)
    (2.415 0)
    (2.416 0)
    (2.417 0)
    (2.418 0)
    (2.419 0)
    (2.42 0)
    (2.421 0)
    (2.422 0)
    (2.423 0)
    (2.424 0)
    (2.425 0)
    (2.426 0)
    (2.427 0)
    (2.428 0)
    (2.429 0)
    (2.43 0)
    (2.431 0)
    (2.432 0)
    (2.433 0)
    (2.434 0)
    (2.435 0)
    (2.436 0)
    (2.437 0)
    (2.438 0)
    (2.439 0)
    (2.44 0)
    (2.441 0)
    (2.442 0)
    (2.443 0)
    (2.444 0)
    (2.445 0)
    (2.446 0)
    (2.447 0)
    (2.448 0)
    (2.449 0)
    (2.45 0)
    (2.451 0)
    (2.452 0)
    (2.453 0)
    (2.454 0)
    (2.455 0)
    (2.456 0)
    (2.457 0)
    (2.458 0)
    (2.459 0)
    (2.46 0)
    (2.461 0)
    (2.462 0)
    (2.463 0)
    (2.464 0)
    (2.465 0)
    (2.466 0)
    (2.467 0)
    (2.468 0)
    (2.469 0)
    (2.47 0)
    (2.471 0)
    (2.472 0)
    (2.473 0)
    (2.474 0)
    (2.475 0)
    (2.476 0)
    (2.477 0)
    (2.478 0)
    (2.479 0)
    (2.48 0)
    (2.481 0)
    (2.482 0)
    (2.483 0)
    (2.484 0)
    (2.485 0)
    (2.486 0)
    (2.487 0)
    (2.488 0)
    (2.489 0)
    (2.49 0)
    (2.491 0)
    (2.492 3.0234e-07)
    (2.493 1.0447e-06)
    (2.494 1.9813e-06)
    (2.495 3.1367e-06)
    (2.496 4.5296e-06)
    (2.497 6.1401e-06)
    (2.498 7.933e-06)
    (2.499 9.8729e-06)
    (2.5 1.1924e-05)
    (2.501 1.4052e-05)
    (2.502 1.6221e-05)
    (2.503 1.8396e-05)
    (2.504 2.0541e-05)
    (2.505 2.2635e-05)
    (2.506 2.4711e-05)
    (2.507 2.6809e-05)
    (2.508 2.8972e-05)
    (2.509 3.1242e-05)
    (2.51 3.3662e-05)
    (2.511 3.6272e-05)
    (2.512 3.9116e-05)
    (2.513 4.2212e-05)
    (2.514 4.554e-05)
    (2.515 4.9075e-05)
    (2.516 5.2793e-05)
    (2.517 5.6667e-05)
    (2.518 6.0673e-05)
    (2.519 6.4786e-05)
    (2.52 6.8981e-05)
    (2.521 7.3234e-05)
    (2.522 7.752e-05)
    (2.523 8.1815e-05)
    (2.524 8.6094e-05)
    (2.525 9.0334e-05)
    (2.526 9.4511e-05)
    (2.527 9.8621e-05)
    (2.528 0.00010268)
    (2.529 0.00010669)
    (2.53 0.00011067)
    (2.531 0.00011464)
    (2.532 0.00011859)
    (2.533 0.00012254)
    (2.534 0.00012649)
    (2.535 0.00013042)
    (2.536 0.00013432)
    (2.537 0.00013818)
    (2.538 0.00014199)
    (2.539 0.00014574)
    (2.54 0.00014942)
    (2.541 0.00015303)
    (2.542 0.00015658)
    (2.543 0.00016007)
    (2.544 0.00016349)
    (2.545 0.00016685)
    (2.546 0.00017016)
    (2.547 0.0001734)
    (2.548 0.00017656)
    (2.549 0.00017961)
    (2.55 0.00018253)
    (2.551 0.00018531)
    (2.552 0.00018792)
    (2.553 0.00019034)
    (2.554 0.00019257)
    (2.555 0.0001946)
    (2.556 0.00019646)
    (2.557 0.00019816)
    (2.558 0.0001997)
    (2.559 0.0002011)
    (2.56 0.00020237)
    (2.561 0.00020352)
    (2.562 0.00020456)
    (2.563 0.0002055)
    (2.564 0.00020631)
    (2.565 0.00020699)
    (2.566 0.00020752)
    (2.567 0.00020788)
    (2.568 0.00020807)
    (2.569 0.00020807)
    (2.57 0.00020787)
    (2.571 0.00020746)
    (2.572 0.00020686)
    (2.573 0.00020609)
    (2.574 0.00020517)
    (2.575 0.00020411)
    (2.576 0.00020294)
    (2.577 0.00020166)
    (2.578 0.0002003)
    (2.579 0.00019887)
    (2.58 0.00019739)
    (2.581 0.00019583)
    (2.582 0.00019418)
    (2.583 0.00019244)
    (2.584 0.00019059)
    (2.585 0.00018862)
    (2.586 0.00018651)
    (2.587 0.00018424)
    (2.588 0.00018182)
    (2.589 0.00017922)
    (2.59 0.00017643)
    (2.591 0.00017346)
    (2.592 0.0001703)
    (2.593 0.00016692)
    (2.594 0.00016334)
    (2.595 0.00015954)
    (2.596 0.00015553)
    (2.597 0.00015138)
    (2.598 0.00014717)
    (2.599 0.00014297)
    (2.6 0.00013885)
    (2.601 0.00013489)
    (2.602 0.00013116)
    (2.603 0.00012761)
    (2.604 0.00012419)
    (2.605 0.00012084)
    (2.606 0.00011749)
    (2.607 0.00011409)
    (2.608 0.00011056)
    (2.609 0.00010687)
    (2.61 0.00010302)
    (2.611 9.9022e-05)
    (2.612 9.4894e-05)
    (2.613 9.0652e-05)
    (2.614 8.6312e-05)
    (2.615 8.1898e-05)
    (2.616 7.7449e-05)
    (2.617 7.3006e-05)
    (2.618 6.8613e-05)
    (2.619 6.4309e-05)
    (2.62 6.0138e-05)
    (2.621 5.614e-05)
    (2.622 5.2359e-05)
    (2.623 4.8827e-05)
    (2.624 4.5536e-05)
    (2.625 4.2464e-05)
    (2.626 3.9591e-05)
    (2.627 3.6895e-05)
    (2.628 3.4354e-05)
    (2.629 3.1947e-05)
    (2.63 2.9652e-05)
    (2.631 2.7449e-05)
    (2.632 2.533e-05)
    (2.633 2.3286e-05)
    (2.634 2.131e-05)
    (2.635 1.9395e-05)
    (2.636 1.7533e-05)
    (2.637 1.5717e-05)
    (2.638 1.3938e-05)
    (2.639 1.2191e-05)
    (2.64 1.0468e-05)
    (2.641 8.7799e-06)
    (2.642 7.1499e-06)
    (2.643 5.6022e-06)
    (2.644 4.1607e-06)
    (2.645 2.8495e-06)
    (2.646 0)
    (2.647 0)
    (2.648 0)
    (2.649 0)
    (2.65 0)
    (2.651 0)
    (2.652 0)
    (2.653 0)
    (2.654 0)
    (2.655 0)
    (2.656 0)
    (2.657 0)
    (2.658 0)
    (2.659 0)
    (2.66 0)
    (2.661 0)
    (2.662 0)
    (2.663 0)
    (2.664 0)
    (2.665 0)
    (2.666 0)
    (2.667 0)
    (2.668 0)
    (2.669 0)
    (2.67 0)
    (2.671 0)
    (2.672 0)
    (2.673 0)
    (2.674 0)
    (2.675 0)
    (2.676 -8.796e-08)
    (2.677 -6.8523e-07)
    (2.678 -1.4262e-06)
    (2.679 -2.3053e-06)
    (2.68 -3.317e-06)
    (2.681 -4.4557e-06)
    (2.682 -5.7159e-06)
    (2.683 -7.0913e-06)
    (2.684 -8.5699e-06)
    (2.685 -1.0137e-05)
    (2.686 -1.1776e-05)
    (2.687 -1.3474e-05)
    (2.688 -1.5213e-05)
    (2.689 -1.6981e-05)
    (2.69 -1.876e-05)
    (2.691 -2.0536e-05)
    (2.692 -2.2301e-05)
    (2.693 -2.4075e-05)
    (2.694 -2.5883e-05)
    (2.695 -2.7749e-05)
    (2.696 -2.9697e-05)
    (2.697 -3.1753e-05)
    (2.698 -3.3941e-05)
    (2.699 -3.6286e-05)
    (2.7 -3.8812e-05)
    (2.701 -4.1544e-05)
    (2.702 -4.4506e-05)
    (2.703 -4.7694e-05)
    (2.704 -5.1084e-05)
    (2.705 -5.4647e-05)
    (2.706 -5.8357e-05)
    (2.707 -6.2185e-05)
    (2.708 -6.6104e-05)
    (2.709 -7.0088e-05)
    (2.71 -7.4119e-05)
    (2.711 -7.8202e-05)
    (2.712 -8.2343e-05)
    (2.713 -8.6547e-05)
    (2.714 -9.0821e-05)
    (2.715 -9.5169e-05)
    (2.716 -9.9596e-05)
    (2.717 -0.0001041)
    (2.718 -0.00010868)
    (2.719 -0.00011333)
    (2.72 -0.00011804)
    (2.721 -0.00012281)
    (2.722 -0.00012764)
    (2.723 -0.00013251)
    (2.724 -0.00013739)
    (2.725 -0.00014224)
    (2.726 -0.00014705)
    (2.727 -0.00015177)
    (2.728 -0.00015638)
    (2.729 -0.00016093)
    (2.73 -0.00016555)
    (2.731 -0.00017039)
    (2.732 -0.00017559)
    (2.733 -0.00018128)
    (2.734 -0.00018744)
    (2.735 -0.0001938)
    (2.736 -0.00020011)
    (2.737 -0.00020611)
    (2.738 -0.00021163)
    (2.739 -0.00021679)
    (2.74 -0.00022176)
    (2.741 -0.00022672)
    (2.742 -0.00023185)
    (2.743 -0.00023726)
    (2.744 -0.00024289)
    (2.745 -0.00024864)
    (2.746 -0.00025439)
    (2.747 -0.00026002)
    (2.748 -0.00026546)
    (2.749 -0.00027083)
    (2.75 -0.00027626)
    (2.751 -0.00028192)
    (2.752 -0.00028797)
    (2.753 -0.00029452)
    (2.754 -0.00030145)
    (2.755 -0.00030858)
    (2.756 -0.00031571)
    (2.757 -0.00032264)
    (2.758 -0.00032919)
    (2.759 -0.00033537)
    (2.76 -0.00034121)
    (2.761 -0.00034679)
    (2.762 -0.00035216)
    (2.763 -0.00035733)
    (2.764 -0.00036228)
    (2.765 -0.00036698)
    (2.766 -0.0003714)
    (2.767 -0.00037551)
    (2.768 -0.00037927)
    (2.769 -0.00038268)
    (2.77 -0.00038579)
    (2.771 -0.00038865)
    (2.772 -0.00039134)
    (2.773 -0.00039392)
    (2.774 -0.00039646)
    (2.775 -0.00039903)
    (2.776 -0.00040169)
    (2.777 -0.00040443)
    (2.778 -0.00040724)
    (2.779 -0.00041007)
    (2.78 -0.00041289)
    (2.781 -0.00041567)
    (2.782 -0.00041837)
    (2.783 -0.00042098)
    (2.784 -0.00042346)
    (2.785 -0.00042584)
    (2.786 -0.00042812)
    (2.787 -0.0004303)
    (2.788 -0.00043239)
    (2.789 -0.00043441)
    (2.79 -0.00043635)
    (2.791 -0.00043823)
    (2.792 -0.00044004)
    (2.793 -0.00044178)
    (2.794 -0.00044341)
    (2.795 -0.0004449)
    (2.796 -0.00044623)
    (2.797 -0.00044738)
    (2.798 -0.00044833)
    (2.799 -0.00044911)
    (2.8 -0.00044971)
    (2.801 -0.00045016)
    (2.802 -0.00045045)
    (2.803 -0.0004506)
    (2.804 -0.00045061)
    (2.805 -0.0004505)
    (2.806 -0.00045028)
    (2.807 -0.00044995)
    (2.808 -0.00044953)
    (2.809 -0.00044901)
    (2.81 -0.00044842)
    (2.811 -0.00044776)
    (2.812 -0.00044701)
    (2.813 -0.00044615)
    (2.814 -0.00044513)
    (2.815 -0.00044394)
    (2.816 -0.00044253)
    (2.817 -0.00044088)
    (2.818 -0.00043895)
    (2.819 -0.00043672)
    (2.82 -0.00043419)
    (2.821 -0.0004314)
    (2.822 -0.0004284)
    (2.823 -0.00042525)
    (2.824 -0.000422)
    (2.825 -0.00041868)
    (2.826 -0.00041536)
    (2.827 -0.00041207)
    (2.828 -0.00040885)
    (2.829 -0.0004057)
    (2.83 -0.00040261)
    (2.831 -0.00039958)
    (2.832 -0.00039662)
    (2.833 -0.00039373)
    (2.834 -0.00039089)
    (2.835 -0.00038813)
    (2.836 -0.00038542)
    (2.837 -0.00038277)
    (2.838 -0.00038016)
    (2.839 -0.00037761)
    (2.84 -0.00037509)
    (2.841 -0.0003726)
    (2.842 -0.00037014)
    (2.843 -0.0003677)
    (2.844 -0.00036528)
    (2.845 -0.0003629)
    (2.846 -0.00036056)
    (2.847 -0.00035829)
    (2.848 -0.00035609)
    (2.849 -0.000354)
    (2.85 -0.00035202)
    (2.851 -0.00035018)
    (2.852 -0.00034848)
    (2.853 -0.00034694)
    (2.854 -0.00034551)
    (2.855 -0.00034418)
    (2.856 -0.00034289)
    (2.857 -0.00034162)
    (2.858 -0.00034033)
    (2.859 -0.00033898)
    (2.86 -0.00033754)
    (2.861 -0.00033598)
    (2.862 -0.00033431)
    (2.863 -0.00033256)
    (2.864 -0.00033079)
    (2.865 -0.00032902)
    (2.866 -0.0003273)
    (2.867 -0.00032568)
    (2.868 -0.00032418)
    (2.869 -0.00032286)
    (2.87 -0.0003217)
    (2.871 -0.00032067)
    (2.872 -0.0003197)
    (2.873 -0.00031875)
    (2.874 -0.00031777)
    (2.875 -0.00031671)
    (2.876 -0.00031557)
    (2.877 -0.00031434)
    (2.878 -0.00031303)
    (2.879 -0.00031164)
    (2.88 -0.00031017)
    (2.881 -0.00030862)
    (2.882 -0.00030699)
    (2.883 -0.00030529)
    (2.884 -0.00030352)
    (2.885 -0.00030167)
    (2.886 -0.00029975)
    (2.887 -0.00029776)
    (2.888 -0.0002957)
    (2.889 -0.00029358)
    (2.89 -0.00029139)
    (2.891 -0.00028914)
    (2.892 -0.00028682)
    (2.893 -0.00028445)
    (2.894 -0.00028202)
    (2.895 -0.00027953)
    (2.896 -0.00027698)
    (2.897 -0.0002744)
    (2.898 -0.00027182)
    (2.899 -0.00026925)
    (2.9 -0.00026673)
    (2.901 -0.00026428)
    (2.902 -0.00026192)
    (2.903 -0.00025969)
    (2.904 -0.0002576)
    (2.905 -0.00025565)
    (2.906 -0.00025381)
    (2.907 -0.00025206)
    (2.908 -0.00025035)
    (2.909 -0.00024864)
    (2.91 -0.00024692)
    (2.911 -0.00024513)
    (2.912 -0.00024326)
    (2.913 -0.00024126)
    (2.914 -0.00023914)
    (2.915 -0.00023692)
    (2.916 -0.00023462)
    (2.917 -0.00023225)
    (2.918 -0.00022984)
    (2.919 -0.0002274)
    (2.92 -0.00022494)
    (2.921 -0.0002225)
    (2.922 -0.00022008)
    (2.923 -0.00021769)
    (2.924 -0.00021531)
    (2.925 -0.00021295)
    (2.926 -0.00021061)
    (2.927 -0.00020828)
    (2.928 -0.00020596)
    (2.929 -0.00020365)
    (2.93 -0.00020134)
    (2.931 -0.00019904)
    (2.932 -0.00019672)
    (2.933 -0.00019439)
    (2.934 -0.00019203)
    (2.935 -0.00018964)
    (2.936 -0.0001872)
    (2.937 -0.0001847)
    (2.938 -0.00018215)
    (2.939 -0.00017952)
    (2.94 -0.00017683)
    (2.941 -0.00017411)
    (2.942 -0.00017138)
    (2.943 -0.00016865)
    (2.944 -0.00016595)
    (2.945 -0.0001633)
    (2.946 -0.00016071)
    (2.947 -0.00015821)
    (2.948 -0.0001558)
    (2.949 -0.00015346)
    (2.95 -0.00015116)
    (2.951 -0.00014889)
    (2.952 -0.00014664)
    (2.953 -0.00014438)
    (2.954 -0.0001421)
    (2.955 -0.00013977)
    (2.956 -0.00013738)
    (2.957 -0.00013492)
    (2.958 -0.00013236)
    (2.959 -0.00012972)
    (2.96 -0.00012702)
    (2.961 -0.00012427)
    (2.962 -0.00012148)
    (2.963 -0.00011867)
    (2.964 -0.00011586)
    (2.965 -0.00011305)
    (2.966 -0.00011026)
    (2.967 -0.00010749)
    (2.968 -0.00010473)
    (2.969 -0.00010196)
    (2.97 -9.9159e-05)
    (2.971 -9.6322e-05)
    (2.972 -9.3429e-05)
    (2.973 -9.0465e-05)
    (2.974 -8.7415e-05)
    (2.975 -8.4275e-05)
    (2.976 -8.1051e-05)
    (2.977 -7.7747e-05)
    (2.978 -7.4371e-05)
    (2.979 -7.0926e-05)
    (2.98 -6.742e-05)
    (2.981 -6.3857e-05)
    (2.982 -6.0258e-05)
    (2.983 -5.6661e-05)
    (2.984 -5.3106e-05)
    (2.985 -4.9633e-05)
    (2.986 -4.6283e-05)
    (2.987 -4.3095e-05)
    (2.988 -4.0111e-05)
    (2.989 -3.7368e-05)
    (2.99 -3.4855e-05)
    (2.991 -3.2504e-05)
    (2.992 -3.0241e-05)
    (2.993 -2.7994e-05)
    (2.994 -2.5692e-05)
    (2.995 -2.3261e-05)
    (2.996 -2.0629e-05)
    (2.997 -1.7724e-05)
    (2.998 -1.4474e-05)
    (2.999 -1.0806e-05)
    (3 0)
    (3.001 0)
    (3.002 0)
    (3.003 0)
    (3.004 1.6589e-07)
    (3.005 8.2288e-07)
    (3.006 1.4955e-06)
    (3.007 2.1933e-06)
    (3.008 2.9259e-06)
    (3.009 3.7029e-06)
    (3.01 4.534e-06)
    (3.011 5.4287e-06)
    (3.012 6.3967e-06)
    (3.013 7.4476e-06)
    (3.014 8.5909e-06)
    (3.015 9.8364e-06)
    (3.016 1.1194e-05)
    (3.017 1.2672e-05)
    (3.018 1.4282e-05)
    (3.019 1.6032e-05)
    (3.02 1.7927e-05)
    (3.021 1.9948e-05)
    (3.022 2.2063e-05)
    (3.023 2.4246e-05)
    (3.024 2.6465e-05)
    (3.025 2.8692e-05)
    (3.026 3.0899e-05)
    (3.027 3.3054e-05)
    (3.028 3.5131e-05)
    (3.029 3.7116e-05)
    (3.03 3.9049e-05)
    (3.031 4.0977e-05)
    (3.032 4.2948e-05)
    (3.033 4.501e-05)
    (3.034 4.7209e-05)
    (3.035 4.9595e-05)
    (3.036 5.2213e-05)
    (3.037 5.5109e-05)
    (3.038 5.8272e-05)
    (3.039 6.1655e-05)
    (3.04 6.5208e-05)
    (3.041 6.8882e-05)
    (3.042 7.2627e-05)
    (3.043 7.6393e-05)
    (3.044 8.0131e-05)
    (3.045 8.3793e-05)
    (3.046 8.7327e-05)
    (3.047 9.0688e-05)
    (3.048 9.3869e-05)
    (3.049 9.6902e-05)
    (3.05 9.982e-05)
    (3.051 0.00010266)
    (3.052 0.00010545)
    (3.053 0.00010822)
    (3.054 0.00011101)
    (3.055 0.00011386)
    (3.056 0.00011679)
    (3.057 0.00011984)
    (3.058 0.00012306)
    (3.059 0.00012648)
    (3.06 0.00013014)
    (3.061 0.00013408)
    (3.062 0.00013833)
    (3.063 0.00014287)
    (3.064 0.0001476)
    (3.065 0.0001524)
    (3.066 0.00015719)
    (3.067 0.00016184)
    (3.068 0.00016625)
    (3.069 0.00017035)
    (3.07 0.00017416)
    (3.071 0.00017775)
    (3.072 0.00018119)
    (3.073 0.00018454)
    (3.074 0.00018786)
    (3.075 0.00019123)
    (3.076 0.00019471)
    (3.077 0.00019831)
    (3.078 0.00020202)
    (3.079 0.00020585)
    (3.08 0.00020977)
    (3.081 0.0002138)
    (3.082 0.00021792)
    (3.083 0.00022212)
    (3.084 0.00022641)
    (3.085 0.00023073)
    (3.086 0.00023504)
    (3.087 0.00023929)
    (3.088 0.00024343)
    (3.089 0.00024741)
    (3.09 0.00025119)
    (3.091 0.00025475)
    (3.092 0.00025815)
    (3.093 0.00026144)
    (3.094 0.00026469)
    (3.095 0.00026794)
    (3.096 0.00027126)
    (3.097 0.00027469)
    (3.098 0.00027822)
    (3.099 0.00028182)
    (3.1 0.00028546)
    (3.101 0.00028912)
    (3.102 0.00029276)
    (3.103 0.00029636)
    (3.104 0.00029988)
    (3.105 0.0003033)
    (3.106 0.00030662)
    (3.107 0.00030984)
    (3.108 0.00031298)
    (3.109 0.00031602)
    (3.11 0.00031898)
    (3.111 0.00032187)
    (3.112 0.00032467)
    (3.113 0.00032741)
    (3.114 0.00033008)
    (3.115 0.0003327)
    (3.116 0.00033526)
    (3.117 0.00033778)
    (3.118 0.00034027)
    (3.119 0.00034272)
    (3.12 0.00034516)
    (3.121 0.00034757)
    (3.122 0.00034998)
    (3.123 0.00035238)
    (3.124 0.00035477)
    (3.125 0.00035713)
    (3.126 0.00035946)
    (3.127 0.00036177)
    (3.128 0.00036403)
    (3.129 0.00036625)
    (3.13 0.00036842)
    (3.131 0.00037053)
    (3.132 0.00037257)
    (3.133 0.00037454)
    (3.134 0.00037642)
    (3.135 0.00037819)
    (3.136 0.00037986)
    (3.137 0.00038141)
    (3.138 0.00038282)
    (3.139 0.00038409)
    (3.14 0.00038522)
    (3.141 0.0003862)
    (3.142 0.00038706)
    (3.143 0.0003878)
    (3.144 0.00038843)
    (3.145 0.00038896)
    (3.146 0.00038939)
    (3.147 0.00038973)
    (3.148 0.00039)
    (3.149 0.0003902)
    (3.15 0.00039034)
    (3.151 0.00039042)
    (3.152 0.00039045)
    (3.153 0.00039043)
    (3.154 0.00039038)
    (3.155 0.0003903)
    (3.156 0.00039019)
    (3.157 0.00039007)
    (3.158 0.00038991)
    (3.159 0.00038974)
    (3.16 0.00038953)
    (3.161 0.00038928)
    (3.162 0.000389)
    (3.163 0.00038867)
    (3.164 0.00038829)
    (3.165 0.00038786)
    (3.166 0.00038738)
    (3.167 0.00038681)
    (3.168 0.00038614)
    (3.169 0.00038537)
    (3.17 0.00038446)
    (3.171 0.00038341)
    (3.172 0.0003822)
    (3.173 0.00038081)
    (3.174 0.00037923)
    (3.175 0.00037746)
    (3.176 0.00037553)
    (3.177 0.00037346)
    (3.178 0.00037127)
    (3.179 0.00036898)
    (3.18 0.00036661)
    (3.181 0.00036419)
    (3.182 0.00036173)
    (3.183 0.00035925)
    (3.184 0.00035677)
    (3.185 0.0003543)
    (3.186 0.00035183)
    (3.187 0.00034939)
    (3.188 0.00034697)
    (3.189 0.00034459)
    (3.19 0.00034226)
    (3.191 0.00033998)
    (3.192 0.00033774)
    (3.193 0.00033551)
    (3.194 0.00033324)
    (3.195 0.00033091)
    (3.196 0.00032846)
    (3.197 0.00032587)
    (3.198 0.00032309)
    (3.199 0.00032009)
    (3.2 0.00031684)
    (3.201 0.00031339)
    (3.202 0.00030978)
    (3.203 0.00030606)
    (3.204 0.00030228)
    (3.205 0.00029848)
    (3.206 0.00029471)
    (3.207 0.00029102)
    (3.208 0.00028745)
    (3.209 0.00028399)
    (3.21 0.00028063)
    (3.211 0.00027734)
    (3.212 0.00027411)
    (3.213 0.00027091)
    (3.214 0.00026773)
    (3.215 0.00026454)
    (3.216 0.00026132)
    (3.217 0.00025804)
    (3.218 0.00025467)
    (3.219 0.00025118)
    (3.22 0.00024755)
    (3.221 0.00024373)
    (3.222 0.00023971)
    (3.223 0.0002355)
    (3.224 0.00023114)
    (3.225 0.00022672)
    (3.226 0.00022229)
    (3.227 0.00021792)
    (3.228 0.00021367)
    (3.229 0.00020959)
    (3.23 0.00020566)
    (3.231 0.00020185)
    (3.232 0.00019812)
    (3.233 0.00019444)
    (3.234 0.00019078)
    (3.235 0.00018712)
    (3.236 0.00018345)
    (3.237 0.00017979)
    (3.238 0.00017614)
    (3.239 0.0001725)
    (3.24 0.00016889)
    (3.241 0.00016531)
    (3.242 0.00016176)
    (3.243 0.00015822)
    (3.244 0.00015465)
    (3.245 0.00015103)
    (3.246 0.00014731)
    (3.247 0.00014346)
    (3.248 0.00013945)
    (3.249 0.00013528)
    (3.25 0.00013103)
    (3.251 0.00012676)
    (3.252 0.00012255)
    (3.253 0.00011848)
    (3.254 0.00011461)
    (3.255 0.00011102)
    (3.256 0.00010768)
    (3.257 0.00010453)
    (3.258 0.00010151)
    (3.259 9.8581e-05)
    (3.26 9.5671e-05)
    (3.261 9.2727e-05)
    (3.262 8.9693e-05)
    (3.263 8.6523e-05)
    (3.264 8.3231e-05)
    (3.265 7.9857e-05)
    (3.266 7.6437e-05)
    (3.267 7.3011e-05)
    (3.268 6.9616e-05)
    (3.269 6.629e-05)
    (3.27 6.3072e-05)
    (3.271 5.9992e-05)
    (3.272 5.705e-05)
    (3.273 5.4232e-05)
    (3.274 5.1526e-05)
    (3.275 4.892e-05)
    (3.276 4.6402e-05)
    (3.277 4.3958e-05)
    (3.278 4.1576e-05)
    (3.279 3.9244e-05)
    (3.28 3.6952e-05)
    (3.281 3.4702e-05)
    (3.282 3.2503e-05)
    (3.283 3.0365e-05)
    (3.284 2.8295e-05)
    (3.285 2.6302e-05)
    (3.286 2.4396e-05)
    (3.287 2.2586e-05)
    (3.288 2.0879e-05)
    (3.289 1.9271e-05)
    (3.29 1.7749e-05)
    (3.291 1.6299e-05)
    (3.292 1.4908e-05)
    (3.293 1.3562e-05)
    (3.294 1.2246e-05)
    (3.295 1.0948e-05)
    (3.296 9.6537e-06)
    (3.297 8.3533e-06)
    (3.298 7.0592e-06)
    (3.299 5.7907e-06)
    (3.3 4.567e-06)
    (3.301 3.4072e-06)
    (3.302 2.3306e-06)
    (3.303 0)
    (3.304 0)
    (3.305 0)
    (3.306 0)
    (3.307 0)
    (3.308 0)
    (3.309 0)
    (3.31 0)
    (3.311 0)
    (3.312 0)
    (3.313 0)
    (3.314 0)
    (3.315 0)
    (3.316 0)
    (3.317 0)
    (3.318 0)
    (3.319 0)
    (3.32 0)
    (3.321 0)
    (3.322 0)
    (3.323 0)
    (3.324 0)
    (3.325 0)
    (3.326 0)
    (3.327 0)
    (3.328 0)
    (3.329 0)
    (3.33 0)
    (3.331 0)
    (3.332 0)
    (3.333 0)
    (3.334 0)
    (3.335 0)
    (3.336 0)
    (3.337 0)
    (3.338 0)
    (3.339 0)
    (3.34 0)
    (3.341 0)
    (3.342 0)
    (3.343 0)
    (3.344 0)
    (3.345 0)
    (3.346 0)
    (3.347 0)
    (3.348 0)
    (3.349 0)
    (3.35 0)
    (3.351 0)
    (3.352 0)
    (3.353 0)
    (3.354 0)
    (3.355 0)
    (3.356 0)
    (3.357 0)
    (3.358 0)
    (3.359 0)
    (3.36 0)
    (3.361 0)
    (3.362 0)
    (3.363 0)
    (3.364 0)
    (3.365 0)
    (3.366 0)
    (3.367 0)
    (3.368 0)
    (3.369 0)
    (3.37 0)
    (3.371 0)
    (3.372 0)
    (3.373 0)
    (3.374 0)
    (3.375 0)
    (3.376 0)
    (3.377 0)
    (3.378 0)
    (3.379 0)
    (3.38 0)
    (3.381 0)
    (3.382 0)
    (3.383 0)
    (3.384 0)
    (3.385 0)
    (3.386 0)
    (3.387 0)
    (3.388 0)
    (3.389 0)
    (3.39 0)
    (3.391 0)
    (3.392 0)
    (3.393 0)
    (3.394 0)
    (3.395 0)
    (3.396 0)
    (3.397 0)
    (3.398 0)
    (3.399 0)
    (3.4 0)
    (3.401 0)
    (3.402 0)
    (3.403 0)
    (3.404 0)
    (3.405 0)
    (3.406 0)
    (3.407 0)
    (3.408 0)
    (3.409 0)
    (3.41 0)
    (3.411 0)
    (3.412 0)
    (3.413 0)
    (3.414 0)
    (3.415 0)
    (3.416 0)
    (3.417 0)
    (3.418 0)
    (3.419 0)
    (3.42 0)
    (3.421 0)
    (3.422 0)
    (3.423 0)
    (3.424 0)
    (3.425 0)
    (3.426 0)
    (3.427 0)
    (3.428 0)
    (3.429 0)
    (3.43 0)
    (3.431 0)
    (3.432 0)
    (3.433 0)
    (3.434 0)
    (3.435 0)
    (3.436 0)
    (3.437 0)
    (3.438 0)
    (3.439 0)
    (3.44 0)
    (3.441 0)
    (3.442 0)
    (3.443 0)
    (3.444 0)
    (3.445 0)
    (3.446 0)
    (3.447 0)
    (3.448 0)
    (3.449 0)
    (3.45 0)
    (3.451 0)
    (3.452 0)
    (3.453 0)
    (3.454 0)
    (3.455 0)
    (3.456 0)
    (3.457 0)
    (3.458 0)
    (3.459 0)
    (3.46 0)
    (3.461 0)
    (3.462 0)
    (3.463 0)
    (3.464 0)
    (3.465 0)
    (3.466 0)
    (3.467 0)
    (3.468 0)
    (3.469 0)
    (3.47 0)
    (3.471 0)
    (3.472 0)
    (3.473 0)
    (3.474 0)
    (3.475 0)
    (3.476 0)
    (3.477 0)
    (3.478 0)
    (3.479 0)
    (3.48 0)
    (3.481 0)
    (3.482 0)
    (3.483 0)
    (3.484 0)
    (3.485 0)
    (3.486 0)
    (3.487 0)
    (3.488 0)
    (3.489 0)
    (3.49 0)
    (3.491 0)
    (3.492 3.0234e-07)
    (3.493 1.0447e-06)
    (3.494 1.9813e-06)
    (3.495 3.1367e-06)
    (3.496 4.5296e-06)
    (3.497 6.1401e-06)
    (3.498 7.933e-06)
    (3.499 9.8729e-06)
    (3.5 1.1924e-05)
    (3.501 1.4052e-05)
    (3.502 1.6221e-05)
    (3.503 1.8396e-05)
    (3.504 2.0541e-05)
    (3.505 2.2635e-05)
    (3.506 2.4711e-05)
    (3.507 2.6809e-05)
    (3.508 2.8972e-05)
    (3.509 3.1242e-05)
    (3.51 3.3662e-05)
    (3.511 3.6272e-05)
    (3.512 3.9116e-05)
    (3.513 4.2212e-05)
    (3.514 4.554e-05)
    (3.515 4.9075e-05)
    (3.516 5.2793e-05)
    (3.517 5.6667e-05)
    (3.518 6.0673e-05)
    (3.519 6.4786e-05)
    (3.52 6.8981e-05)
    (3.521 7.3234e-05)
    (3.522 7.752e-05)
    (3.523 8.1815e-05)
    (3.524 8.6094e-05)
    (3.525 9.0334e-05)
    (3.526 9.4511e-05)
    (3.527 9.8621e-05)
    (3.528 0.00010268)
    (3.529 0.00010669)
    (3.53 0.00011067)
    (3.531 0.00011464)
    (3.532 0.00011859)
    (3.533 0.00012254)
    (3.534 0.00012649)
    (3.535 0.00013042)
    (3.536 0.00013432)
    (3.537 0.00013818)
    (3.538 0.00014199)
    (3.539 0.00014574)
    (3.54 0.00014942)
    (3.541 0.00015303)
    (3.542 0.00015658)
    (3.543 0.00016007)
    (3.544 0.00016349)
    (3.545 0.00016685)
    (3.546 0.00017016)
    (3.547 0.0001734)
    (3.548 0.00017656)
    (3.549 0.00017961)
    (3.55 0.00018253)
    (3.551 0.00018531)
    (3.552 0.00018792)
    (3.553 0.00019034)
    (3.554 0.00019257)
    (3.555 0.0001946)
    (3.556 0.00019646)
    (3.557 0.00019816)
    (3.558 0.0001997)
    (3.559 0.0002011)
    (3.56 0.00020237)
    (3.561 0.00020352)
    (3.562 0.00020456)
    (3.563 0.0002055)
    (3.564 0.00020631)
    (3.565 0.00020699)
    (3.566 0.00020752)
    (3.567 0.00020788)
    (3.568 0.00020807)
    (3.569 0.00020807)
    (3.57 0.00020787)
    (3.571 0.00020746)
    (3.572 0.00020686)
    (3.573 0.00020609)
    (3.574 0.00020517)
    (3.575 0.00020411)
    (3.576 0.00020294)
    (3.577 0.00020166)
    (3.578 0.0002003)
    (3.579 0.00019887)
    (3.58 0.00019739)
    (3.581 0.00019583)
    (3.582 0.00019418)
    (3.583 0.00019244)
    (3.584 0.00019059)
    (3.585 0.00018862)
    (3.586 0.00018651)
    (3.587 0.00018424)
    (3.588 0.00018182)
    (3.589 0.00017922)
    (3.59 0.00017643)
    (3.591 0.00017346)
    (3.592 0.0001703)
    (3.593 0.00016692)
    (3.594 0.00016334)
    (3.595 0.00015954)
    (3.596 0.00015553)
    (3.597 0.00015138)
    (3.598 0.00014717)
    (3.599 0.00014297)
    (3.6 0.00013885)
    (3.601 0.00013489)
    (3.602 0.00013116)
    (3.603 0.00012761)
    (3.604 0.00012419)
    (3.605 0.00012084)
    (3.606 0.00011749)
    (3.607 0.00011409)
    (3.608 0.00011056)
    (3.609 0.00010687)
    (3.61 0.00010302)
    (3.611 9.9022e-05)
    (3.612 9.4894e-05)
    (3.613 9.0652e-05)
    (3.614 8.6312e-05)
    (3.615 8.1898e-05)
    (3.616 7.7449e-05)
    (3.617 7.3006e-05)
    (3.618 6.8613e-05)
    (3.619 6.4309e-05)
    (3.62 6.0138e-05)
    (3.621 5.614e-05)
    (3.622 5.2359e-05)
    (3.623 4.8827e-05)
    (3.624 4.5536e-05)
    (3.625 4.2464e-05)
    (3.626 3.9591e-05)
    (3.627 3.6895e-05)
    (3.628 3.4354e-05)
    (3.629 3.1947e-05)
    (3.63 2.9652e-05)
    (3.631 2.7449e-05)
    (3.632 2.533e-05)
    (3.633 2.3286e-05)
    (3.634 2.131e-05)
    (3.635 1.9395e-05)
    (3.636 1.7533e-05)
    (3.637 1.5717e-05)
    (3.638 1.3938e-05)
    (3.639 1.2191e-05)
    (3.64 1.0468e-05)
    (3.641 8.7799e-06)
    (3.642 7.1499e-06)
    (3.643 5.6022e-06)
    (3.644 4.1607e-06)
    (3.645 2.8495e-06)
    (3.646 0)
    (3.647 0)
    (3.648 0)
    (3.649 0)
    (3.65 0)
    (3.651 0)
    (3.652 0)
    (3.653 0)
    (3.654 0)
    (3.655 0)
    (3.656 0)
    (3.657 0)
    (3.658 0)
    (3.659 0)
    (3.66 0)
    (3.661 0)
    (3.662 0)
    (3.663 0)
    (3.664 0)
    (3.665 0)
    (3.666 0)
    (3.667 0)
    (3.668 0)
    (3.669 0)
    (3.67 0)
    (3.671 0)
    (3.672 0)
    (3.673 0)
    (3.674 0)
    (3.675 0)
    (3.676 -8.796e-08)
    (3.677 -6.8523e-07)
    (3.678 -1.4262e-06)
    (3.679 -2.3053e-06)
    (3.68 -3.317e-06)
    (3.681 -4.4557e-06)
    (3.682 -5.7159e-06)
    (3.683 -7.0913e-06)
    (3.684 -8.5699e-06)
    (3.685 -1.0137e-05)
    (3.686 -1.1776e-05)
    (3.687 -1.3474e-05)
    (3.688 -1.5213e-05)
    (3.689 -1.6981e-05)
    (3.69 -1.876e-05)
    (3.691 -2.0536e-05)
    (3.692 -2.2301e-05)
    (3.693 -2.4075e-05)
    (3.694 -2.5883e-05)
    (3.695 -2.7749e-05)
    (3.696 -2.9697e-05)
    (3.697 -3.1753e-05)
    (3.698 -3.3941e-05)
    (3.699 -3.6286e-05)
    (3.7 -3.8812e-05)
    (3.701 -4.1544e-05)
    (3.702 -4.4506e-05)
    (3.703 -4.7694e-05)
    (3.704 -5.1084e-05)
    (3.705 -5.4647e-05)
    (3.706 -5.8357e-05)
    (3.707 -6.2185e-05)
    (3.708 -6.6104e-05)
    (3.709 -7.0088e-05)
    (3.71 -7.4119e-05)
    (3.711 -7.8202e-05)
    (3.712 -8.2343e-05)
    (3.713 -8.6547e-05)
    (3.714 -9.0821e-05)
    (3.715 -9.5169e-05)
    (3.716 -9.9596e-05)
    (3.717 -0.0001041)
    (3.718 -0.00010868)
    (3.719 -0.00011333)
    (3.72 -0.00011804)
    (3.721 -0.00012281)
    (3.722 -0.00012764)
    (3.723 -0.00013251)
    (3.724 -0.00013739)
    (3.725 -0.00014224)
    (3.726 -0.00014705)
    (3.727 -0.00015177)
    (3.728 -0.00015638)
    (3.729 -0.00016093)
    (3.73 -0.00016555)
    (3.731 -0.00017039)
    (3.732 -0.00017559)
    (3.733 -0.00018128)
    (3.734 -0.00018744)
    (3.735 -0.0001938)
    (3.736 -0.00020011)
    (3.737 -0.00020611)
    (3.738 -0.00021163)
    (3.739 -0.00021679)
    (3.74 -0.00022176)
    (3.741 -0.00022672)
    (3.742 -0.00023185)
    (3.743 -0.00023726)
    (3.744 -0.00024289)
    (3.745 -0.00024864)
    (3.746 -0.00025439)
    (3.747 -0.00026002)
    (3.748 -0.00026546)
    (3.749 -0.00027083)
    (3.75 -0.00027626)
    (3.751 -0.00028192)
    (3.752 -0.00028797)
    (3.753 -0.00029452)
    (3.754 -0.00030145)
    (3.755 -0.00030858)
    (3.756 -0.00031571)
    (3.757 -0.00032264)
    (3.758 -0.00032919)
    (3.759 -0.00033537)
    (3.76 -0.00034121)
    (3.761 -0.00034679)
    (3.762 -0.00035216)
    (3.763 -0.00035733)
    (3.764 -0.00036228)
    (3.765 -0.00036698)
    (3.766 -0.0003714)
    (3.767 -0.00037551)
    (3.768 -0.00037927)
    (3.769 -0.00038268)
    (3.77 -0.00038579)
    (3.771 -0.00038865)
    (3.772 -0.00039134)
    (3.773 -0.00039392)
    (3.774 -0.00039646)
    (3.775 -0.00039903)
    (3.776 -0.00040169)
    (3.777 -0.00040443)
    (3.778 -0.00040724)
    (3.779 -0.00041007)
    (3.78 -0.00041289)
    (3.781 -0.00041567)
    (3.782 -0.00041837)
    (3.783 -0.00042098)
    (3.784 -0.00042346)
    (3.785 -0.00042584)
    (3.786 -0.00042812)
    (3.787 -0.0004303)
    (3.788 -0.00043239)
    (3.789 -0.00043441)
    (3.79 -0.00043635)
    (3.791 -0.00043823)
    (3.792 -0.00044004)
    (3.793 -0.00044178)
    (3.794 -0.00044341)
    (3.795 -0.0004449)
    (3.796 -0.00044623)
    (3.797 -0.00044738)
    (3.798 -0.00044833)
    (3.799 -0.00044911)
    (3.8 -0.00044971)
    (3.801 -0.00045016)
    (3.802 -0.00045045)
    (3.803 -0.0004506)
    (3.804 -0.00045061)
    (3.805 -0.0004505)
    (3.806 -0.00045028)
    (3.807 -0.00044995)
    (3.808 -0.00044953)
    (3.809 -0.00044901)
    (3.81 -0.00044842)
    (3.811 -0.00044776)
    (3.812 -0.00044701)
    (3.813 -0.00044615)
    (3.814 -0.00044513)
    (3.815 -0.00044394)
    (3.816 -0.00044253)
    (3.817 -0.00044088)
    (3.818 -0.00043895)
    (3.819 -0.00043672)
    (3.82 -0.00043419)
    (3.821 -0.0004314)
    (3.822 -0.0004284)
    (3.823 -0.00042525)
    (3.824 -0.000422)
    (3.825 -0.00041868)
    (3.826 -0.00041536)
    (3.827 -0.00041207)
    (3.828 -0.00040885)
    (3.829 -0.0004057)
    (3.83 -0.00040261)
    (3.831 -0.00039958)
    (3.832 -0.00039662)
    (3.833 -0.00039373)
    (3.834 -0.00039089)
    (3.835 -0.00038813)
    (3.836 -0.00038542)
    (3.837 -0.00038277)
    (3.838 -0.00038016)
    (3.839 -0.00037761)
    (3.84 -0.00037509)
    (3.841 -0.0003726)
    (3.842 -0.00037014)
    (3.843 -0.0003677)
    (3.844 -0.00036528)
    (3.845 -0.0003629)
    (3.846 -0.00036056)
    (3.847 -0.00035829)
    (3.848 -0.00035609)
    (3.849 -0.000354)
    (3.85 -0.00035202)
    (3.851 -0.00035018)
    (3.852 -0.00034848)
    (3.853 -0.00034694)
    (3.854 -0.00034551)
    (3.855 -0.00034418)
    (3.856 -0.00034289)
    (3.857 -0.00034162)
    (3.858 -0.00034033)
    (3.859 -0.00033898)
    (3.86 -0.00033754)
    (3.861 -0.00033598)
    (3.862 -0.00033431)
    (3.863 -0.00033256)
    (3.864 -0.00033079)
    (3.865 -0.00032902)
    (3.866 -0.0003273)
    (3.867 -0.00032568)
    (3.868 -0.00032418)
    (3.869 -0.00032286)
    (3.87 -0.0003217)
    (3.871 -0.00032067)
    (3.872 -0.0003197)
    (3.873 -0.00031875)
    (3.874 -0.00031777)
    (3.875 -0.00031671)
    (3.876 -0.00031557)
    (3.877 -0.00031434)
    (3.878 -0.00031303)
    (3.879 -0.00031164)
    (3.88 -0.00031017)
    (3.881 -0.00030862)
    (3.882 -0.00030699)
    (3.883 -0.00030529)
    (3.884 -0.00030352)
    (3.885 -0.00030167)
    (3.886 -0.00029975)
    (3.887 -0.00029776)
    (3.888 -0.0002957)
    (3.889 -0.00029358)
    (3.89 -0.00029139)
    (3.891 -0.00028914)
    (3.892 -0.00028682)
    (3.893 -0.00028445)
    (3.894 -0.00028202)
    (3.895 -0.00027953)
    (3.896 -0.00027698)
    (3.897 -0.0002744)
    (3.898 -0.00027182)
    (3.899 -0.00026925)
    (3.9 -0.00026673)
    (3.901 -0.00026428)
    (3.902 -0.00026192)
    (3.903 -0.00025969)
    (3.904 -0.0002576)
    (3.905 -0.00025565)
    (3.906 -0.00025381)
    (3.907 -0.00025206)
    (3.908 -0.00025035)
    (3.909 -0.00024864)
    (3.91 -0.00024692)
    (3.911 -0.00024513)
    (3.912 -0.00024326)
    (3.913 -0.00024126)
    (3.914 -0.00023914)
    (3.915 -0.00023692)
    (3.916 -0.00023462)
    (3.917 -0.00023225)
    (3.918 -0.00022984)
    (3.919 -0.0002274)
    (3.92 -0.00022494)
    (3.921 -0.0002225)
    (3.922 -0.00022008)
    (3.923 -0.00021769)
    (3.924 -0.00021531)
    (3.925 -0.00021295)
    (3.926 -0.00021061)
    (3.927 -0.00020828)
    (3.928 -0.00020596)
    (3.929 -0.00020365)
    (3.93 -0.00020134)
    (3.931 -0.00019904)
    (3.932 -0.00019672)
    (3.933 -0.00019439)
    (3.934 -0.00019203)
    (3.935 -0.00018964)
    (3.936 -0.0001872)
    (3.937 -0.0001847)
    (3.938 -0.00018215)
    (3.939 -0.00017952)
    (3.94 -0.00017683)
    (3.941 -0.00017411)
    (3.942 -0.00017138)
    (3.943 -0.00016865)
    (3.944 -0.00016595)
    (3.945 -0.0001633)
    (3.946 -0.00016071)
    (3.947 -0.00015821)
    (3.948 -0.0001558)
    (3.949 -0.00015346)
    (3.95 -0.00015116)
    (3.951 -0.00014889)
    (3.952 -0.00014664)
    (3.953 -0.00014438)
    (3.954 -0.0001421)
    (3.955 -0.00013977)
    (3.956 -0.00013738)
    (3.957 -0.00013492)
    (3.958 -0.00013236)
    (3.959 -0.00012972)
    (3.96 -0.00012702)
    (3.961 -0.00012427)
    (3.962 -0.00012148)
    (3.963 -0.00011867)
    (3.964 -0.00011586)
    (3.965 -0.00011305)
    (3.966 -0.00011026)
    (3.967 -0.00010749)
    (3.968 -0.00010473)
    (3.969 -0.00010196)
    (3.97 -9.9159e-05)
    (3.971 -9.6322e-05)
    (3.972 -9.3429e-05)
    (3.973 -9.0465e-05)
    (3.974 -8.7415e-05)
    (3.975 -8.4275e-05)
    (3.976 -8.1051e-05)
    (3.977 -7.7747e-05)
    (3.978 -7.4371e-05)
    (3.979 -7.0926e-05)
    (3.98 -6.742e-05)
    (3.981 -6.3857e-05)
    (3.982 -6.0258e-05)
    (3.983 -5.6661e-05)
    (3.984 -5.3106e-05)
    (3.985 -4.9633e-05)
    (3.986 -4.6283e-05)
    (3.987 -4.3095e-05)
    (3.988 -4.0111e-05)
    (3.989 -3.7368e-05)
    (3.99 -3.4855e-05)
    (3.991 -3.2504e-05)
    (3.992 -3.0241e-05)
    (3.993 -2.7994e-05)
    (3.994 -2.5692e-05)
    (3.995 -2.3261e-05)
    (3.996 -2.0629e-05)
    (3.997 -1.7724e-05)
    (3.998 -1.4474e-05)
    (3.999 -1.0806e-05)
    (4 0)
    (4.001 0)
    (4.002 0)
    (4.003 0)
    (4.004 1.6589e-07)
    (4.005 8.2288e-07)
    (4.006 1.4955e-06)
    (4.007 2.1933e-06)
    (4.008 2.9259e-06)
    (4.009 3.7029e-06)
    (4.01 4.534e-06)
    (4.011 5.4287e-06)
    (4.012 6.3967e-06)
    (4.013 7.4476e-06)
    (4.014 8.5909e-06)
    (4.015 9.8364e-06)
    (4.016 1.1194e-05)
    (4.017 1.2672e-05)
    (4.018 1.4282e-05)
    (4.019 1.6032e-05)
    (4.02 1.7927e-05)
    (4.021 1.9948e-05)
    (4.022 2.2063e-05)
    (4.023 2.4246e-05)
    (4.024 2.6465e-05)
    (4.025 2.8692e-05)
    (4.026 3.0899e-05)
    (4.027 3.3054e-05)
    (4.028 3.5131e-05)
    (4.029 3.7116e-05)
    (4.03 3.9049e-05)
    (4.031 4.0977e-05)
    (4.032 4.2948e-05)
    (4.033 4.501e-05)
    (4.034 4.7209e-05)
    (4.035 4.9595e-05)
    (4.036 5.2213e-05)
    (4.037 5.5109e-05)
    (4.038 5.8272e-05)
    (4.039 6.1655e-05)
    (4.04 6.5208e-05)
    (4.041 6.8882e-05)
    (4.042 7.2627e-05)
    (4.043 7.6393e-05)
    (4.044 8.0131e-05)
    (4.045 8.3793e-05)
    (4.046 8.7327e-05)
    (4.047 9.0688e-05)
    (4.048 9.3869e-05)
    (4.049 9.6902e-05)
    (4.05 9.982e-05)
    (4.051 0.00010266)
    (4.052 0.00010545)
    (4.053 0.00010822)
    (4.054 0.00011101)
    (4.055 0.00011386)
    (4.056 0.00011679)
    (4.057 0.00011984)
    (4.058 0.00012306)
    (4.059 0.00012648)
    (4.06 0.00013014)
    (4.061 0.00013408)
    (4.062 0.00013833)
    (4.063 0.00014287)
    (4.064 0.0001476)
    (4.065 0.0001524)
    (4.066 0.00015719)
    (4.067 0.00016184)
    (4.068 0.00016625)
    (4.069 0.00017035)
    (4.07 0.00017416)
    (4.071 0.00017775)
    (4.072 0.00018119)
    (4.073 0.00018454)
    (4.074 0.00018786)
    (4.075 0.00019123)
    (4.076 0.00019471)
    (4.077 0.00019831)
    (4.078 0.00020202)
    (4.079 0.00020585)
    (4.08 0.00020977)
    (4.081 0.0002138)
    (4.082 0.00021792)
    (4.083 0.00022212)
    (4.084 0.00022641)
    (4.085 0.00023073)
    (4.086 0.00023504)
    (4.087 0.00023929)
    (4.088 0.00024343)
    (4.089 0.00024741)
    (4.09 0.00025119)
    (4.091 0.00025475)
    (4.092 0.00025815)
    (4.093 0.00026144)
    (4.094 0.00026469)
    (4.095 0.00026794)
    (4.096 0.00027126)
    (4.097 0.00027469)
    (4.098 0.00027822)
    (4.099 0.00028182)
    (4.1 0.00028546)
    (4.101 0.00028912)
    (4.102 0.00029276)
    (4.103 0.00029636)
    (4.104 0.00029988)
    (4.105 0.0003033)
    (4.106 0.00030662)
    (4.107 0.00030984)
    (4.108 0.00031298)
    (4.109 0.00031602)
    (4.11 0.00031898)
    (4.111 0.00032187)
    (4.112 0.00032467)
    (4.113 0.00032741)
    (4.114 0.00033008)
    (4.115 0.0003327)
    (4.116 0.00033526)
    (4.117 0.00033778)
    (4.118 0.00034027)
    (4.119 0.00034272)
    (4.12 0.00034516)
    (4.121 0.00034757)
    (4.122 0.00034998)
    (4.123 0.00035238)
    (4.124 0.00035477)
    (4.125 0.00035713)
    (4.126 0.00035946)
    (4.127 0.00036177)
    (4.128 0.00036403)
    (4.129 0.00036625)
    (4.13 0.00036842)
    (4.131 0.00037053)
    (4.132 0.00037257)
    (4.133 0.00037454)
    (4.134 0.00037642)
    (4.135 0.00037819)
    (4.136 0.00037986)
    (4.137 0.00038141)
    (4.138 0.00038282)
    (4.139 0.00038409)
    (4.14 0.00038522)
    (4.141 0.0003862)
    (4.142 0.00038706)
    (4.143 0.0003878)
    (4.144 0.00038843)
    (4.145 0.00038896)
    (4.146 0.00038939)
    (4.147 0.00038973)
    (4.148 0.00039)
    (4.149 0.0003902)
    (4.15 0.00039034)
    (4.151 0.00039042)
    (4.152 0.00039045)
    (4.153 0.00039043)
    (4.154 0.00039038)
    (4.155 0.0003903)
    (4.156 0.00039019)
    (4.157 0.00039007)
    (4.158 0.00038991)
    (4.159 0.00038974)
    (4.16 0.00038953)
    (4.161 0.00038928)
    (4.162 0.000389)
    (4.163 0.00038867)
    (4.164 0.00038829)
    (4.165 0.00038786)
    (4.166 0.00038738)
    (4.167 0.00038681)
    (4.168 0.00038614)
    (4.169 0.00038537)
    (4.17 0.00038446)
    (4.171 0.00038341)
    (4.172 0.0003822)
    (4.173 0.00038081)
    (4.174 0.00037923)
    (4.175 0.00037746)
    (4.176 0.00037553)
    (4.177 0.00037346)
    (4.178 0.00037127)
    (4.179 0.00036898)
    (4.18 0.00036661)
    (4.181 0.00036419)
    (4.182 0.00036173)
    (4.183 0.00035925)
    (4.184 0.00035677)
    (4.185 0.0003543)
    (4.186 0.00035183)
    (4.187 0.00034939)
    (4.188 0.00034697)
    (4.189 0.00034459)
    (4.19 0.00034226)
    (4.191 0.00033998)
    (4.192 0.00033774)
    (4.193 0.00033551)
    (4.194 0.00033324)
    (4.195 0.00033091)
    (4.196 0.00032846)
    (4.197 0.00032587)
    (4.198 0.00032309)
    (4.199 0.00032009)
    (4.2 0.00031684)
    (4.201 0.00031339)
    (4.202 0.00030978)
    (4.203 0.00030606)
    (4.204 0.00030228)
    (4.205 0.00029848)
    (4.206 0.00029471)
    (4.207 0.00029102)
    (4.208 0.00028745)
    (4.209 0.00028399)
    (4.21 0.00028063)
    (4.211 0.00027734)
    (4.212 0.00027411)
    (4.213 0.00027091)
    (4.214 0.00026773)
    (4.215 0.00026454)
    (4.216 0.00026132)
    (4.217 0.00025804)
    (4.218 0.00025467)
    (4.219 0.00025118)
    (4.22 0.00024755)
    (4.221 0.00024373)
    (4.222 0.00023971)
    (4.223 0.0002355)
    (4.224 0.00023114)
    (4.225 0.00022672)
    (4.226 0.00022229)
    (4.227 0.00021792)
    (4.228 0.00021367)
    (4.229 0.00020959)
    (4.23 0.00020566)
    (4.231 0.00020185)
    (4.232 0.00019812)
    (4.233 0.00019444)
    (4.234 0.00019078)
    (4.235 0.00018712)
    (4.236 0.00018345)
    (4.237 0.00017979)
    (4.238 0.00017614)
    (4.239 0.0001725)
    (4.24 0.00016889)
    (4.241 0.00016531)
    (4.242 0.00016176)
    (4.243 0.00015822)
    (4.244 0.00015465)
    (4.245 0.00015103)
    (4.246 0.00014731)
    (4.247 0.00014346)
    (4.248 0.00013945)
    (4.249 0.00013528)
    (4.25 0.00013103)
    (4.251 0.00012676)
    (4.252 0.00012255)
    (4.253 0.00011848)
    (4.254 0.00011461)
    (4.255 0.00011102)
    (4.256 0.00010768)
    (4.257 0.00010453)
    (4.258 0.00010151)
    (4.259 9.8581e-05)
    (4.26 9.5671e-05)
    (4.261 9.2727e-05)
    (4.262 8.9693e-05)
    (4.263 8.6523e-05)
    (4.264 8.3231e-05)
    (4.265 7.9857e-05)
    (4.266 7.6437e-05)
    (4.267 7.3011e-05)
    (4.268 6.9616e-05)
    (4.269 6.629e-05)
    (4.27 6.3072e-05)
    (4.271 5.9992e-05)
    (4.272 5.705e-05)
    (4.273 5.4232e-05)
    (4.274 5.1526e-05)
    (4.275 4.892e-05)
    (4.276 4.6402e-05)
    (4.277 4.3958e-05)
    (4.278 4.1576e-05)
    (4.279 3.9244e-05)
    (4.28 3.6952e-05)
    (4.281 3.4702e-05)
    (4.282 3.2503e-05)
    (4.283 3.0365e-05)
    (4.284 2.8295e-05)
    (4.285 2.6302e-05)
    (4.286 2.4396e-05)
    (4.287 2.2586e-05)
    (4.288 2.0879e-05)
    (4.289 1.9271e-05)
    (4.29 1.7749e-05)
    (4.291 1.6299e-05)
    (4.292 1.4908e-05)
    (4.293 1.3562e-05)
    (4.294 1.2246e-05)
    (4.295 1.0948e-05)
    (4.296 9.6537e-06)
    (4.297 8.3533e-06)
    (4.298 7.0592e-06)
    (4.299 5.7907e-06)
    (4.3 4.567e-06)
    (4.301 3.4072e-06)
    (4.302 2.3306e-06)
    (4.303 0)
    (4.304 0)
    (4.305 0)
    (4.306 0)
    (4.307 0)
    (4.308 0)
    (4.309 0)
    (4.31 0)
    (4.311 0)
    (4.312 0)
    (4.313 0)
    (4.314 0)
    (4.315 0)
    (4.316 0)
    (4.317 0)
    (4.318 0)
    (4.319 0)
    (4.32 0)
    (4.321 0)
    (4.322 0)
    (4.323 0)
    (4.324 0)
    (4.325 0)
    (4.326 0)
    (4.327 0)
    (4.328 0)
    (4.329 0)
    (4.33 0)
    (4.331 0)
    (4.332 0)
    (4.333 0)
    (4.334 0)
    (4.335 0)
    (4.336 0)
    (4.337 0)
    (4.338 0)
    (4.339 0)
    (4.34 0)
    (4.341 0)
    (4.342 0)
    (4.343 0)
    (4.344 0)
    (4.345 0)
    (4.346 0)
    (4.347 0)
    (4.348 0)
    (4.349 0)
    (4.35 0)
    (4.351 0)
    (4.352 0)
    (4.353 0)
    (4.354 0)
    (4.355 0)
    (4.356 0)
    (4.357 0)
    (4.358 0)
    (4.359 0)
    (4.36 0)
    (4.361 0)
    (4.362 0)
    (4.363 0)
    (4.364 0)
    (4.365 0)
    (4.366 0)
    (4.367 0)
    (4.368 0)
    (4.369 0)
    (4.37 0)
    (4.371 0)
    (4.372 0)
    (4.373 0)
    (4.374 0)
    (4.375 0)
    (4.376 0)
    (4.377 0)
    (4.378 0)
    (4.379 0)
    (4.38 0)
    (4.381 0)
    (4.382 0)
    (4.383 0)
    (4.384 0)
    (4.385 0)
    (4.386 0)
    (4.387 0)
    (4.388 0)
    (4.389 0)
    (4.39 0)
    (4.391 0)
    (4.392 0)
    (4.393 0)
    (4.394 0)
    (4.395 0)
    (4.396 0)
    (4.397 0)
    (4.398 0)
    (4.399 0)
    (4.4 0)
    (4.401 0)
    (4.402 0)
    (4.403 0)
    (4.404 0)
    (4.405 0)
    (4.406 0)
    (4.407 0)
    (4.408 0)
    (4.409 0)
    (4.41 0)
    (4.411 0)
    (4.412 0)
    (4.413 0)
    (4.414 0)
    (4.415 0)
    (4.416 0)
    (4.417 0)
    (4.418 0)
    (4.419 0)
    (4.42 0)
    (4.421 0)
    (4.422 0)
    (4.423 0)
    (4.424 0)
    (4.425 0)
    (4.426 0)
    (4.427 0)
    (4.428 0)
    (4.429 0)
    (4.43 0)
    (4.431 0)
    (4.432 0)
    (4.433 0)
    (4.434 0)
    (4.435 0)
    (4.436 0)
    (4.437 0)
    (4.438 0)
    (4.439 0)
    (4.44 0)
    (4.441 0)
    (4.442 0)
    (4.443 0)
    (4.444 0)
    (4.445 0)
    (4.446 0)
    (4.447 0)
    (4.448 0)
    (4.449 0)
    (4.45 0)
    (4.451 0)
    (4.452 0)
    (4.453 0)
    (4.454 0)
    (4.455 0)
    (4.456 0)
    (4.457 0)
    (4.458 0)
    (4.459 0)
    (4.46 0)
    (4.461 0)
    (4.462 0)
    (4.463 0)
    (4.464 0)
    (4.465 0)
    (4.466 0)
    (4.467 0)
    (4.468 0)
    (4.469 0)
    (4.47 0)
    (4.471 0)
    (4.472 0)
    (4.473 0)
    (4.474 0)
    (4.475 0)
    (4.476 0)
    (4.477 0)
    (4.478 0)
    (4.479 0)
    (4.48 0)
    (4.481 0)
    (4.482 0)
    (4.483 0)
    (4.484 0)
    (4.485 0)
    (4.486 0)
    (4.487 0)
    (4.488 0)
    (4.489 0)
    (4.49 0)
    (4.491 0)
    (4.492 3.0234e-07)
    (4.493 1.0447e-06)
    (4.494 1.9813e-06)
    (4.495 3.1367e-06)
    (4.496 4.5296e-06)
    (4.497 6.1401e-06)
    (4.498 7.933e-06)
    (4.499 9.8729e-06)
    (4.5 1.1924e-05)
    (4.501 1.4052e-05)
    (4.502 1.6221e-05)
    (4.503 1.8396e-05)
    (4.504 2.0541e-05)
    (4.505 2.2635e-05)
    (4.506 2.4711e-05)
    (4.507 2.6809e-05)
    (4.508 2.8972e-05)
    (4.509 3.1242e-05)
    (4.51 3.3662e-05)
    (4.511 3.6272e-05)
    (4.512 3.9116e-05)
    (4.513 4.2212e-05)
    (4.514 4.554e-05)
    (4.515 4.9075e-05)
    (4.516 5.2793e-05)
    (4.517 5.6667e-05)
    (4.518 6.0673e-05)
    (4.519 6.4786e-05)
    (4.52 6.8981e-05)
    (4.521 7.3234e-05)
    (4.522 7.752e-05)
    (4.523 8.1815e-05)
    (4.524 8.6094e-05)
    (4.525 9.0334e-05)
    (4.526 9.4511e-05)
    (4.527 9.8621e-05)
    (4.528 0.00010268)
    (4.529 0.00010669)
    (4.53 0.00011067)
    (4.531 0.00011464)
    (4.532 0.00011859)
    (4.533 0.00012254)
    (4.534 0.00012649)
    (4.535 0.00013042)
    (4.536 0.00013432)
    (4.537 0.00013818)
    (4.538 0.00014199)
    (4.539 0.00014574)
    (4.54 0.00014942)
    (4.541 0.00015303)
    (4.542 0.00015658)
    (4.543 0.00016007)
    (4.544 0.00016349)
    (4.545 0.00016685)
    (4.546 0.00017016)
    (4.547 0.0001734)
    (4.548 0.00017656)
    (4.549 0.00017961)
    (4.55 0.00018253)
    (4.551 0.00018531)
    (4.552 0.00018792)
    (4.553 0.00019034)
    (4.554 0.00019257)
    (4.555 0.0001946)
    (4.556 0.00019646)
    (4.557 0.00019816)
    (4.558 0.0001997)
    (4.559 0.0002011)
    (4.56 0.00020237)
    (4.561 0.00020352)
    (4.562 0.00020456)
    (4.563 0.0002055)
    (4.564 0.00020631)
    (4.565 0.00020699)
    (4.566 0.00020752)
    (4.567 0.00020788)
    (4.568 0.00020807)
    (4.569 0.00020807)
    (4.57 0.00020787)
    (4.571 0.00020746)
    (4.572 0.00020686)
    (4.573 0.00020609)
    (4.574 0.00020517)
    (4.575 0.00020411)
    (4.576 0.00020294)
    (4.577 0.00020166)
    (4.578 0.0002003)
    (4.579 0.00019887)
    (4.58 0.00019739)
    (4.581 0.00019583)
    (4.582 0.00019418)
    (4.583 0.00019244)
    (4.584 0.00019059)
    (4.585 0.00018862)
    (4.586 0.00018651)
    (4.587 0.00018424)
    (4.588 0.00018182)
    (4.589 0.00017922)
    (4.59 0.00017643)
    (4.591 0.00017346)
    (4.592 0.0001703)
    (4.593 0.00016692)
    (4.594 0.00016334)
    (4.595 0.00015954)
    (4.596 0.00015553)
    (4.597 0.00015138)
    (4.598 0.00014717)
    (4.599 0.00014297)
    (4.6 0.00013885)
    (4.601 0.00013489)
    (4.602 0.00013116)
    (4.603 0.00012761)
    (4.604 0.00012419)
    (4.605 0.00012084)
    (4.606 0.00011749)
    (4.607 0.00011409)
    (4.608 0.00011056)
    (4.609 0.00010687)
    (4.61 0.00010302)
    (4.611 9.9022e-05)
    (4.612 9.4894e-05)
    (4.613 9.0652e-05)
    (4.614 8.6312e-05)
    (4.615 8.1898e-05)
    (4.616 7.7449e-05)
    (4.617 7.3006e-05)
    (4.618 6.8613e-05)
    (4.619 6.4309e-05)
    (4.62 6.0138e-05)
    (4.621 5.614e-05)
    (4.622 5.2359e-05)
    (4.623 4.8827e-05)
    (4.624 4.5536e-05)
    (4.625 4.2464e-05)
    (4.626 3.9591e-05)
    (4.627 3.6895e-05)
    (4.628 3.4354e-05)
    (4.629 3.1947e-05)
    (4.63 2.9652e-05)
    (4.631 2.7449e-05)
    (4.632 2.533e-05)
    (4.633 2.3286e-05)
    (4.634 2.131e-05)
    (4.635 1.9395e-05)
    (4.636 1.7533e-05)
    (4.637 1.5717e-05)
    (4.638 1.3938e-05)
    (4.639 1.2191e-05)
    (4.64 1.0468e-05)
    (4.641 8.7799e-06)
    (4.642 7.1499e-06)
    (4.643 5.6022e-06)
    (4.644 4.1607e-06)
    (4.645 2.8495e-06)
    (4.646 0)
    (4.647 0)
    (4.648 0)
    (4.649 0)
    (4.65 0)
    (4.651 0)
    (4.652 0)
    (4.653 0)
    (4.654 0)
    (4.655 0)
    (4.656 0)
    (4.657 0)
    (4.658 0)
    (4.659 0)
    (4.66 0)
    (4.661 0)
    (4.662 0)
    (4.663 0)
    (4.664 0)
    (4.665 0)
    (4.666 0)
    (4.667 0)
    (4.668 0)
    (4.669 0)
    (4.67 0)
    (4.671 0)
    (4.672 0)
    (4.673 0)
    (4.674 0)
    (4.675 0)
    (4.676 -8.796e-08)
    (4.677 -6.8523e-07)
    (4.678 -1.4262e-06)
    (4.679 -2.3053e-06)
    (4.68 -3.317e-06)
    (4.681 -4.4557e-06)
    (4.682 -5.7159e-06)
    (4.683 -7.0913e-06)
    (4.684 -8.5699e-06)
    (4.685 -1.0137e-05)
    (4.686 -1.1776e-05)
    (4.687 -1.3474e-05)
    (4.688 -1.5213e-05)
    (4.689 -1.6981e-05)
    (4.69 -1.876e-05)
    (4.691 -2.0536e-05)
    (4.692 -2.2301e-05)
    (4.693 -2.4075e-05)
    (4.694 -2.5883e-05)
    (4.695 -2.7749e-05)
    (4.696 -2.9697e-05)
    (4.697 -3.1753e-05)
    (4.698 -3.3941e-05)
    (4.699 -3.6286e-05)
    (4.7 -3.8812e-05)
    (4.701 -4.1544e-05)
    (4.702 -4.4506e-05)
    (4.703 -4.7694e-05)
    (4.704 -5.1084e-05)
    (4.705 -5.4647e-05)
    (4.706 -5.8357e-05)
    (4.707 -6.2185e-05)
    (4.708 -6.6104e-05)
    (4.709 -7.0088e-05)
    (4.71 -7.4119e-05)
    (4.711 -7.8202e-05)
    (4.712 -8.2343e-05)
    (4.713 -8.6547e-05)
    (4.714 -9.0821e-05)
    (4.715 -9.5169e-05)
    (4.716 -9.9596e-05)
    (4.717 -0.0001041)
    (4.718 -0.00010868)
    (4.719 -0.00011333)
    (4.72 -0.00011804)
    (4.721 -0.00012281)
    (4.722 -0.00012764)
    (4.723 -0.00013251)
    (4.724 -0.00013739)
    (4.725 -0.00014224)
    (4.726 -0.00014705)
    (4.727 -0.00015177)
    (4.728 -0.00015638)
    (4.729 -0.00016093)
    (4.73 -0.00016555)
    (4.731 -0.00017039)
    (4.732 -0.00017559)
    (4.733 -0.00018128)
    (4.734 -0.00018744)
    (4.735 -0.0001938)
    (4.736 -0.00020011)
    (4.737 -0.00020611)
    (4.738 -0.00021163)
    (4.739 -0.00021679)
    (4.74 -0.00022176)
    (4.741 -0.00022672)
    (4.742 -0.00023185)
    (4.743 -0.00023726)
    (4.744 -0.00024289)
    (4.745 -0.00024864)
    (4.746 -0.00025439)
    (4.747 -0.00026002)
    (4.748 -0.00026546)
    (4.749 -0.00027083)
    (4.75 -0.00027626)
    (4.751 -0.00028192)
    (4.752 -0.00028797)
    (4.753 -0.00029452)
    (4.754 -0.00030145)
    (4.755 -0.00030858)
    (4.756 -0.00031571)
    (4.757 -0.00032264)
    (4.758 -0.00032919)
    (4.759 -0.00033537)
    (4.76 -0.00034121)
    (4.761 -0.00034679)
    (4.762 -0.00035216)
    (4.763 -0.00035733)
    (4.764 -0.00036228)
    (4.765 -0.00036698)
    (4.766 -0.0003714)
    (4.767 -0.00037551)
    (4.768 -0.00037927)
    (4.769 -0.00038268)
    (4.77 -0.00038579)
    (4.771 -0.00038865)
    (4.772 -0.00039134)
    (4.773 -0.00039392)
    (4.774 -0.00039646)
    (4.775 -0.00039903)
    (4.776 -0.00040169)
    (4.777 -0.00040443)
    (4.778 -0.00040724)
    (4.779 -0.00041007)
    (4.78 -0.00041289)
    (4.781 -0.00041567)
    (4.782 -0.00041837)
    (4.783 -0.00042098)
    (4.784 -0.00042346)
    (4.785 -0.00042584)
    (4.786 -0.00042812)
    (4.787 -0.0004303)
    (4.788 -0.00043239)
    (4.789 -0.00043441)
    (4.79 -0.00043635)
    (4.791 -0.00043823)
    (4.792 -0.00044004)
    (4.793 -0.00044178)
    (4.794 -0.00044341)
    (4.795 -0.0004449)
    (4.796 -0.00044623)
    (4.797 -0.00044738)
    (4.798 -0.00044833)
    (4.799 -0.00044911)
    (4.8 -0.00044971)
    (4.801 -0.00045016)
    (4.802 -0.00045045)
    (4.803 -0.0004506)
    (4.804 -0.00045061)
    (4.805 -0.0004505)
    (4.806 -0.00045028)
    (4.807 -0.00044995)
    (4.808 -0.00044953)
    (4.809 -0.00044901)
    (4.81 -0.00044842)
    (4.811 -0.00044776)
    (4.812 -0.00044701)
    (4.813 -0.00044615)
    (4.814 -0.00044513)
    (4.815 -0.00044394)
    (4.816 -0.00044253)
    (4.817 -0.00044088)
    (4.818 -0.00043895)
    (4.819 -0.00043672)
    (4.82 -0.00043419)
    (4.821 -0.0004314)
    (4.822 -0.0004284)
    (4.823 -0.00042525)
    (4.824 -0.000422)
    (4.825 -0.00041868)
    (4.826 -0.00041536)
    (4.827 -0.00041207)
    (4.828 -0.00040885)
    (4.829 -0.0004057)
    (4.83 -0.00040261)
    (4.831 -0.00039958)
    (4.832 -0.00039662)
    (4.833 -0.00039373)
    (4.834 -0.00039089)
    (4.835 -0.00038813)
    (4.836 -0.00038542)
    (4.837 -0.00038277)
    (4.838 -0.00038016)
    (4.839 -0.00037761)
    (4.84 -0.00037509)
    (4.841 -0.0003726)
    (4.842 -0.00037014)
    (4.843 -0.0003677)
    (4.844 -0.00036528)
    (4.845 -0.0003629)
    (4.846 -0.00036056)
    (4.847 -0.00035829)
    (4.848 -0.00035609)
    (4.849 -0.000354)
    (4.85 -0.00035202)
    (4.851 -0.00035018)
    (4.852 -0.00034848)
    (4.853 -0.00034694)
    (4.854 -0.00034551)
    (4.855 -0.00034418)
    (4.856 -0.00034289)
    (4.857 -0.00034162)
    (4.858 -0.00034033)
    (4.859 -0.00033898)
    (4.86 -0.00033754)
    (4.861 -0.00033598)
    (4.862 -0.00033431)
    (4.863 -0.00033256)
    (4.864 -0.00033079)
    (4.865 -0.00032902)
    (4.866 -0.0003273)
    (4.867 -0.00032568)
    (4.868 -0.00032418)
    (4.869 -0.00032286)
    (4.87 -0.0003217)
    (4.871 -0.00032067)
    (4.872 -0.0003197)
    (4.873 -0.00031875)
    (4.874 -0.00031777)
    (4.875 -0.00031671)
    (4.876 -0.00031557)
    (4.877 -0.00031434)
    (4.878 -0.00031303)
    (4.879 -0.00031164)
    (4.88 -0.00031017)
    (4.881 -0.00030862)
    (4.882 -0.00030699)
    (4.883 -0.00030529)
    (4.884 -0.00030352)
    (4.885 -0.00030167)
    (4.886 -0.00029975)
    (4.887 -0.00029776)
    (4.888 -0.0002957)
    (4.889 -0.00029358)
    (4.89 -0.00029139)
    (4.891 -0.00028914)
    (4.892 -0.00028682)
    (4.893 -0.00028445)
    (4.894 -0.00028202)
    (4.895 -0.00027953)
    (4.896 -0.00027698)
    (4.897 -0.0002744)
    (4.898 -0.00027182)
    (4.899 -0.00026925)
    (4.9 -0.00026673)
    (4.901 -0.00026428)
    (4.902 -0.00026192)
    (4.903 -0.00025969)
    (4.904 -0.0002576)
    (4.905 -0.00025565)
    (4.906 -0.00025381)
    (4.907 -0.00025206)
    (4.908 -0.00025035)
    (4.909 -0.00024864)
    (4.91 -0.00024692)
    (4.911 -0.00024513)
    (4.912 -0.00024326)
    (4.913 -0.00024126)
    (4.914 -0.00023914)
    (4.915 -0.00023692)
    (4.916 -0.00023462)
    (4.917 -0.00023225)
    (4.918 -0.00022984)
    (4.919 -0.0002274)
    (4.92 -0.00022494)
    (4.921 -0.0002225)
    (4.922 -0.00022008)
    (4.923 -0.00021769)
    (4.924 -0.00021531)
    (4.925 -0.00021295)
    (4.926 -0.00021061)
    (4.927 -0.00020828)
    (4.928 -0.00020596)
    (4.929 -0.00020365)
    (4.93 -0.00020134)
    (4.931 -0.00019904)
    (4.932 -0.00019672)
    (4.933 -0.00019439)
    (4.934 -0.00019203)
    (4.935 -0.00018964)
    (4.936 -0.0001872)
    (4.937 -0.0001847)
    (4.938 -0.00018215)
    (4.939 -0.00017952)
    (4.94 -0.00017683)
    (4.941 -0.00017411)
    (4.942 -0.00017138)
    (4.943 -0.00016865)
    (4.944 -0.00016595)
    (4.945 -0.0001633)
    (4.946 -0.00016071)
    (4.947 -0.00015821)
    (4.948 -0.0001558)
    (4.949 -0.00015346)
    (4.95 -0.00015116)
    (4.951 -0.00014889)
    (4.952 -0.00014664)
    (4.953 -0.00014438)
    (4.954 -0.0001421)
    (4.955 -0.00013977)
    (4.956 -0.00013738)
    (4.957 -0.00013492)
    (4.958 -0.00013236)
    (4.959 -0.00012972)
    (4.96 -0.00012702)
    (4.961 -0.00012427)
    (4.962 -0.00012148)
    (4.963 -0.00011867)
    (4.964 -0.00011586)
    (4.965 -0.00011305)
    (4.966 -0.00011026)
    (4.967 -0.00010749)
    (4.968 -0.00010473)
    (4.969 -0.00010196)
    (4.97 -9.9159e-05)
    (4.971 -9.6322e-05)
    (4.972 -9.3429e-05)
    (4.973 -9.0465e-05)
    (4.974 -8.7415e-05)
    (4.975 -8.4275e-05)
    (4.976 -8.1051e-05)
    (4.977 -7.7747e-05)
    (4.978 -7.4371e-05)
    (4.979 -7.0926e-05)
    (4.98 -6.742e-05)
    (4.981 -6.3857e-05)
    (4.982 -6.0258e-05)
    (4.983 -5.6661e-05)
    (4.984 -5.3106e-05)
    (4.985 -4.9633e-05)
    (4.986 -4.6283e-05)
    (4.987 -4.3095e-05)
    (4.988 -4.0111e-05)
    (4.989 -3.7368e-05)
    (4.99 -3.4855e-05)
    (4.991 -3.2504e-05)
    (4.992 -3.0241e-05)
    (4.993 -2.7994e-05)
    (4.994 -2.5692e-05)
    (4.995 -2.3261e-05)
    (4.996 -2.0629e-05)
    (4.997 -1.7724e-05)
    (4.998 -1.4474e-05)
    (4.999 -1.0806e-05)
    (5 0)
    (5.001 0)
    (5.002 0)
    (5.003 0)
    (5.004 1.6589e-07)
    (5.005 8.2288e-07)
    (5.006 1.4955e-06)
    (5.007 2.1933e-06)
    (5.008 2.9259e-06)
    (5.009 3.7029e-06)
    (5.01 4.534e-06)
    (5.011 5.4287e-06)
    (5.012 6.3967e-06)
    (5.013 7.4476e-06)
    (5.014 8.5909e-06)
    (5.015 9.8364e-06)
    (5.016 1.1194e-05)
    (5.017 1.2672e-05)
    (5.018 1.4282e-05)
    (5.019 1.6032e-05)
    (5.02 1.7927e-05)
    (5.021 1.9948e-05)
    (5.022 2.2063e-05)
    (5.023 2.4246e-05)
    (5.024 2.6465e-05)
    (5.025 2.8692e-05)
    (5.026 3.0899e-05)
    (5.027 3.3054e-05)
    (5.028 3.5131e-05)
    (5.029 3.7116e-05)
    (5.03 3.9049e-05)
    (5.031 4.0977e-05)
    (5.032 4.2948e-05)
    (5.033 4.501e-05)
    (5.034 4.7209e-05)
    (5.035 4.9595e-05)
    (5.036 5.2213e-05)
    (5.037 5.5109e-05)
    (5.038 5.8272e-05)
    (5.039 6.1655e-05)
    (5.04 6.5208e-05)
    (5.041 6.8882e-05)
    (5.042 7.2627e-05)
    (5.043 7.6393e-05)
    (5.044 8.0131e-05)
    (5.045 8.3793e-05)
    (5.046 8.7327e-05)
    (5.047 9.0688e-05)
    (5.048 9.3869e-05)
    (5.049 9.6902e-05)
    (5.05 9.982e-05)
    (5.051 0.00010266)
    (5.052 0.00010545)
    (5.053 0.00010822)
    (5.054 0.00011101)
    (5.055 0.00011386)
    (5.056 0.00011679)
    (5.057 0.00011984)
    (5.058 0.00012306)
    (5.059 0.00012648)
    (5.06 0.00013014)
    (5.061 0.00013408)
    (5.062 0.00013833)
    (5.063 0.00014287)
    (5.064 0.0001476)
    (5.065 0.0001524)
    (5.066 0.00015719)
    (5.067 0.00016184)
    (5.068 0.00016625)
    (5.069 0.00017035)
    (5.07 0.00017416)
    (5.071 0.00017775)
    (5.072 0.00018119)
    (5.073 0.00018454)
    (5.074 0.00018786)
    (5.075 0.00019123)
    (5.076 0.00019471)
    (5.077 0.00019831)
    (5.078 0.00020202)
    (5.079 0.00020585)
    (5.08 0.00020977)
    (5.081 0.0002138)
    (5.082 0.00021792)
    (5.083 0.00022212)
    (5.084 0.00022641)
    (5.085 0.00023073)
    (5.086 0.00023504)
    (5.087 0.00023929)
    (5.088 0.00024343)
    (5.089 0.00024741)
    (5.09 0.00025119)
    (5.091 0.00025475)
    (5.092 0.00025815)
    (5.093 0.00026144)
    (5.094 0.00026469)
    (5.095 0.00026794)
    (5.096 0.00027126)
    (5.097 0.00027469)
    (5.098 0.00027822)
    (5.099 0.00028182)
    (5.1 0.00028546)
    (5.101 0.00028912)
    (5.102 0.00029276)
    (5.103 0.00029636)
    (5.104 0.00029988)
    (5.105 0.0003033)
    (5.106 0.00030662)
    (5.107 0.00030984)
    (5.108 0.00031298)
    (5.109 0.00031602)
    (5.11 0.00031898)
    (5.111 0.00032187)
    (5.112 0.00032467)
    (5.113 0.00032741)
    (5.114 0.00033008)
    (5.115 0.0003327)
    (5.116 0.00033526)
    (5.117 0.00033778)
    (5.118 0.00034027)
    (5.119 0.00034272)
    (5.12 0.00034516)
    (5.121 0.00034757)
    (5.122 0.00034998)
    (5.123 0.00035238)
    (5.124 0.00035477)
    (5.125 0.00035713)
    (5.126 0.00035946)
    (5.127 0.00036177)
    (5.128 0.00036403)
    (5.129 0.00036625)
    (5.13 0.00036842)
    (5.131 0.00037053)
    (5.132 0.00037257)
    (5.133 0.00037454)
    (5.134 0.00037642)
    (5.135 0.00037819)
    (5.136 0.00037986)
    (5.137 0.00038141)
    (5.138 0.00038282)
    (5.139 0.00038409)
    (5.14 0.00038522)
    (5.141 0.0003862)
    (5.142 0.00038706)
    (5.143 0.0003878)
    (5.144 0.00038843)
    (5.145 0.00038896)
    (5.146 0.00038939)
    (5.147 0.00038973)
    (5.148 0.00039)
    (5.149 0.0003902)
    (5.15 0.00039034)
    (5.151 0.00039042)
    (5.152 0.00039045)
    (5.153 0.00039043)
    (5.154 0.00039038)
    (5.155 0.0003903)
    (5.156 0.00039019)
    (5.157 0.00039007)
    (5.158 0.00038991)
    (5.159 0.00038974)
    (5.16 0.00038953)
    (5.161 0.00038928)
    (5.162 0.000389)
    (5.163 0.00038867)
    (5.164 0.00038829)
    (5.165 0.00038786)
    (5.166 0.00038738)
    (5.167 0.00038681)
    (5.168 0.00038614)
    (5.169 0.00038537)
    (5.17 0.00038446)
    (5.171 0.00038341)
    (5.172 0.0003822)
    (5.173 0.00038081)
    (5.174 0.00037923)
    (5.175 0.00037746)
    (5.176 0.00037553)
    (5.177 0.00037346)
    (5.178 0.00037127)
    (5.179 0.00036898)
    (5.18 0.00036661)
    (5.181 0.00036419)
    (5.182 0.00036173)
    (5.183 0.00035925)
    (5.184 0.00035677)
    (5.185 0.0003543)
    (5.186 0.00035183)
    (5.187 0.00034939)
    (5.188 0.00034697)
    (5.189 0.00034459)
    (5.19 0.00034226)
    (5.191 0.00033998)
    (5.192 0.00033774)
    (5.193 0.00033551)
    (5.194 0.00033324)
    (5.195 0.00033091)
    (5.196 0.00032846)
    (5.197 0.00032587)
    (5.198 0.00032309)
    (5.199 0.00032009)
    (5.2 0.00031684)
    (5.201 0.00031339)
    (5.202 0.00030978)
    (5.203 0.00030606)
    (5.204 0.00030228)
    (5.205 0.00029848)
    (5.206 0.00029471)
    (5.207 0.00029102)
    (5.208 0.00028745)
    (5.209 0.00028399)
    (5.21 0.00028063)
    (5.211 0.00027734)
    (5.212 0.00027411)
    (5.213 0.00027091)
    (5.214 0.00026773)
    (5.215 0.00026454)
    (5.216 0.00026132)
    (5.217 0.00025804)
    (5.218 0.00025467)
    (5.219 0.00025118)
    (5.22 0.00024755)
    (5.221 0.00024373)
    (5.222 0.00023971)
    (5.223 0.0002355)
    (5.224 0.00023114)
    (5.225 0.00022672)
    (5.226 0.00022229)
    (5.227 0.00021792)
    (5.228 0.00021367)
    (5.229 0.00020959)
    (5.23 0.00020566)
    (5.231 0.00020185)
    (5.232 0.00019812)
    (5.233 0.00019444)
    (5.234 0.00019078)
    (5.235 0.00018712)
    (5.236 0.00018345)
    (5.237 0.00017979)
    (5.238 0.00017614)
    (5.239 0.0001725)
    (5.24 0.00016889)
    (5.241 0.00016531)
    (5.242 0.00016176)
    (5.243 0.00015822)
    (5.244 0.00015465)
    (5.245 0.00015103)
    (5.246 0.00014731)
    (5.247 0.00014346)
    (5.248 0.00013945)
    (5.249 0.00013528)
    (5.25 0.00013103)
    (5.251 0.00012676)
    (5.252 0.00012255)
    (5.253 0.00011848)
    (5.254 0.00011461)
    (5.255 0.00011102)
    (5.256 0.00010768)
    (5.257 0.00010453)
    (5.258 0.00010151)
    (5.259 9.8581e-05)
    (5.26 9.5671e-05)
    (5.261 9.2727e-05)
    (5.262 8.9693e-05)
    (5.263 8.6523e-05)
    (5.264 8.3231e-05)
    (5.265 7.9857e-05)
    (5.266 7.6437e-05)
    (5.267 7.3011e-05)
    (5.268 6.9616e-05)
    (5.269 6.629e-05)
    (5.27 6.3072e-05)
    (5.271 5.9992e-05)
    (5.272 5.705e-05)
    (5.273 5.4232e-05)
    (5.274 5.1526e-05)
    (5.275 4.892e-05)
    (5.276 4.6402e-05)
    (5.277 4.3958e-05)
    (5.278 4.1576e-05)
    (5.279 3.9244e-05)
    (5.28 3.6952e-05)
    (5.281 3.4702e-05)
    (5.282 3.2503e-05)
    (5.283 3.0365e-05)
    (5.284 2.8295e-05)
    (5.285 2.6302e-05)
    (5.286 2.4396e-05)
    (5.287 2.2586e-05)
    (5.288 2.0879e-05)
    (5.289 1.9271e-05)
    (5.29 1.7749e-05)
    (5.291 1.6299e-05)
    (5.292 1.4908e-05)
    (5.293 1.3562e-05)
    (5.294 1.2246e-05)
    (5.295 1.0948e-05)
    (5.296 9.6537e-06)
    (5.297 8.3533e-06)
    (5.298 7.0592e-06)
    (5.299 5.7907e-06)
    (5.3 4.567e-06)
    (5.301 3.4072e-06)
    (5.302 2.3306e-06)
    (5.303 0)
    (5.304 0)
    (5.305 0)
    (5.306 0)
    (5.307 0)
    (5.308 0)
    (5.309 0)
    (5.31 0)
    (5.311 0)
    (5.312 0)
    (5.313 0)
    (5.314 0)
    (5.315 0)
    (5.316 0)
    (5.317 0)
    (5.318 0)
    (5.319 0)
    (5.32 0)
    (5.321 0)
    (5.322 0)
    (5.323 0)
    (5.324 0)
    (5.325 0)
    (5.326 0)
    (5.327 0)
    (5.328 0)
    (5.329 0)
    (5.33 0)
    (5.331 0)
    (5.332 0)
    (5.333 0)
    (5.334 0)
    (5.335 0)
    (5.336 0)
    (5.337 0)
    (5.338 0)
    (5.339 0)
    (5.34 0)
    (5.341 0)
    (5.342 0)
    (5.343 0)
    (5.344 0)
    (5.345 0)
    (5.346 0)
    (5.347 0)
    (5.348 0)
    (5.349 0)
    (5.35 0)
    (5.351 0)
    (5.352 0)
    (5.353 0)
    (5.354 0)
    (5.355 0)
    (5.356 0)
    (5.357 0)
    (5.358 0)
    (5.359 0)
    (5.36 0)
    (5.361 0)
    (5.362 0)
    (5.363 0)
    (5.364 0)
    (5.365 0)
    (5.366 0)
    (5.367 0)
    (5.368 0)
    (5.369 0)
    (5.37 0)
    (5.371 0)
    (5.372 0)
    (5.373 0)
    (5.374 0)
    (5.375 0)
    (5.376 0)
    (5.377 0)
    (5.378 0)
    (5.379 0)
    (5.38 0)
    (5.381 0)
    (5.382 0)
    (5.383 0)
    (5.384 0)
    (5.385 0)
    (5.386 0)
    (5.387 0)
    (5.388 0)
    (5.389 0)
    (5.39 0)
    (5.391 0)
    (5.392 0)
    (5.393 0)
    (5.394 0)
    (5.395 0)
    (5.396 0)
    (5.397 0)
    (5.398 0)
    (5.399 0)
    (5.4 0)
    (5.401 0)
    (5.402 0)
    (5.403 0)
    (5.404 0)
    (5.405 0)
    (5.406 0)
    (5.407 0)
    (5.408 0)
    (5.409 0)
    (5.41 0)
    (5.411 0)
    (5.412 0)
    (5.413 0)
    (5.414 0)
    (5.415 0)
    (5.416 0)
    (5.417 0)
    (5.418 0)
    (5.419 0)
    (5.42 0)
    (5.421 0)
    (5.422 0)
    (5.423 0)
    (5.424 0)
    (5.425 0)
    (5.426 0)
    (5.427 0)
    (5.428 0)
    (5.429 0)
    (5.43 0)
    (5.431 0)
    (5.432 0)
    (5.433 0)
    (5.434 0)
    (5.435 0)
    (5.436 0)
    (5.437 0)
    (5.438 0)
    (5.439 0)
    (5.44 0)
    (5.441 0)
    (5.442 0)
    (5.443 0)
    (5.444 0)
    (5.445 0)
    (5.446 0)
    (5.447 0)
    (5.448 0)
    (5.449 0)
    (5.45 0)
    (5.451 0)
    (5.452 0)
    (5.453 0)
    (5.454 0)
    (5.455 0)
    (5.456 0)
    (5.457 0)
    (5.458 0)
    (5.459 0)
    (5.46 0)
    (5.461 0)
    (5.462 0)
    (5.463 0)
    (5.464 0)
    (5.465 0)
    (5.466 0)
    (5.467 0)
    (5.468 0)
    (5.469 0)
    (5.47 0)
    (5.471 0)
    (5.472 0)
    (5.473 0)
    (5.474 0)
    (5.475 0)
    (5.476 0)
    (5.477 0)
    (5.478 0)
    (5.479 0)
    (5.48 0)
    (5.481 0)
    (5.482 0)
    (5.483 0)
    (5.484 0)
    (5.485 0)
    (5.486 0)
    (5.487 0)
    (5.488 0)
    (5.489 0)
    (5.49 0)
    (5.491 0)
    (5.492 3.0234e-07)
    (5.493 1.0447e-06)
    (5.494 1.9813e-06)
    (5.495 3.1367e-06)
    (5.496 4.5296e-06)
    (5.497 6.1401e-06)
    (5.498 7.933e-06)
    (5.499 9.8729e-06)
    (5.5 1.1924e-05)
    (5.501 1.4052e-05)
    (5.502 1.6221e-05)
    (5.503 1.8396e-05)
    (5.504 2.0541e-05)
    (5.505 2.2635e-05)
    (5.506 2.4711e-05)
    (5.507 2.6809e-05)
    (5.508 2.8972e-05)
    (5.509 3.1242e-05)
    (5.51 3.3662e-05)
    (5.511 3.6272e-05)
    (5.512 3.9116e-05)
    (5.513 4.2212e-05)
    (5.514 4.554e-05)
    (5.515 4.9075e-05)
    (5.516 5.2793e-05)
    (5.517 5.6667e-05)
    (5.518 6.0673e-05)
    (5.519 6.4786e-05)
    (5.52 6.8981e-05)
    (5.521 7.3234e-05)
    (5.522 7.752e-05)
    (5.523 8.1815e-05)
    (5.524 8.6094e-05)
    (5.525 9.0334e-05)
    (5.526 9.4511e-05)
    (5.527 9.8621e-05)
    (5.528 0.00010268)
    (5.529 0.00010669)
    (5.53 0.00011067)
    (5.531 0.00011464)
    (5.532 0.00011859)
    (5.533 0.00012254)
    (5.534 0.00012649)
    (5.535 0.00013042)
    (5.536 0.00013432)
    (5.537 0.00013818)
    (5.538 0.00014199)
    (5.539 0.00014574)
    (5.54 0.00014942)
    (5.541 0.00015303)
    (5.542 0.00015658)
    (5.543 0.00016007)
    (5.544 0.00016349)
    (5.545 0.00016685)
    (5.546 0.00017016)
    (5.547 0.0001734)
    (5.548 0.00017656)
    (5.549 0.00017961)
    (5.55 0.00018253)
    (5.551 0.00018531)
    (5.552 0.00018792)
    (5.553 0.00019034)
    (5.554 0.00019257)
    (5.555 0.0001946)
    (5.556 0.00019646)
    (5.557 0.00019816)
    (5.558 0.0001997)
    (5.559 0.0002011)
    (5.56 0.00020237)
    (5.561 0.00020352)
    (5.562 0.00020456)
    (5.563 0.0002055)
    (5.564 0.00020631)
    (5.565 0.00020699)
    (5.566 0.00020752)
    (5.567 0.00020788)
    (5.568 0.00020807)
    (5.569 0.00020807)
    (5.57 0.00020787)
    (5.571 0.00020746)
    (5.572 0.00020686)
    (5.573 0.00020609)
    (5.574 0.00020517)
    (5.575 0.00020411)
    (5.576 0.00020294)
    (5.577 0.00020166)
    (5.578 0.0002003)
    (5.579 0.00019887)
    (5.58 0.00019739)
    (5.581 0.00019583)
    (5.582 0.00019418)
    (5.583 0.00019244)
    (5.584 0.00019059)
    (5.585 0.00018862)
    (5.586 0.00018651)
    (5.587 0.00018424)
    (5.588 0.00018182)
    (5.589 0.00017922)
    (5.59 0.00017643)
    (5.591 0.00017346)
    (5.592 0.0001703)
    (5.593 0.00016692)
    (5.594 0.00016334)
    (5.595 0.00015954)
    (5.596 0.00015553)
    (5.597 0.00015138)
    (5.598 0.00014717)
    (5.599 0.00014297)
    (5.6 0.00013885)
    (5.601 0.00013489)
    (5.602 0.00013116)
    (5.603 0.00012761)
    (5.604 0.00012419)
    (5.605 0.00012084)
    (5.606 0.00011749)
    (5.607 0.00011409)
    (5.608 0.00011056)
    (5.609 0.00010687)
    (5.61 0.00010302)
    (5.611 9.9022e-05)
    (5.612 9.4894e-05)
    (5.613 9.0652e-05)
    (5.614 8.6312e-05)
    (5.615 8.1898e-05)
    (5.616 7.7449e-05)
    (5.617 7.3006e-05)
    (5.618 6.8613e-05)
    (5.619 6.4309e-05)
    (5.62 6.0138e-05)
    (5.621 5.614e-05)
    (5.622 5.2359e-05)
    (5.623 4.8827e-05)
    (5.624 4.5536e-05)
    (5.625 4.2464e-05)
    (5.626 3.9591e-05)
    (5.627 3.6895e-05)
    (5.628 3.4354e-05)
    (5.629 3.1947e-05)
    (5.63 2.9652e-05)
    (5.631 2.7449e-05)
    (5.632 2.533e-05)
    (5.633 2.3286e-05)
    (5.634 2.131e-05)
    (5.635 1.9395e-05)
    (5.636 1.7533e-05)
    (5.637 1.5717e-05)
    (5.638 1.3938e-05)
    (5.639 1.2191e-05)
    (5.64 1.0468e-05)
    (5.641 8.7799e-06)
    (5.642 7.1499e-06)
    (5.643 5.6022e-06)
    (5.644 4.1607e-06)
    (5.645 2.8495e-06)
    (5.646 0)
    (5.647 0)
    (5.648 0)
    (5.649 0)
    (5.65 0)
    (5.651 0)
    (5.652 0)
    (5.653 0)
    (5.654 0)
    (5.655 0)
    (5.656 0)
    (5.657 0)
    (5.658 0)
    (5.659 0)
    (5.66 0)
    (5.661 0)
    (5.662 0)
    (5.663 0)
    (5.664 0)
    (5.665 0)
    (5.666 0)
    (5.667 0)
    (5.668 0)
    (5.669 0)
    (5.67 0)
    (5.671 0)
    (5.672 0)
    (5.673 0)
    (5.674 0)
    (5.675 0)
    (5.676 -8.796e-08)
    (5.677 -6.8523e-07)
    (5.678 -1.4262e-06)
    (5.679 -2.3053e-06)
    (5.68 -3.317e-06)
    (5.681 -4.4557e-06)
    (5.682 -5.7159e-06)
    (5.683 -7.0913e-06)
    (5.684 -8.5699e-06)
    (5.685 -1.0137e-05)
    (5.686 -1.1776e-05)
    (5.687 -1.3474e-05)
    (5.688 -1.5213e-05)
    (5.689 -1.6981e-05)
    (5.69 -1.876e-05)
    (5.691 -2.0536e-05)
    (5.692 -2.2301e-05)
    (5.693 -2.4075e-05)
    (5.694 -2.5883e-05)
    (5.695 -2.7749e-05)
    (5.696 -2.9697e-05)
    (5.697 -3.1753e-05)
    (5.698 -3.3941e-05)
    (5.699 -3.6286e-05)
    (5.7 -3.8812e-05)
    (5.701 -4.1544e-05)
    (5.702 -4.4506e-05)
    (5.703 -4.7694e-05)
    (5.704 -5.1084e-05)
    (5.705 -5.4647e-05)
    (5.706 -5.8357e-05)
    (5.707 -6.2185e-05)
    (5.708 -6.6104e-05)
    (5.709 -7.0088e-05)
    (5.71 -7.4119e-05)
    (5.711 -7.8202e-05)
    (5.712 -8.2343e-05)
    (5.713 -8.6547e-05)
    (5.714 -9.0821e-05)
    (5.715 -9.5169e-05)
    (5.716 -9.9596e-05)
    (5.717 -0.0001041)
    (5.718 -0.00010868)
    (5.719 -0.00011333)
    (5.72 -0.00011804)
    (5.721 -0.00012281)
    (5.722 -0.00012764)
    (5.723 -0.00013251)
    (5.724 -0.00013739)
    (5.725 -0.00014224)
    (5.726 -0.00014705)
    (5.727 -0.00015177)
    (5.728 -0.00015638)
    (5.729 -0.00016093)
    (5.73 -0.00016555)
    (5.731 -0.00017039)
    (5.732 -0.00017559)
    (5.733 -0.00018128)
    (5.734 -0.00018744)
    (5.735 -0.0001938)
    (5.736 -0.00020011)
    (5.737 -0.00020611)
    (5.738 -0.00021163)
    (5.739 -0.00021679)
    (5.74 -0.00022176)
    (5.741 -0.00022672)
    (5.742 -0.00023185)
    (5.743 -0.00023726)
    (5.744 -0.00024289)
    (5.745 -0.00024864)
    (5.746 -0.00025439)
    (5.747 -0.00026002)
    (5.748 -0.00026546)
    (5.749 -0.00027083)
    (5.75 -0.00027626)
    (5.751 -0.00028192)
    (5.752 -0.00028797)
    (5.753 -0.00029452)
    (5.754 -0.00030145)
    (5.755 -0.00030858)
    (5.756 -0.00031571)
    (5.757 -0.00032264)
    (5.758 -0.00032919)
    (5.759 -0.00033537)
    (5.76 -0.00034121)
    (5.761 -0.00034679)
    (5.762 -0.00035216)
    (5.763 -0.00035733)
    (5.764 -0.00036228)
    (5.765 -0.00036698)
    (5.766 -0.0003714)
    (5.767 -0.00037551)
    (5.768 -0.00037927)
    (5.769 -0.00038268)
    (5.77 -0.00038579)
    (5.771 -0.00038865)
    (5.772 -0.00039134)
    (5.773 -0.00039392)
    (5.774 -0.00039646)
    (5.775 -0.00039903)
    (5.776 -0.00040169)
    (5.777 -0.00040443)
    (5.778 -0.00040724)
    (5.779 -0.00041007)
    (5.78 -0.00041289)
    (5.781 -0.00041567)
    (5.782 -0.00041837)
    (5.783 -0.00042098)
    (5.784 -0.00042346)
    (5.785 -0.00042584)
    (5.786 -0.00042812)
    (5.787 -0.0004303)
    (5.788 -0.00043239)
    (5.789 -0.00043441)
    (5.79 -0.00043635)
    (5.791 -0.00043823)
    (5.792 -0.00044004)
    (5.793 -0.00044178)
    (5.794 -0.00044341)
    (5.795 -0.0004449)
    (5.796 -0.00044623)
    (5.797 -0.00044738)
    (5.798 -0.00044833)
    (5.799 -0.00044911)
    (5.8 -0.00044971)
    (5.801 -0.00045016)
    (5.802 -0.00045045)
    (5.803 -0.0004506)
    (5.804 -0.00045061)
    (5.805 -0.0004505)
    (5.806 -0.00045028)
    (5.807 -0.00044995)
    (5.808 -0.00044953)
    (5.809 -0.00044901)
    (5.81 -0.00044842)
    (5.811 -0.00044776)
    (5.812 -0.00044701)
    (5.813 -0.00044615)
    (5.814 -0.00044513)
    (5.815 -0.00044394)
    (5.816 -0.00044253)
    (5.817 -0.00044088)
    (5.818 -0.00043895)
    (5.819 -0.00043672)
    (5.82 -0.00043419)
    (5.821 -0.0004314)
    (5.822 -0.0004284)
    (5.823 -0.00042525)
    (5.824 -0.000422)
    (5.825 -0.00041868)
    (5.826 -0.00041536)
    (5.827 -0.00041207)
    (5.828 -0.00040885)
    (5.829 -0.0004057)
    (5.83 -0.00040261)
    (5.831 -0.00039958)
    (5.832 -0.00039662)
    (5.833 -0.00039373)
    (5.834 -0.00039089)
    (5.835 -0.00038813)
    (5.836 -0.00038542)
    (5.837 -0.00038277)
    (5.838 -0.00038016)
    (5.839 -0.00037761)
    (5.84 -0.00037509)
    (5.841 -0.0003726)
    (5.842 -0.00037014)
    (5.843 -0.0003677)
    (5.844 -0.00036528)
    (5.845 -0.0003629)
    (5.846 -0.00036056)
    (5.847 -0.00035829)
    (5.848 -0.00035609)
    (5.849 -0.000354)
    (5.85 -0.00035202)
    (5.851 -0.00035018)
    (5.852 -0.00034848)
    (5.853 -0.00034694)
    (5.854 -0.00034551)
    (5.855 -0.00034418)
    (5.856 -0.00034289)
    (5.857 -0.00034162)
    (5.858 -0.00034033)
    (5.859 -0.00033898)
    (5.86 -0.00033754)
    (5.861 -0.00033598)
    (5.862 -0.00033431)
    (5.863 -0.00033256)
    (5.864 -0.00033079)
    (5.865 -0.00032902)
    (5.866 -0.0003273)
    (5.867 -0.00032568)
    (5.868 -0.00032418)
    (5.869 -0.00032286)
    (5.87 -0.0003217)
    (5.871 -0.00032067)
    (5.872 -0.0003197)
    (5.873 -0.00031875)
    (5.874 -0.00031777)
    (5.875 -0.00031671)
    (5.876 -0.00031557)
    (5.877 -0.00031434)
    (5.878 -0.00031303)
    (5.879 -0.00031164)
    (5.88 -0.00031017)
    (5.881 -0.00030862)
    (5.882 -0.00030699)
    (5.883 -0.00030529)
    (5.884 -0.00030352)
    (5.885 -0.00030167)
    (5.886 -0.00029975)
    (5.887 -0.00029776)
    (5.888 -0.0002957)
    (5.889 -0.00029358)
    (5.89 -0.00029139)
    (5.891 -0.00028914)
    (5.892 -0.00028682)
    (5.893 -0.00028445)
    (5.894 -0.00028202)
    (5.895 -0.00027953)
    (5.896 -0.00027698)
    (5.897 -0.0002744)
    (5.898 -0.00027182)
    (5.899 -0.00026925)
    (5.9 -0.00026673)
    (5.901 -0.00026428)
    (5.902 -0.00026192)
    (5.903 -0.00025969)
    (5.904 -0.0002576)
    (5.905 -0.00025565)
    (5.906 -0.00025381)
    (5.907 -0.00025206)
    (5.908 -0.00025035)
    (5.909 -0.00024864)
    (5.91 -0.00024692)
    (5.911 -0.00024513)
    (5.912 -0.00024326)
    (5.913 -0.00024126)
    (5.914 -0.00023914)
    (5.915 -0.00023692)
    (5.916 -0.00023462)
    (5.917 -0.00023225)
    (5.918 -0.00022984)
    (5.919 -0.0002274)
    (5.92 -0.00022494)
    (5.921 -0.0002225)
    (5.922 -0.00022008)
    (5.923 -0.00021769)
    (5.924 -0.00021531)
    (5.925 -0.00021295)
    (5.926 -0.00021061)
    (5.927 -0.00020828)
    (5.928 -0.00020596)
    (5.929 -0.00020365)
    (5.93 -0.00020134)
    (5.931 -0.00019904)
    (5.932 -0.00019672)
    (5.933 -0.00019439)
    (5.934 -0.00019203)
    (5.935 -0.00018964)
    (5.936 -0.0001872)
    (5.937 -0.0001847)
    (5.938 -0.00018215)
    (5.939 -0.00017952)
    (5.94 -0.00017683)
    (5.941 -0.00017411)
    (5.942 -0.00017138)
    (5.943 -0.00016865)
    (5.944 -0.00016595)
    (5.945 -0.0001633)
    (5.946 -0.00016071)
    (5.947 -0.00015821)
    (5.948 -0.0001558)
    (5.949 -0.00015346)
    (5.95 -0.00015116)
    (5.951 -0.00014889)
    (5.952 -0.00014664)
    (5.953 -0.00014438)
    (5.954 -0.0001421)
    (5.955 -0.00013977)
    (5.956 -0.00013738)
    (5.957 -0.00013492)
    (5.958 -0.00013236)
    (5.959 -0.00012972)
    (5.96 -0.00012702)
    (5.961 -0.00012427)
    (5.962 -0.00012148)
    (5.963 -0.00011867)
    (5.964 -0.00011586)
    (5.965 -0.00011305)
    (5.966 -0.00011026)
    (5.967 -0.00010749)
    (5.968 -0.00010473)
    (5.969 -0.00010196)
    (5.97 -9.9159e-05)
    (5.971 -9.6322e-05)
    (5.972 -9.3429e-05)
    (5.973 -9.0465e-05)
    (5.974 -8.7415e-05)
    (5.975 -8.4275e-05)
    (5.976 -8.1051e-05)
    (5.977 -7.7747e-05)
    (5.978 -7.4371e-05)
    (5.979 -7.0926e-05)
    (5.98 -6.742e-05)
    (5.981 -6.3857e-05)
    (5.982 -6.0258e-05)
    (5.983 -5.6661e-05)
    (5.984 -5.3106e-05)
    (5.985 -4.9633e-05)
    (5.986 -4.6283e-05)
    (5.987 -4.3095e-05)
    (5.988 -4.0111e-05)
    (5.989 -3.7368e-05)
    (5.99 -3.4855e-05)
    (5.991 -3.2504e-05)
    (5.992 -3.0241e-05)
    (5.993 -2.7994e-05)
    (5.994 -2.5692e-05)
    (5.995 -2.3261e-05)
    (5.996 -2.0629e-05)
    (5.997 -1.7724e-05)
    (5.998 -1.4474e-05)
    (5.999 -1.0806e-05)
    (6 0)
    (6.001 0)
    (6.002 0)
    (6.003 0)
    (6.004 1.6589e-07)
    (6.005 8.2288e-07)
    (6.006 1.4955e-06)
    (6.007 2.1933e-06)
    (6.008 2.9259e-06)
    (6.009 3.7029e-06)
    (6.01 4.534e-06)
    (6.011 5.4287e-06)
    (6.012 6.3967e-06)
    (6.013 7.4476e-06)
    (6.014 8.5909e-06)
    (6.015 9.8364e-06)
    (6.016 1.1194e-05)
    (6.017 1.2672e-05)
    (6.018 1.4282e-05)
    (6.019 1.6032e-05)
    (6.02 1.7927e-05)
    (6.021 1.9948e-05)
    (6.022 2.2063e-05)
    (6.023 2.4246e-05)
    (6.024 2.6465e-05)
    (6.025 2.8692e-05)
    (6.026 3.0899e-05)
    (6.027 3.3054e-05)
    (6.028 3.5131e-05)
    (6.029 3.7116e-05)
    (6.03 3.9049e-05)
    (6.031 4.0977e-05)
    (6.032 4.2948e-05)
    (6.033 4.501e-05)
    (6.034 4.7209e-05)
    (6.035 4.9595e-05)
    (6.036 5.2213e-05)
    (6.037 5.5109e-05)
    (6.038 5.8272e-05)
    (6.039 6.1655e-05)
    (6.04 6.5208e-05)
    (6.041 6.8882e-05)
    (6.042 7.2627e-05)
    (6.043 7.6393e-05)
    (6.044 8.0131e-05)
    (6.045 8.3793e-05)
    (6.046 8.7327e-05)
    (6.047 9.0688e-05)
    (6.048 9.3869e-05)
    (6.049 9.6902e-05)
    (6.05 9.982e-05)
    (6.051 0.00010266)
    (6.052 0.00010545)
    (6.053 0.00010822)
    (6.054 0.00011101)
    (6.055 0.00011386)
    (6.056 0.00011679)
    (6.057 0.00011984)
    (6.058 0.00012306)
    (6.059 0.00012648)
    (6.06 0.00013014)
    (6.061 0.00013408)
    (6.062 0.00013833)
    (6.063 0.00014287)
    (6.064 0.0001476)
    (6.065 0.0001524)
    (6.066 0.00015719)
    (6.067 0.00016184)
    (6.068 0.00016625)
    (6.069 0.00017035)
    (6.07 0.00017416)
    (6.071 0.00017775)
    (6.072 0.00018119)
    (6.073 0.00018454)
    (6.074 0.00018786)
    (6.075 0.00019123)
    (6.076 0.00019471)
    (6.077 0.00019831)
    (6.078 0.00020202)
    (6.079 0.00020585)
    (6.08 0.00020977)
    (6.081 0.0002138)
    (6.082 0.00021792)
    (6.083 0.00022212)
    (6.084 0.00022641)
    (6.085 0.00023073)
    (6.086 0.00023504)
    (6.087 0.00023929)
    (6.088 0.00024343)
    (6.089 0.00024741)
    (6.09 0.00025119)
    (6.091 0.00025475)
    (6.092 0.00025815)
    (6.093 0.00026144)
    (6.094 0.00026469)
    (6.095 0.00026794)
    (6.096 0.00027126)
    (6.097 0.00027469)
    (6.098 0.00027822)
    (6.099 0.00028182)
    (6.1 0.00028546)
    (6.101 0.00028912)
    (6.102 0.00029276)
    (6.103 0.00029636)
    (6.104 0.00029988)
    (6.105 0.0003033)
    (6.106 0.00030662)
    (6.107 0.00030984)
    (6.108 0.00031298)
    (6.109 0.00031602)
    (6.11 0.00031898)
    (6.111 0.00032187)
    (6.112 0.00032467)
    (6.113 0.00032741)
    (6.114 0.00033008)
    (6.115 0.0003327)
    (6.116 0.00033526)
    (6.117 0.00033778)
    (6.118 0.00034027)
    (6.119 0.00034272)
    (6.12 0.00034516)
    (6.121 0.00034757)
    (6.122 0.00034998)
    (6.123 0.00035238)
    (6.124 0.00035477)
    (6.125 0.00035713)
    (6.126 0.00035946)
    (6.127 0.00036177)
    (6.128 0.00036403)
    (6.129 0.00036625)
    (6.13 0.00036842)
    (6.131 0.00037053)
    (6.132 0.00037257)
    (6.133 0.00037454)
    (6.134 0.00037642)
    (6.135 0.00037819)
    (6.136 0.00037986)
    (6.137 0.00038141)
    (6.138 0.00038282)
    (6.139 0.00038409)
    (6.14 0.00038522)
    (6.141 0.0003862)
    (6.142 0.00038706)
    (6.143 0.0003878)
    (6.144 0.00038843)
    (6.145 0.00038896)
    (6.146 0.00038939)
    (6.147 0.00038973)
    (6.148 0.00039)
    (6.149 0.0003902)
    (6.15 0.00039034)
    (6.151 0.00039042)
    (6.152 0.00039045)
    (6.153 0.00039043)
    (6.154 0.00039038)
    (6.155 0.0003903)
    (6.156 0.00039019)
    (6.157 0.00039007)
    (6.158 0.00038991)
    (6.159 0.00038974)
    (6.16 0.00038953)
    (6.161 0.00038928)
    (6.162 0.000389)
    (6.163 0.00038867)
    (6.164 0.00038829)
    (6.165 0.00038786)
    (6.166 0.00038738)
    (6.167 0.00038681)
    (6.168 0.00038614)
    (6.169 0.00038537)
    (6.17 0.00038446)
    (6.171 0.00038341)
    (6.172 0.0003822)
    (6.173 0.00038081)
    (6.174 0.00037923)
    (6.175 0.00037746)
    (6.176 0.00037553)
    (6.177 0.00037346)
    (6.178 0.00037127)
    (6.179 0.00036898)
    (6.18 0.00036661)
    (6.181 0.00036419)
    (6.182 0.00036173)
    (6.183 0.00035925)
    (6.184 0.00035677)
    (6.185 0.0003543)
    (6.186 0.00035183)
    (6.187 0.00034939)
    (6.188 0.00034697)
    (6.189 0.00034459)
    (6.19 0.00034226)
    (6.191 0.00033998)
    (6.192 0.00033774)
    (6.193 0.00033551)
    (6.194 0.00033324)
    (6.195 0.00033091)
    (6.196 0.00032846)
    (6.197 0.00032587)
    (6.198 0.00032309)
    (6.199 0.00032009)
    (6.2 0.00031684)
    (6.201 0.00031339)
    (6.202 0.00030978)
    (6.203 0.00030606)
    (6.204 0.00030228)
    (6.205 0.00029848)
    (6.206 0.00029471)
    (6.207 0.00029102)
    (6.208 0.00028745)
    (6.209 0.00028399)
    (6.21 0.00028063)
    (6.211 0.00027734)
    (6.212 0.00027411)
    (6.213 0.00027091)
    (6.214 0.00026773)
    (6.215 0.00026454)
    (6.216 0.00026132)
    (6.217 0.00025804)
    (6.218 0.00025467)
    (6.219 0.00025118)
    (6.22 0.00024755)
    (6.221 0.00024373)
    (6.222 0.00023971)
    (6.223 0.0002355)
    (6.224 0.00023114)
    (6.225 0.00022672)
    (6.226 0.00022229)
    (6.227 0.00021792)
    (6.228 0.00021367)
    (6.229 0.00020959)
    (6.23 0.00020566)
    (6.231 0.00020185)
    (6.232 0.00019812)
    (6.233 0.00019444)
    (6.234 0.00019078)
    (6.235 0.00018712)
    (6.236 0.00018345)
    (6.237 0.00017979)
    (6.238 0.00017614)
    (6.239 0.0001725)
    (6.24 0.00016889)
    (6.241 0.00016531)
    (6.242 0.00016176)
    (6.243 0.00015822)
    (6.244 0.00015465)
    (6.245 0.00015103)
    (6.246 0.00014731)
    (6.247 0.00014346)
    (6.248 0.00013945)
    (6.249 0.00013528)
    (6.25 0.00013103)
    (6.251 0.00012676)
    (6.252 0.00012255)
    (6.253 0.00011848)
    (6.254 0.00011461)
    (6.255 0.00011102)
    (6.256 0.00010768)
    (6.257 0.00010453)
    (6.258 0.00010151)
    (6.259 9.8581e-05)
    (6.26 9.5671e-05)
    (6.261 9.2727e-05)
    (6.262 8.9693e-05)
    (6.263 8.6523e-05)
    (6.264 8.3231e-05)
    (6.265 7.9857e-05)
    (6.266 7.6437e-05)
    (6.267 7.3011e-05)
    (6.268 6.9616e-05)
    (6.269 6.629e-05)
    (6.27 6.3072e-05)
    (6.271 5.9992e-05)
    (6.272 5.705e-05)
    (6.273 5.4232e-05)
    (6.274 5.1526e-05)
    (6.275 4.892e-05)
    (6.276 4.6402e-05)
    (6.277 4.3958e-05)
    (6.278 4.1576e-05)
    (6.279 3.9244e-05)
    (6.28 3.6952e-05)
    (6.281 3.4702e-05)
    (6.282 3.2503e-05)
    (6.283 3.0365e-05)
    (6.284 2.8295e-05)
    (6.285 2.6302e-05)
    (6.286 2.4396e-05)
    (6.287 2.2586e-05)
    (6.288 2.0879e-05)
    (6.289 1.9271e-05)
    (6.29 1.7749e-05)
    (6.291 1.6299e-05)
    (6.292 1.4908e-05)
    (6.293 1.3562e-05)
    (6.294 1.2246e-05)
    (6.295 1.0948e-05)
    (6.296 9.6537e-06)
    (6.297 8.3533e-06)
    (6.298 7.0592e-06)
    (6.299 5.7907e-06)
    (6.3 4.567e-06)
    (6.301 3.4072e-06)
    (6.302 2.3306e-06)
    (6.303 0)
    (6.304 0)
    (6.305 0)
    (6.306 0)
    (6.307 0)
    (6.308 0)
    (6.309 0)
    (6.31 0)
    (6.311 0)
    (6.312 0)
    (6.313 0)
    (6.314 0)
    (6.315 0)
    (6.316 0)
    (6.317 0)
    (6.318 0)
    (6.319 0)
    (6.32 0)
    (6.321 0)
    (6.322 0)
    (6.323 0)
    (6.324 0)
    (6.325 0)
    (6.326 0)
    (6.327 0)
    (6.328 0)
    (6.329 0)
    (6.33 0)
    (6.331 0)
    (6.332 0)
    (6.333 0)
    (6.334 0)
    (6.335 0)
    (6.336 0)
    (6.337 0)
    (6.338 0)
    (6.339 0)
    (6.34 0)
    (6.341 0)
    (6.342 0)
    (6.343 0)
    (6.344 0)
    (6.345 0)
    (6.346 0)
    (6.347 0)
    (6.348 0)
    (6.349 0)
    (6.35 0)
    (6.351 0)
    (6.352 0)
    (6.353 0)
    (6.354 0)
    (6.355 0)
    (6.356 0)
    (6.357 0)
    (6.358 0)
    (6.359 0)
    (6.36 0)
    (6.361 0)
    (6.362 0)
    (6.363 0)
    (6.364 0)
    (6.365 0)
    (6.366 0)
    (6.367 0)
    (6.368 0)
    (6.369 0)
    (6.37 0)
    (6.371 0)
    (6.372 0)
    (6.373 0)
    (6.374 0)
    (6.375 0)
    (6.376 0)
    (6.377 0)
    (6.378 0)
    (6.379 0)
    (6.38 0)
    (6.381 0)
    (6.382 0)
    (6.383 0)
    (6.384 0)
    (6.385 0)
    (6.386 0)
    (6.387 0)
    (6.388 0)
    (6.389 0)
    (6.39 0)
    (6.391 0)
    (6.392 0)
    (6.393 0)
    (6.394 0)
    (6.395 0)
    (6.396 0)
    (6.397 0)
    (6.398 0)
    (6.399 0)
    (6.4 0)
    (6.401 0)
    (6.402 0)
    (6.403 0)
    (6.404 0)
    (6.405 0)
    (6.406 0)
    (6.407 0)
    (6.408 0)
    (6.409 0)
    (6.41 0)
    (6.411 0)
    (6.412 0)
    (6.413 0)
    (6.414 0)
    (6.415 0)
    (6.416 0)
    (6.417 0)
    (6.418 0)
    (6.419 0)
    (6.42 0)
    (6.421 0)
    (6.422 0)
    (6.423 0)
    (6.424 0)
    (6.425 0)
    (6.426 0)
    (6.427 0)
    (6.428 0)
    (6.429 0)
    (6.43 0)
    (6.431 0)
    (6.432 0)
    (6.433 0)
    (6.434 0)
    (6.435 0)
    (6.436 0)
    (6.437 0)
    (6.438 0)
    (6.439 0)
    (6.44 0)
    (6.441 0)
    (6.442 0)
    (6.443 0)
    (6.444 0)
    (6.445 0)
    (6.446 0)
    (6.447 0)
    (6.448 0)
    (6.449 0)
    (6.45 0)
    (6.451 0)
    (6.452 0)
    (6.453 0)
    (6.454 0)
    (6.455 0)
    (6.456 0)
    (6.457 0)
    (6.458 0)
    (6.459 0)
    (6.46 0)
    (6.461 0)
    (6.462 0)
    (6.463 0)
    (6.464 0)
    (6.465 0)
    (6.466 0)
    (6.467 0)
    (6.468 0)
    (6.469 0)
    (6.47 0)
    (6.471 0)
    (6.472 0)
    (6.473 0)
    (6.474 0)
    (6.475 0)
    (6.476 0)
    (6.477 0)
    (6.478 0)
    (6.479 0)
    (6.48 0)
    (6.481 0)
    (6.482 0)
    (6.483 0)
    (6.484 0)
    (6.485 0)
    (6.486 0)
    (6.487 0)
    (6.488 0)
    (6.489 0)
    (6.49 0)
    (6.491 0)
    (6.492 3.0234e-07)
    (6.493 1.0447e-06)
    (6.494 1.9813e-06)
    (6.495 3.1367e-06)
    (6.496 4.5296e-06)
    (6.497 6.1401e-06)
    (6.498 7.933e-06)
    (6.499 9.8729e-06)
    (6.5 1.1924e-05)
    (6.501 1.4052e-05)
    (6.502 1.6221e-05)
    (6.503 1.8396e-05)
    (6.504 2.0541e-05)
    (6.505 2.2635e-05)
    (6.506 2.4711e-05)
    (6.507 2.6809e-05)
    (6.508 2.8972e-05)
    (6.509 3.1242e-05)
    (6.51 3.3662e-05)
    (6.511 3.6272e-05)
    (6.512 3.9116e-05)
    (6.513 4.2212e-05)
    (6.514 4.554e-05)
    (6.515 4.9075e-05)
    (6.516 5.2793e-05)
    (6.517 5.6667e-05)
    (6.518 6.0673e-05)
    (6.519 6.4786e-05)
    (6.52 6.8981e-05)
    (6.521 7.3234e-05)
    (6.522 7.752e-05)
    (6.523 8.1815e-05)
    (6.524 8.6094e-05)
    (6.525 9.0334e-05)
    (6.526 9.4511e-05)
    (6.527 9.8621e-05)
    (6.528 0.00010268)
    (6.529 0.00010669)
    (6.53 0.00011067)
    (6.531 0.00011464)
    (6.532 0.00011859)
    (6.533 0.00012254)
    (6.534 0.00012649)
    (6.535 0.00013042)
    (6.536 0.00013432)
    (6.537 0.00013818)
    (6.538 0.00014199)
    (6.539 0.00014574)
    (6.54 0.00014942)
    (6.541 0.00015303)
    (6.542 0.00015658)
    (6.543 0.00016007)
    (6.544 0.00016349)
    (6.545 0.00016685)
    (6.546 0.00017016)
    (6.547 0.0001734)
    (6.548 0.00017656)
    (6.549 0.00017961)
    (6.55 0.00018253)
    (6.551 0.00018531)
    (6.552 0.00018792)
    (6.553 0.00019034)
    (6.554 0.00019257)
    (6.555 0.0001946)
    (6.556 0.00019646)
    (6.557 0.00019816)
    (6.558 0.0001997)
    (6.559 0.0002011)
    (6.56 0.00020237)
    (6.561 0.00020352)
    (6.562 0.00020456)
    (6.563 0.0002055)
    (6.564 0.00020631)
    (6.565 0.00020699)
    (6.566 0.00020752)
    (6.567 0.00020788)
    (6.568 0.00020807)
    (6.569 0.00020807)
    (6.57 0.00020787)
    (6.571 0.00020746)
    (6.572 0.00020686)
    (6.573 0.00020609)
    (6.574 0.00020517)
    (6.575 0.00020411)
    (6.576 0.00020294)
    (6.577 0.00020166)
    (6.578 0.0002003)
    (6.579 0.00019887)
    (6.58 0.00019739)
    (6.581 0.00019583)
    (6.582 0.00019418)
    (6.583 0.00019244)
    (6.584 0.00019059)
    (6.585 0.00018862)
    (6.586 0.00018651)
    (6.587 0.00018424)
    (6.588 0.00018182)
    (6.589 0.00017922)
    (6.59 0.00017643)
    (6.591 0.00017346)
    (6.592 0.0001703)
    (6.593 0.00016692)
    (6.594 0.00016334)
    (6.595 0.00015954)
    (6.596 0.00015553)
    (6.597 0.00015138)
    (6.598 0.00014717)
    (6.599 0.00014297)
    (6.6 0.00013885)
    (6.601 0.00013489)
    (6.602 0.00013116)
    (6.603 0.00012761)
    (6.604 0.00012419)
    (6.605 0.00012084)
    (6.606 0.00011749)
    (6.607 0.00011409)
    (6.608 0.00011056)
    (6.609 0.00010687)
    (6.61 0.00010302)
    (6.611 9.9022e-05)
    (6.612 9.4894e-05)
    (6.613 9.0652e-05)
    (6.614 8.6312e-05)
    (6.615 8.1898e-05)
    (6.616 7.7449e-05)
    (6.617 7.3006e-05)
    (6.618 6.8613e-05)
    (6.619 6.4309e-05)
    (6.62 6.0138e-05)
    (6.621 5.614e-05)
    (6.622 5.2359e-05)
    (6.623 4.8827e-05)
    (6.624 4.5536e-05)
    (6.625 4.2464e-05)
    (6.626 3.9591e-05)
    (6.627 3.6895e-05)
    (6.628 3.4354e-05)
    (6.629 3.1947e-05)
    (6.63 2.9652e-05)
    (6.631 2.7449e-05)
    (6.632 2.533e-05)
    (6.633 2.3286e-05)
    (6.634 2.131e-05)
    (6.635 1.9395e-05)
    (6.636 1.7533e-05)
    (6.637 1.5717e-05)
    (6.638 1.3938e-05)
    (6.639 1.2191e-05)
    (6.64 1.0468e-05)
    (6.641 8.7799e-06)
    (6.642 7.1499e-06)
    (6.643 5.6022e-06)
    (6.644 4.1607e-06)
    (6.645 2.8495e-06)
    (6.646 0)
    (6.647 0)
    (6.648 0)
    (6.649 0)
    (6.65 0)
    (6.651 0)
    (6.652 0)
    (6.653 0)
    (6.654 0)
    (6.655 0)
    (6.656 0)
    (6.657 0)
    (6.658 0)
    (6.659 0)
    (6.66 0)
    (6.661 0)
    (6.662 0)
    (6.663 0)
    (6.664 0)
    (6.665 0)
    (6.666 0)
    (6.667 0)
    (6.668 0)
    (6.669 0)
    (6.67 0)
    (6.671 0)
    (6.672 0)
    (6.673 0)
    (6.674 0)
    (6.675 0)
    (6.676 -8.796e-08)
    (6.677 -6.8523e-07)
    (6.678 -1.4262e-06)
    (6.679 -2.3053e-06)
    (6.68 -3.317e-06)
    (6.681 -4.4557e-06)
    (6.682 -5.7159e-06)
    (6.683 -7.0913e-06)
    (6.684 -8.5699e-06)
    (6.685 -1.0137e-05)
    (6.686 -1.1776e-05)
    (6.687 -1.3474e-05)
    (6.688 -1.5213e-05)
    (6.689 -1.6981e-05)
    (6.69 -1.876e-05)
    (6.691 -2.0536e-05)
    (6.692 -2.2301e-05)
    (6.693 -2.4075e-05)
    (6.694 -2.5883e-05)
    (6.695 -2.7749e-05)
    (6.696 -2.9697e-05)
    (6.697 -3.1753e-05)
    (6.698 -3.3941e-05)
    (6.699 -3.6286e-05)
    (6.7 -3.8812e-05)
    (6.701 -4.1544e-05)
    (6.702 -4.4506e-05)
    (6.703 -4.7694e-05)
    (6.704 -5.1084e-05)
    (6.705 -5.4647e-05)
    (6.706 -5.8357e-05)
    (6.707 -6.2185e-05)
    (6.708 -6.6104e-05)
    (6.709 -7.0088e-05)
    (6.71 -7.4119e-05)
    (6.711 -7.8202e-05)
    (6.712 -8.2343e-05)
    (6.713 -8.6547e-05)
    (6.714 -9.0821e-05)
    (6.715 -9.5169e-05)
    (6.716 -9.9596e-05)
    (6.717 -0.0001041)
    (6.718 -0.00010868)
    (6.719 -0.00011333)
    (6.72 -0.00011804)
    (6.721 -0.00012281)
    (6.722 -0.00012764)
    (6.723 -0.00013251)
    (6.724 -0.00013739)
    (6.725 -0.00014224)
    (6.726 -0.00014705)
    (6.727 -0.00015177)
    (6.728 -0.00015638)
    (6.729 -0.00016093)
    (6.73 -0.00016555)
    (6.731 -0.00017039)
    (6.732 -0.00017559)
    (6.733 -0.00018128)
    (6.734 -0.00018744)
    (6.735 -0.0001938)
    (6.736 -0.00020011)
    (6.737 -0.00020611)
    (6.738 -0.00021163)
    (6.739 -0.00021679)
    (6.74 -0.00022176)
    (6.741 -0.00022672)
    (6.742 -0.00023185)
    (6.743 -0.00023726)
    (6.744 -0.00024289)
    (6.745 -0.00024864)
    (6.746 -0.00025439)
    (6.747 -0.00026002)
    (6.748 -0.00026546)
    (6.749 -0.00027083)
    (6.75 -0.00027626)
    (6.751 -0.00028192)
    (6.752 -0.00028797)
    (6.753 -0.00029452)
    (6.754 -0.00030145)
    (6.755 -0.00030858)
    (6.756 -0.00031571)
    (6.757 -0.00032264)
    (6.758 -0.00032919)
    (6.759 -0.00033537)
    (6.76 -0.00034121)
    (6.761 -0.00034679)
    (6.762 -0.00035216)
    (6.763 -0.00035733)
    (6.764 -0.00036228)
    (6.765 -0.00036698)
    (6.766 -0.0003714)
    (6.767 -0.00037551)
    (6.768 -0.00037927)
    (6.769 -0.00038268)
    (6.77 -0.00038579)
    (6.771 -0.00038865)
    (6.772 -0.00039134)
    (6.773 -0.00039392)
    (6.774 -0.00039646)
    (6.775 -0.00039903)
    (6.776 -0.00040169)
    (6.777 -0.00040443)
    (6.778 -0.00040724)
    (6.779 -0.00041007)
    (6.78 -0.00041289)
    (6.781 -0.00041567)
    (6.782 -0.00041837)
    (6.783 -0.00042098)
    (6.784 -0.00042346)
    (6.785 -0.00042584)
    (6.786 -0.00042812)
    (6.787 -0.0004303)
    (6.788 -0.00043239)
    (6.789 -0.00043441)
    (6.79 -0.00043635)
    (6.791 -0.00043823)
    (6.792 -0.00044004)
    (6.793 -0.00044178)
    (6.794 -0.00044341)
    (6.795 -0.0004449)
    (6.796 -0.00044623)
    (6.797 -0.00044738)
    (6.798 -0.00044833)
    (6.799 -0.00044911)
    (6.8 -0.00044971)
    (6.801 -0.00045016)
    (6.802 -0.00045045)
    (6.803 -0.0004506)
    (6.804 -0.00045061)
    (6.805 -0.0004505)
    (6.806 -0.00045028)
    (6.807 -0.00044995)
    (6.808 -0.00044953)
    (6.809 -0.00044901)
    (6.81 -0.00044842)
    (6.811 -0.00044776)
    (6.812 -0.00044701)
    (6.813 -0.00044615)
    (6.814 -0.00044513)
    (6.815 -0.00044394)
    (6.816 -0.00044253)
    (6.817 -0.00044088)
    (6.818 -0.00043895)
    (6.819 -0.00043672)
    (6.82 -0.00043419)
    (6.821 -0.0004314)
    (6.822 -0.0004284)
    (6.823 -0.00042525)
    (6.824 -0.000422)
    (6.825 -0.00041868)
    (6.826 -0.00041536)
    (6.827 -0.00041207)
    (6.828 -0.00040885)
    (6.829 -0.0004057)
    (6.83 -0.00040261)
    (6.831 -0.00039958)
    (6.832 -0.00039662)
    (6.833 -0.00039373)
    (6.834 -0.00039089)
    (6.835 -0.00038813)
    (6.836 -0.00038542)
    (6.837 -0.00038277)
    (6.838 -0.00038016)
    (6.839 -0.00037761)
    (6.84 -0.00037509)
    (6.841 -0.0003726)
    (6.842 -0.00037014)
    (6.843 -0.0003677)
    (6.844 -0.00036528)
    (6.845 -0.0003629)
    (6.846 -0.00036056)
    (6.847 -0.00035829)
    (6.848 -0.00035609)
    (6.849 -0.000354)
    (6.85 -0.00035202)
    (6.851 -0.00035018)
    (6.852 -0.00034848)
    (6.853 -0.00034694)
    (6.854 -0.00034551)
    (6.855 -0.00034418)
    (6.856 -0.00034289)
    (6.857 -0.00034162)
    (6.858 -0.00034033)
    (6.859 -0.00033898)
    (6.86 -0.00033754)
    (6.861 -0.00033598)
    (6.862 -0.00033431)
    (6.863 -0.00033256)
    (6.864 -0.00033079)
    (6.865 -0.00032902)
    (6.866 -0.0003273)
    (6.867 -0.00032568)
    (6.868 -0.00032418)
    (6.869 -0.00032286)
    (6.87 -0.0003217)
    (6.871 -0.00032067)
    (6.872 -0.0003197)
    (6.873 -0.00031875)
    (6.874 -0.00031777)
    (6.875 -0.00031671)
    (6.876 -0.00031557)
    (6.877 -0.00031434)
    (6.878 -0.00031303)
    (6.879 -0.00031164)
    (6.88 -0.00031017)
    (6.881 -0.00030862)
    (6.882 -0.00030699)
    (6.883 -0.00030529)
    (6.884 -0.00030352)
    (6.885 -0.00030167)
    (6.886 -0.00029975)
    (6.887 -0.00029776)
    (6.888 -0.0002957)
    (6.889 -0.00029358)
    (6.89 -0.00029139)
    (6.891 -0.00028914)
    (6.892 -0.00028682)
    (6.893 -0.00028445)
    (6.894 -0.00028202)
    (6.895 -0.00027953)
    (6.896 -0.00027698)
    (6.897 -0.0002744)
    (6.898 -0.00027182)
    (6.899 -0.00026925)
    (6.9 -0.00026673)
    (6.901 -0.00026428)
    (6.902 -0.00026192)
    (6.903 -0.00025969)
    (6.904 -0.0002576)
    (6.905 -0.00025565)
    (6.906 -0.00025381)
    (6.907 -0.00025206)
    (6.908 -0.00025035)
    (6.909 -0.00024864)
    (6.91 -0.00024692)
    (6.911 -0.00024513)
    (6.912 -0.00024326)
    (6.913 -0.00024126)
    (6.914 -0.00023914)
    (6.915 -0.00023692)
    (6.916 -0.00023462)
    (6.917 -0.00023225)
    (6.918 -0.00022984)
    (6.919 -0.0002274)
    (6.92 -0.00022494)
    (6.921 -0.0002225)
    (6.922 -0.00022008)
    (6.923 -0.00021769)
    (6.924 -0.00021531)
    (6.925 -0.00021295)
    (6.926 -0.00021061)
    (6.927 -0.00020828)
    (6.928 -0.00020596)
    (6.929 -0.00020365)
    (6.93 -0.00020134)
    (6.931 -0.00019904)
    (6.932 -0.00019672)
    (6.933 -0.00019439)
    (6.934 -0.00019203)
    (6.935 -0.00018964)
    (6.936 -0.0001872)
    (6.937 -0.0001847)
    (6.938 -0.00018215)
    (6.939 -0.00017952)
    (6.94 -0.00017683)
    (6.941 -0.00017411)
    (6.942 -0.00017138)
    (6.943 -0.00016865)
    (6.944 -0.00016595)
    (6.945 -0.0001633)
    (6.946 -0.00016071)
    (6.947 -0.00015821)
    (6.948 -0.0001558)
    (6.949 -0.00015346)
    (6.95 -0.00015116)
    (6.951 -0.00014889)
    (6.952 -0.00014664)
    (6.953 -0.00014438)
    (6.954 -0.0001421)
    (6.955 -0.00013977)
    (6.956 -0.00013738)
    (6.957 -0.00013492)
    (6.958 -0.00013236)
    (6.959 -0.00012972)
    (6.96 -0.00012702)
    (6.961 -0.00012427)
    (6.962 -0.00012148)
    (6.963 -0.00011867)
    (6.964 -0.00011586)
    (6.965 -0.00011305)
    (6.966 -0.00011026)
    (6.967 -0.00010749)
    (6.968 -0.00010473)
    (6.969 -0.00010196)
    (6.97 -9.9159e-05)
    (6.971 -9.6322e-05)
    (6.972 -9.3429e-05)
    (6.973 -9.0465e-05)
    (6.974 -8.7415e-05)
    (6.975 -8.4275e-05)
    (6.976 -8.1051e-05)
    (6.977 -7.7747e-05)
    (6.978 -7.4371e-05)
    (6.979 -7.0926e-05)
    (6.98 -6.742e-05)
    (6.981 -6.3857e-05)
    (6.982 -6.0258e-05)
    (6.983 -5.6661e-05)
    (6.984 -5.3106e-05)
    (6.985 -4.9633e-05)
    (6.986 -4.6283e-05)
    (6.987 -4.3095e-05)
    (6.988 -4.0111e-05)
    (6.989 -3.7368e-05)
    (6.99 -3.4855e-05)
    (6.991 -3.2504e-05)
    (6.992 -3.0241e-05)
    (6.993 -2.7994e-05)
    (6.994 -2.5692e-05)
    (6.995 -2.3261e-05)
    (6.996 -2.0629e-05)
    (6.997 -1.7724e-05)
    (6.998 -1.4474e-05)
    (6.999 -1.0806e-05)
    (7 0)
    (7.001 0)
    (7.002 0)
    (7.003 0)
    (7.004 1.6589e-07)
    (7.005 8.2288e-07)
    (7.006 1.4955e-06)
    (7.007 2.1933e-06)
    (7.008 2.9259e-06)
    (7.009 3.7029e-06)
    (7.01 4.534e-06)
    (7.011 5.4287e-06)
    (7.012 6.3967e-06)
    (7.013 7.4476e-06)
    (7.014 8.5909e-06)
    (7.015 9.8364e-06)
    (7.016 1.1194e-05)
    (7.017 1.2672e-05)
    (7.018 1.4282e-05)
    (7.019 1.6032e-05)
    (7.02 1.7927e-05)
    (7.021 1.9948e-05)
    (7.022 2.2063e-05)
    (7.023 2.4246e-05)
    (7.024 2.6465e-05)
    (7.025 2.8692e-05)
    (7.026 3.0899e-05)
    (7.027 3.3054e-05)
    (7.028 3.5131e-05)
    (7.029 3.7116e-05)
    (7.03 3.9049e-05)
    (7.031 4.0977e-05)
    (7.032 4.2948e-05)
    (7.033 4.501e-05)
    (7.034 4.7209e-05)
    (7.035 4.9595e-05)
    (7.036 5.2213e-05)
    (7.037 5.5109e-05)
    (7.038 5.8272e-05)
    (7.039 6.1655e-05)
    (7.04 6.5208e-05)
    (7.041 6.8882e-05)
    (7.042 7.2627e-05)
    (7.043 7.6393e-05)
    (7.044 8.0131e-05)
    (7.045 8.3793e-05)
    (7.046 8.7327e-05)
    (7.047 9.0688e-05)
    (7.048 9.3869e-05)
    (7.049 9.6902e-05)
    (7.05 9.982e-05)
    (7.051 0.00010266)
    (7.052 0.00010545)
    (7.053 0.00010822)
    (7.054 0.00011101)
    (7.055 0.00011386)
    (7.056 0.00011679)
    (7.057 0.00011984)
    (7.058 0.00012306)
    (7.059 0.00012648)
    (7.06 0.00013014)
    (7.061 0.00013408)
    (7.062 0.00013833)
    (7.063 0.00014287)
    (7.064 0.0001476)
    (7.065 0.0001524)
    (7.066 0.00015719)
    (7.067 0.00016184)
    (7.068 0.00016625)
    (7.069 0.00017035)
    (7.07 0.00017416)
    (7.071 0.00017775)
    (7.072 0.00018119)
    (7.073 0.00018454)
    (7.074 0.00018786)
    (7.075 0.00019123)
    (7.076 0.00019471)
    (7.077 0.00019831)
    (7.078 0.00020202)
    (7.079 0.00020585)
    (7.08 0.00020977)
    (7.081 0.0002138)
    (7.082 0.00021792)
    (7.083 0.00022212)
    (7.084 0.00022641)
    (7.085 0.00023073)
    (7.086 0.00023504)
    (7.087 0.00023929)
    (7.088 0.00024343)
    (7.089 0.00024741)
    (7.09 0.00025119)
    (7.091 0.00025475)
    (7.092 0.00025815)
    (7.093 0.00026144)
    (7.094 0.00026469)
    (7.095 0.00026794)
    (7.096 0.00027126)
    (7.097 0.00027469)
    (7.098 0.00027822)
    (7.099 0.00028182)
    (7.1 0.00028546)
    (7.101 0.00028912)
    (7.102 0.00029276)
    (7.103 0.00029636)
    (7.104 0.00029988)
    (7.105 0.0003033)
    (7.106 0.00030662)
    (7.107 0.00030984)
    (7.108 0.00031298)
    (7.109 0.00031602)
    (7.11 0.00031898)
    (7.111 0.00032187)
    (7.112 0.00032467)
    (7.113 0.00032741)
    (7.114 0.00033008)
    (7.115 0.0003327)
    (7.116 0.00033526)
    (7.117 0.00033778)
    (7.118 0.00034027)
    (7.119 0.00034272)
    (7.12 0.00034516)
    (7.121 0.00034757)
    (7.122 0.00034998)
    (7.123 0.00035238)
    (7.124 0.00035477)
    (7.125 0.00035713)
    (7.126 0.00035946)
    (7.127 0.00036177)
    (7.128 0.00036403)
    (7.129 0.00036625)
    (7.13 0.00036842)
    (7.131 0.00037053)
    (7.132 0.00037257)
    (7.133 0.00037454)
    (7.134 0.00037642)
    (7.135 0.00037819)
    (7.136 0.00037986)
    (7.137 0.00038141)
    (7.138 0.00038282)
    (7.139 0.00038409)
    (7.14 0.00038522)
    (7.141 0.0003862)
    (7.142 0.00038706)
    (7.143 0.0003878)
    (7.144 0.00038843)
    (7.145 0.00038896)
    (7.146 0.00038939)
    (7.147 0.00038973)
    (7.148 0.00039)
    (7.149 0.0003902)
    (7.15 0.00039034)
    (7.151 0.00039042)
    (7.152 0.00039045)
    (7.153 0.00039043)
    (7.154 0.00039038)
    (7.155 0.0003903)
    (7.156 0.00039019)
    (7.157 0.00039007)
    (7.158 0.00038991)
    (7.159 0.00038974)
    (7.16 0.00038953)
    (7.161 0.00038928)
    (7.162 0.000389)
    (7.163 0.00038867)
    (7.164 0.00038829)
    (7.165 0.00038786)
    (7.166 0.00038738)
    (7.167 0.00038681)
    (7.168 0.00038614)
    (7.169 0.00038537)
    (7.17 0.00038446)
    (7.171 0.00038341)
    (7.172 0.0003822)
    (7.173 0.00038081)
    (7.174 0.00037923)
    (7.175 0.00037746)
    (7.176 0.00037553)
    (7.177 0.00037346)
    (7.178 0.00037127)
    (7.179 0.00036898)
    (7.18 0.00036661)
    (7.181 0.00036419)
    (7.182 0.00036173)
    (7.183 0.00035925)
    (7.184 0.00035677)
    (7.185 0.0003543)
    (7.186 0.00035183)
    (7.187 0.00034939)
    (7.188 0.00034697)
    (7.189 0.00034459)
    (7.19 0.00034226)
    (7.191 0.00033998)
    (7.192 0.00033774)
    (7.193 0.00033551)
    (7.194 0.00033324)
    (7.195 0.00033091)
    (7.196 0.00032846)
    (7.197 0.00032587)
    (7.198 0.00032309)
    (7.199 0.00032009)
    (7.2 0.00031684)
    (7.201 0.00031339)
    (7.202 0.00030978)
    (7.203 0.00030606)
    (7.204 0.00030228)
    (7.205 0.00029848)
    (7.206 0.00029471)
    (7.207 0.00029102)
    (7.208 0.00028745)
    (7.209 0.00028399)
    (7.21 0.00028063)
    (7.211 0.00027734)
    (7.212 0.00027411)
    (7.213 0.00027091)
    (7.214 0.00026773)
    (7.215 0.00026454)
    (7.216 0.00026132)
    (7.217 0.00025804)
    (7.218 0.00025467)
    (7.219 0.00025118)
    (7.22 0.00024755)
    (7.221 0.00024373)
    (7.222 0.00023971)
    (7.223 0.0002355)
    (7.224 0.00023114)
    (7.225 0.00022672)
    (7.226 0.00022229)
    (7.227 0.00021792)
    (7.228 0.00021367)
    (7.229 0.00020959)
    (7.23 0.00020566)
    (7.231 0.00020185)
    (7.232 0.00019812)
    (7.233 0.00019444)
    (7.234 0.00019078)
    (7.235 0.00018712)
    (7.236 0.00018345)
    (7.237 0.00017979)
    (7.238 0.00017614)
    (7.239 0.0001725)
    (7.24 0.00016889)
    (7.241 0.00016531)
    (7.242 0.00016176)
    (7.243 0.00015822)
    (7.244 0.00015465)
    (7.245 0.00015103)
    (7.246 0.00014731)
    (7.247 0.00014346)
    (7.248 0.00013945)
    (7.249 0.00013528)
    (7.25 0.00013103)
    (7.251 0.00012676)
    (7.252 0.00012255)
    (7.253 0.00011848)
    (7.254 0.00011461)
    (7.255 0.00011102)
    (7.256 0.00010768)
    (7.257 0.00010453)
    (7.258 0.00010151)
    (7.259 9.8581e-05)
    (7.26 9.5671e-05)
    (7.261 9.2727e-05)
    (7.262 8.9693e-05)
    (7.263 8.6523e-05)
    (7.264 8.3231e-05)
    (7.265 7.9857e-05)
    (7.266 7.6437e-05)
    (7.267 7.3011e-05)
    (7.268 6.9616e-05)
    (7.269 6.629e-05)
    (7.27 6.3072e-05)
    (7.271 5.9992e-05)
    (7.272 5.705e-05)
    (7.273 5.4232e-05)
    (7.274 5.1526e-05)
    (7.275 4.892e-05)
    (7.276 4.6402e-05)
    (7.277 4.3958e-05)
    (7.278 4.1576e-05)
    (7.279 3.9244e-05)
    (7.28 3.6952e-05)
    (7.281 3.4702e-05)
    (7.282 3.2503e-05)
    (7.283 3.0365e-05)
    (7.284 2.8295e-05)
    (7.285 2.6302e-05)
    (7.286 2.4396e-05)
    (7.287 2.2586e-05)
    (7.288 2.0879e-05)
    (7.289 1.9271e-05)
    (7.29 1.7749e-05)
    (7.291 1.6299e-05)
    (7.292 1.4908e-05)
    (7.293 1.3562e-05)
    (7.294 1.2246e-05)
    (7.295 1.0948e-05)
    (7.296 9.6537e-06)
    (7.297 8.3533e-06)
    (7.298 7.0592e-06)
    (7.299 5.7907e-06)
    (7.3 4.567e-06)
    (7.301 3.4072e-06)
    (7.302 2.3306e-06)
    (7.303 0)
    (7.304 0)
    (7.305 0)
    (7.306 0)
    (7.307 0)
    (7.308 0)
    (7.309 0)
    (7.31 0)
    (7.311 0)
    (7.312 0)
    (7.313 0)
    (7.314 0)
    (7.315 0)
    (7.316 0)
    (7.317 0)
    (7.318 0)
    (7.319 0)
    (7.32 0)
    (7.321 0)
    (7.322 0)
    (7.323 0)
    (7.324 0)
    (7.325 0)
    (7.326 0)
    (7.327 0)
    (7.328 0)
    (7.329 0)
    (7.33 0)
    (7.331 0)
    (7.332 0)
    (7.333 0)
    (7.334 0)
    (7.335 0)
    (7.336 0)
    (7.337 0)
    (7.338 0)
    (7.339 0)
    (7.34 0)
    (7.341 0)
    (7.342 0)
    (7.343 0)
    (7.344 0)
    (7.345 0)
    (7.346 0)
    (7.347 0)
    (7.348 0)
    (7.349 0)
    (7.35 0)
    (7.351 0)
    (7.352 0)
    (7.353 0)
    (7.354 0)
    (7.355 0)
    (7.356 0)
    (7.357 0)
    (7.358 0)
    (7.359 0)
    (7.36 0)
    (7.361 0)
    (7.362 0)
    (7.363 0)
    (7.364 0)
    (7.365 0)
    (7.366 0)
    (7.367 0)
    (7.368 0)
    (7.369 0)
    (7.37 0)
    (7.371 0)
    (7.372 0)
    (7.373 0)
    (7.374 0)
    (7.375 0)
    (7.376 0)
    (7.377 0)
    (7.378 0)
    (7.379 0)
    (7.38 0)
    (7.381 0)
    (7.382 0)
    (7.383 0)
    (7.384 0)
    (7.385 0)
    (7.386 0)
    (7.387 0)
    (7.388 0)
    (7.389 0)
    (7.39 0)
    (7.391 0)
    (7.392 0)
    (7.393 0)
    (7.394 0)
    (7.395 0)
    (7.396 0)
    (7.397 0)
    (7.398 0)
    (7.399 0)
    (7.4 0)
    (7.401 0)
    (7.402 0)
    (7.403 0)
    (7.404 0)
    (7.405 0)
    (7.406 0)
    (7.407 0)
    (7.408 0)
    (7.409 0)
    (7.41 0)
    (7.411 0)
    (7.412 0)
    (7.413 0)
    (7.414 0)
    (7.415 0)
    (7.416 0)
    (7.417 0)
    (7.418 0)
    (7.419 0)
    (7.42 0)
    (7.421 0)
    (7.422 0)
    (7.423 0)
    (7.424 0)
    (7.425 0)
    (7.426 0)
    (7.427 0)
    (7.428 0)
    (7.429 0)
    (7.43 0)
    (7.431 0)
    (7.432 0)
    (7.433 0)
    (7.434 0)
    (7.435 0)
    (7.436 0)
    (7.437 0)
    (7.438 0)
    (7.439 0)
    (7.44 0)
    (7.441 0)
    (7.442 0)
    (7.443 0)
    (7.444 0)
    (7.445 0)
    (7.446 0)
    (7.447 0)
    (7.448 0)
    (7.449 0)
    (7.45 0)
    (7.451 0)
    (7.452 0)
    (7.453 0)
    (7.454 0)
    (7.455 0)
    (7.456 0)
    (7.457 0)
    (7.458 0)
    (7.459 0)
    (7.46 0)
    (7.461 0)
    (7.462 0)
    (7.463 0)
    (7.464 0)
    (7.465 0)
    (7.466 0)
    (7.467 0)
    (7.468 0)
    (7.469 0)
    (7.47 0)
    (7.471 0)
    (7.472 0)
    (7.473 0)
    (7.474 0)
    (7.475 0)
    (7.476 0)
    (7.477 0)
    (7.478 0)
    (7.479 0)
    (7.48 0)
    (7.481 0)
    (7.482 0)
    (7.483 0)
    (7.484 0)
    (7.485 0)
    (7.486 0)
    (7.487 0)
    (7.488 0)
    (7.489 0)
    (7.49 0)
    (7.491 0)
    (7.492 3.0234e-07)
    (7.493 1.0447e-06)
    (7.494 1.9813e-06)
    (7.495 3.1367e-06)
    (7.496 4.5296e-06)
    (7.497 6.1401e-06)
    (7.498 7.933e-06)
    (7.499 9.8729e-06)
    (7.5 1.1924e-05)
    (7.501 1.4052e-05)
    (7.502 1.6221e-05)
    (7.503 1.8396e-05)
    (7.504 2.0541e-05)
    (7.505 2.2635e-05)
    (7.506 2.4711e-05)
    (7.507 2.6809e-05)
    (7.508 2.8972e-05)
    (7.509 3.1242e-05)
    (7.51 3.3662e-05)
    (7.511 3.6272e-05)
    (7.512 3.9116e-05)
    (7.513 4.2212e-05)
    (7.514 4.554e-05)
    (7.515 4.9075e-05)
    (7.516 5.2793e-05)
    (7.517 5.6667e-05)
    (7.518 6.0673e-05)
    (7.519 6.4786e-05)
    (7.52 6.8981e-05)
    (7.521 7.3234e-05)
    (7.522 7.752e-05)
    (7.523 8.1815e-05)
    (7.524 8.6094e-05)
    (7.525 9.0334e-05)
    (7.526 9.4511e-05)
    (7.527 9.8621e-05)
    (7.528 0.00010268)
    (7.529 0.00010669)
    (7.53 0.00011067)
    (7.531 0.00011464)
    (7.532 0.00011859)
    (7.533 0.00012254)
    (7.534 0.00012649)
    (7.535 0.00013042)
    (7.536 0.00013432)
    (7.537 0.00013818)
    (7.538 0.00014199)
    (7.539 0.00014574)
    (7.54 0.00014942)
    (7.541 0.00015303)
    (7.542 0.00015658)
    (7.543 0.00016007)
    (7.544 0.00016349)
    (7.545 0.00016685)
    (7.546 0.00017016)
    (7.547 0.0001734)
    (7.548 0.00017656)
    (7.549 0.00017961)
    (7.55 0.00018253)
    (7.551 0.00018531)
    (7.552 0.00018792)
    (7.553 0.00019034)
    (7.554 0.00019257)
    (7.555 0.0001946)
    (7.556 0.00019646)
    (7.557 0.00019816)
    (7.558 0.0001997)
    (7.559 0.0002011)
    (7.56 0.00020237)
    (7.561 0.00020352)
    (7.562 0.00020456)
    (7.563 0.0002055)
    (7.564 0.00020631)
    (7.565 0.00020699)
    (7.566 0.00020752)
    (7.567 0.00020788)
    (7.568 0.00020807)
    (7.569 0.00020807)
    (7.57 0.00020787)
    (7.571 0.00020746)
    (7.572 0.00020686)
    (7.573 0.00020609)
    (7.574 0.00020517)
    (7.575 0.00020411)
    (7.576 0.00020294)
    (7.577 0.00020166)
    (7.578 0.0002003)
    (7.579 0.00019887)
    (7.58 0.00019739)
    (7.581 0.00019583)
    (7.582 0.00019418)
    (7.583 0.00019244)
    (7.584 0.00019059)
    (7.585 0.00018862)
    (7.586 0.00018651)
    (7.587 0.00018424)
    (7.588 0.00018182)
    (7.589 0.00017922)
    (7.59 0.00017643)
    (7.591 0.00017346)
    (7.592 0.0001703)
    (7.593 0.00016692)
    (7.594 0.00016334)
    (7.595 0.00015954)
    (7.596 0.00015553)
    (7.597 0.00015138)
    (7.598 0.00014717)
    (7.599 0.00014297)
    (7.6 0.00013885)
    (7.601 0.00013489)
    (7.602 0.00013116)
    (7.603 0.00012761)
    (7.604 0.00012419)
    (7.605 0.00012084)
    (7.606 0.00011749)
    (7.607 0.00011409)
    (7.608 0.00011056)
    (7.609 0.00010687)
    (7.61 0.00010302)
    (7.611 9.9022e-05)
    (7.612 9.4894e-05)
    (7.613 9.0652e-05)
    (7.614 8.6312e-05)
    (7.615 8.1898e-05)
    (7.616 7.7449e-05)
    (7.617 7.3006e-05)
    (7.618 6.8613e-05)
    (7.619 6.4309e-05)
    (7.62 6.0138e-05)
    (7.621 5.614e-05)
    (7.622 5.2359e-05)
    (7.623 4.8827e-05)
    (7.624 4.5536e-05)
    (7.625 4.2464e-05)
    (7.626 3.9591e-05)
    (7.627 3.6895e-05)
    (7.628 3.4354e-05)
    (7.629 3.1947e-05)
    (7.63 2.9652e-05)
    (7.631 2.7449e-05)
    (7.632 2.533e-05)
    (7.633 2.3286e-05)
    (7.634 2.131e-05)
    (7.635 1.9395e-05)
    (7.636 1.7533e-05)
    (7.637 1.5717e-05)
    (7.638 1.3938e-05)
    (7.639 1.2191e-05)
    (7.64 1.0468e-05)
    (7.641 8.7799e-06)
    (7.642 7.1499e-06)
    (7.643 5.6022e-06)
    (7.644 4.1607e-06)
    (7.645 2.8495e-06)
    (7.646 0)
    (7.647 0)
    (7.648 0)
    (7.649 0)
    (7.65 0)
    (7.651 0)
    (7.652 0)
    (7.653 0)
    (7.654 0)
    (7.655 0)
    (7.656 0)
    (7.657 0)
    (7.658 0)
    (7.659 0)
    (7.66 0)
    (7.661 0)
    (7.662 0)
    (7.663 0)
    (7.664 0)
    (7.665 0)
    (7.666 0)
    (7.667 0)
    (7.668 0)
    (7.669 0)
    (7.67 0)
    (7.671 0)
    (7.672 0)
    (7.673 0)
    (7.674 0)
    (7.675 0)
    (7.676 -8.796e-08)
    (7.677 -6.8523e-07)
    (7.678 -1.4262e-06)
    (7.679 -2.3053e-06)
    (7.68 -3.317e-06)
    (7.681 -4.4557e-06)
    (7.682 -5.7159e-06)
    (7.683 -7.0913e-06)
    (7.684 -8.5699e-06)
    (7.685 -1.0137e-05)
    (7.686 -1.1776e-05)
    (7.687 -1.3474e-05)
    (7.688 -1.5213e-05)
    (7.689 -1.6981e-05)
    (7.69 -1.876e-05)
    (7.691 -2.0536e-05)
    (7.692 -2.2301e-05)
    (7.693 -2.4075e-05)
    (7.694 -2.5883e-05)
    (7.695 -2.7749e-05)
    (7.696 -2.9697e-05)
    (7.697 -3.1753e-05)
    (7.698 -3.3941e-05)
    (7.699 -3.6286e-05)
    (7.7 -3.8812e-05)
    (7.701 -4.1544e-05)
    (7.702 -4.4506e-05)
    (7.703 -4.7694e-05)
    (7.704 -5.1084e-05)
    (7.705 -5.4647e-05)
    (7.706 -5.8357e-05)
    (7.707 -6.2185e-05)
    (7.708 -6.6104e-05)
    (7.709 -7.0088e-05)
    (7.71 -7.4119e-05)
    (7.711 -7.8202e-05)
    (7.712 -8.2343e-05)
    (7.713 -8.6547e-05)
    (7.714 -9.0821e-05)
    (7.715 -9.5169e-05)
    (7.716 -9.9596e-05)
    (7.717 -0.0001041)
    (7.718 -0.00010868)
    (7.719 -0.00011333)
    (7.72 -0.00011804)
    (7.721 -0.00012281)
    (7.722 -0.00012764)
    (7.723 -0.00013251)
    (7.724 -0.00013739)
    (7.725 -0.00014224)
    (7.726 -0.00014705)
    (7.727 -0.00015177)
    (7.728 -0.00015638)
    (7.729 -0.00016093)
    (7.73 -0.00016555)
    (7.731 -0.00017039)
    (7.732 -0.00017559)
    (7.733 -0.00018128)
    (7.734 -0.00018744)
    (7.735 -0.0001938)
    (7.736 -0.00020011)
    (7.737 -0.00020611)
    (7.738 -0.00021163)
    (7.739 -0.00021679)
    (7.74 -0.00022176)
    (7.741 -0.00022672)
    (7.742 -0.00023185)
    (7.743 -0.00023726)
    (7.744 -0.00024289)
    (7.745 -0.00024864)
    (7.746 -0.00025439)
    (7.747 -0.00026002)
    (7.748 -0.00026546)
    (7.749 -0.00027083)
    (7.75 -0.00027626)
    (7.751 -0.00028192)
    (7.752 -0.00028797)
    (7.753 -0.00029452)
    (7.754 -0.00030145)
    (7.755 -0.00030858)
    (7.756 -0.00031571)
    (7.757 -0.00032264)
    (7.758 -0.00032919)
    (7.759 -0.00033537)
    (7.76 -0.00034121)
    (7.761 -0.00034679)
    (7.762 -0.00035216)
    (7.763 -0.00035733)
    (7.764 -0.00036228)
    (7.765 -0.00036698)
    (7.766 -0.0003714)
    (7.767 -0.00037551)
    (7.768 -0.00037927)
    (7.769 -0.00038268)
    (7.77 -0.00038579)
    (7.771 -0.00038865)
    (7.772 -0.00039134)
    (7.773 -0.00039392)
    (7.774 -0.00039646)
    (7.775 -0.00039903)
    (7.776 -0.00040169)
    (7.777 -0.00040443)
    (7.778 -0.00040724)
    (7.779 -0.00041007)
    (7.78 -0.00041289)
    (7.781 -0.00041567)
    (7.782 -0.00041837)
    (7.783 -0.00042098)
    (7.784 -0.00042346)
    (7.785 -0.00042584)
    (7.786 -0.00042812)
    (7.787 -0.0004303)
    (7.788 -0.00043239)
    (7.789 -0.00043441)
    (7.79 -0.00043635)
    (7.791 -0.00043823)
    (7.792 -0.00044004)
    (7.793 -0.00044178)
    (7.794 -0.00044341)
    (7.795 -0.0004449)
    (7.796 -0.00044623)
    (7.797 -0.00044738)
    (7.798 -0.00044833)
    (7.799 -0.00044911)
    (7.8 -0.00044971)
    (7.801 -0.00045016)
    (7.802 -0.00045045)
    (7.803 -0.0004506)
    (7.804 -0.00045061)
    (7.805 -0.0004505)
    (7.806 -0.00045028)
    (7.807 -0.00044995)
    (7.808 -0.00044953)
    (7.809 -0.00044901)
    (7.81 -0.00044842)
    (7.811 -0.00044776)
    (7.812 -0.00044701)
    (7.813 -0.00044615)
    (7.814 -0.00044513)
    (7.815 -0.00044394)
    (7.816 -0.00044253)
    (7.817 -0.00044088)
    (7.818 -0.00043895)
    (7.819 -0.00043672)
    (7.82 -0.00043419)
    (7.821 -0.0004314)
    (7.822 -0.0004284)
    (7.823 -0.00042525)
    (7.824 -0.000422)
    (7.825 -0.00041868)
    (7.826 -0.00041536)
    (7.827 -0.00041207)
    (7.828 -0.00040885)
    (7.829 -0.0004057)
    (7.83 -0.00040261)
    (7.831 -0.00039958)
    (7.832 -0.00039662)
    (7.833 -0.00039373)
    (7.834 -0.00039089)
    (7.835 -0.00038813)
    (7.836 -0.00038542)
    (7.837 -0.00038277)
    (7.838 -0.00038016)
    (7.839 -0.00037761)
    (7.84 -0.00037509)
    (7.841 -0.0003726)
    (7.842 -0.00037014)
    (7.843 -0.0003677)
    (7.844 -0.00036528)
    (7.845 -0.0003629)
    (7.846 -0.00036056)
    (7.847 -0.00035829)
    (7.848 -0.00035609)
    (7.849 -0.000354)
    (7.85 -0.00035202)
    (7.851 -0.00035018)
    (7.852 -0.00034848)
    (7.853 -0.00034694)
    (7.854 -0.00034551)
    (7.855 -0.00034418)
    (7.856 -0.00034289)
    (7.857 -0.00034162)
    (7.858 -0.00034033)
    (7.859 -0.00033898)
    (7.86 -0.00033754)
    (7.861 -0.00033598)
    (7.862 -0.00033431)
    (7.863 -0.00033256)
    (7.864 -0.00033079)
    (7.865 -0.00032902)
    (7.866 -0.0003273)
    (7.867 -0.00032568)
    (7.868 -0.00032418)
    (7.869 -0.00032286)
    (7.87 -0.0003217)
    (7.871 -0.00032067)
    (7.872 -0.0003197)
    (7.873 -0.00031875)
    (7.874 -0.00031777)
    (7.875 -0.00031671)
    (7.876 -0.00031557)
    (7.877 -0.00031434)
    (7.878 -0.00031303)
    (7.879 -0.00031164)
    (7.88 -0.00031017)
    (7.881 -0.00030862)
    (7.882 -0.00030699)
    (7.883 -0.00030529)
    (7.884 -0.00030352)
    (7.885 -0.00030167)
    (7.886 -0.00029975)
    (7.887 -0.00029776)
    (7.888 -0.0002957)
    (7.889 -0.00029358)
    (7.89 -0.00029139)
    (7.891 -0.00028914)
    (7.892 -0.00028682)
    (7.893 -0.00028445)
    (7.894 -0.00028202)
    (7.895 -0.00027953)
    (7.896 -0.00027698)
    (7.897 -0.0002744)
    (7.898 -0.00027182)
    (7.899 -0.00026925)
    (7.9 -0.00026673)
    (7.901 -0.00026428)
    (7.902 -0.00026192)
    (7.903 -0.00025969)
    (7.904 -0.0002576)
    (7.905 -0.00025565)
    (7.906 -0.00025381)
    (7.907 -0.00025206)
    (7.908 -0.00025035)
    (7.909 -0.00024864)
    (7.91 -0.00024692)
    (7.911 -0.00024513)
    (7.912 -0.00024326)
    (7.913 -0.00024126)
    (7.914 -0.00023914)
    (7.915 -0.00023692)
    (7.916 -0.00023462)
    (7.917 -0.00023225)
    (7.918 -0.00022984)
    (7.919 -0.0002274)
    (7.92 -0.00022494)
    (7.921 -0.0002225)
    (7.922 -0.00022008)
    (7.923 -0.00021769)
    (7.924 -0.00021531)
    (7.925 -0.00021295)
    (7.926 -0.00021061)
    (7.927 -0.00020828)
    (7.928 -0.00020596)
    (7.929 -0.00020365)
    (7.93 -0.00020134)
    (7.931 -0.00019904)
    (7.932 -0.00019672)
    (7.933 -0.00019439)
    (7.934 -0.00019203)
    (7.935 -0.00018964)
    (7.936 -0.0001872)
    (7.937 -0.0001847)
    (7.938 -0.00018215)
    (7.939 -0.00017952)
    (7.94 -0.00017683)
    (7.941 -0.00017411)
    (7.942 -0.00017138)
    (7.943 -0.00016865)
    (7.944 -0.00016595)
    (7.945 -0.0001633)
    (7.946 -0.00016071)
    (7.947 -0.00015821)
    (7.948 -0.0001558)
    (7.949 -0.00015346)
    (7.95 -0.00015116)
    (7.951 -0.00014889)
    (7.952 -0.00014664)
    (7.953 -0.00014438)
    (7.954 -0.0001421)
    (7.955 -0.00013977)
    (7.956 -0.00013738)
    (7.957 -0.00013492)
    (7.958 -0.00013236)
    (7.959 -0.00012972)
    (7.96 -0.00012702)
    (7.961 -0.00012427)
    (7.962 -0.00012148)
    (7.963 -0.00011867)
    (7.964 -0.00011586)
    (7.965 -0.00011305)
    (7.966 -0.00011026)
    (7.967 -0.00010749)
    (7.968 -0.00010473)
    (7.969 -0.00010196)
    (7.97 -9.9159e-05)
    (7.971 -9.6322e-05)
    (7.972 -9.3429e-05)
    (7.973 -9.0465e-05)
    (7.974 -8.7415e-05)
    (7.975 -8.4275e-05)
    (7.976 -8.1051e-05)
    (7.977 -7.7747e-05)
    (7.978 -7.4371e-05)
    (7.979 -7.0926e-05)
    (7.98 -6.742e-05)
    (7.981 -6.3857e-05)
    (7.982 -6.0258e-05)
    (7.983 -5.6661e-05)
    (7.984 -5.3106e-05)
    (7.985 -4.9633e-05)
    (7.986 -4.6283e-05)
    (7.987 -4.3095e-05)
    (7.988 -4.0111e-05)
    (7.989 -3.7368e-05)
    (7.99 -3.4855e-05)
    (7.991 -3.2504e-05)
    (7.992 -3.0241e-05)
    (7.993 -2.7994e-05)
    (7.994 -2.5692e-05)
    (7.995 -2.3261e-05)
    (7.996 -2.0629e-05)
    (7.997 -1.7724e-05)
    (7.998 -1.4474e-05)
    (7.999 -1.0806e-05)
    (8 0)
    (8.001 0)
    (8.002 0)
    (8.003 0)
    (8.004 1.6589e-07)
    (8.005 8.2288e-07)
    (8.006 1.4955e-06)
    (8.007 2.1933e-06)
    (8.008 2.9259e-06)
    (8.009 3.7029e-06)
    (8.01 4.534e-06)
    (8.011 5.4287e-06)
    (8.012 6.3967e-06)
    (8.013 7.4476e-06)
    (8.014 8.5909e-06)
    (8.015 9.8364e-06)
    (8.016 1.1194e-05)
    (8.017 1.2672e-05)
    (8.018 1.4282e-05)
    (8.019 1.6032e-05)
    (8.02 1.7927e-05)
    (8.021 1.9948e-05)
    (8.022 2.2063e-05)
    (8.023 2.4246e-05)
    (8.024 2.6465e-05)
    (8.025 2.8692e-05)
    (8.026 3.0899e-05)
    (8.027 3.3054e-05)
    (8.028 3.5131e-05)
    (8.029 3.7116e-05)
    (8.03 3.9049e-05)
    (8.031 4.0977e-05)
    (8.032 4.2948e-05)
    (8.033 4.501e-05)
    (8.034 4.7209e-05)
    (8.035 4.9595e-05)
    (8.036 5.2213e-05)
    (8.037 5.5109e-05)
    (8.038 5.8272e-05)
    (8.039 6.1655e-05)
    (8.04 6.5208e-05)
    (8.041 6.8882e-05)
    (8.042 7.2627e-05)
    (8.043 7.6393e-05)
    (8.044 8.0131e-05)
    (8.045 8.3793e-05)
    (8.046 8.7327e-05)
    (8.047 9.0688e-05)
    (8.048 9.3869e-05)
    (8.049 9.6902e-05)
    (8.05 9.982e-05)
    (8.051 0.00010266)
    (8.052 0.00010545)
    (8.053 0.00010822)
    (8.054 0.00011101)
    (8.055 0.00011386)
    (8.056 0.00011679)
    (8.057 0.00011984)
    (8.058 0.00012306)
    (8.059 0.00012648)
    (8.06 0.00013014)
    (8.061 0.00013408)
    (8.062 0.00013833)
    (8.063 0.00014287)
    (8.064 0.0001476)
    (8.065 0.0001524)
    (8.066 0.00015719)
    (8.067 0.00016184)
    (8.068 0.00016625)
    (8.069 0.00017035)
    (8.07 0.00017416)
    (8.071 0.00017775)
    (8.072 0.00018119)
    (8.073 0.00018454)
    (8.074 0.00018786)
    (8.075 0.00019123)
    (8.076 0.00019471)
    (8.077 0.00019831)
    (8.078 0.00020202)
    (8.079 0.00020585)
    (8.08 0.00020977)
    (8.081 0.0002138)
    (8.082 0.00021792)
    (8.083 0.00022212)
    (8.084 0.00022641)
    (8.085 0.00023073)
    (8.086 0.00023504)
    (8.087 0.00023929)
    (8.088 0.00024343)
    (8.089 0.00024741)
    (8.09 0.00025119)
    (8.091 0.00025475)
    (8.092 0.00025815)
    (8.093 0.00026144)
    (8.094 0.00026469)
    (8.095 0.00026794)
    (8.096 0.00027126)
    (8.097 0.00027469)
    (8.098 0.00027822)
    (8.099 0.00028182)
    (8.1 0.00028546)
    (8.101 0.00028912)
    (8.102 0.00029276)
    (8.103 0.00029636)
    (8.104 0.00029988)
    (8.105 0.0003033)
    (8.106 0.00030662)
    (8.107 0.00030984)
    (8.108 0.00031298)
    (8.109 0.00031602)
    (8.11 0.00031898)
    (8.111 0.00032187)
    (8.112 0.00032467)
    (8.113 0.00032741)
    (8.114 0.00033008)
    (8.115 0.0003327)
    (8.116 0.00033526)
    (8.117 0.00033778)
    (8.118 0.00034027)
    (8.119 0.00034272)
    (8.12 0.00034516)
    (8.121 0.00034757)
    (8.122 0.00034998)
    (8.123 0.00035238)
    (8.124 0.00035477)
    (8.125 0.00035713)
    (8.126 0.00035946)
    (8.127 0.00036177)
    (8.128 0.00036403)
    (8.129 0.00036625)
    (8.13 0.00036842)
    (8.131 0.00037053)
    (8.132 0.00037257)
    (8.133 0.00037454)
    (8.134 0.00037642)
    (8.135 0.00037819)
    (8.136 0.00037986)
    (8.137 0.00038141)
    (8.138 0.00038282)
    (8.139 0.00038409)
    (8.14 0.00038522)
    (8.141 0.0003862)
    (8.142 0.00038706)
    (8.143 0.0003878)
    (8.144 0.00038843)
    (8.145 0.00038896)
    (8.146 0.00038939)
    (8.147 0.00038973)
    (8.148 0.00039)
    (8.149 0.0003902)
    (8.15 0.00039034)
    (8.151 0.00039042)
    (8.152 0.00039045)
    (8.153 0.00039043)
    (8.154 0.00039038)
    (8.155 0.0003903)
    (8.156 0.00039019)
    (8.157 0.00039007)
    (8.158 0.00038991)
    (8.159 0.00038974)
    (8.16 0.00038953)
    (8.161 0.00038928)
    (8.162 0.000389)
    (8.163 0.00038867)
    (8.164 0.00038829)
    (8.165 0.00038786)
    (8.166 0.00038738)
    (8.167 0.00038681)
    (8.168 0.00038614)
    (8.169 0.00038537)
    (8.17 0.00038446)
    (8.171 0.00038341)
    (8.172 0.0003822)
    (8.173 0.00038081)
    (8.174 0.00037923)
    (8.175 0.00037746)
    (8.176 0.00037553)
    (8.177 0.00037346)
    (8.178 0.00037127)
    (8.179 0.00036898)
    (8.18 0.00036661)
    (8.181 0.00036419)
    (8.182 0.00036173)
    (8.183 0.00035925)
    (8.184 0.00035677)
    (8.185 0.0003543)
    (8.186 0.00035183)
    (8.187 0.00034939)
    (8.188 0.00034697)
    (8.189 0.00034459)
    (8.19 0.00034226)
    (8.191 0.00033998)
    (8.192 0.00033774)
    (8.193 0.00033551)
    (8.194 0.00033324)
    (8.195 0.00033091)
    (8.196 0.00032846)
    (8.197 0.00032587)
    (8.198 0.00032309)
    (8.199 0.00032009)
    (8.2 0.00031684)
    (8.201 0.00031339)
    (8.202 0.00030978)
    (8.203 0.00030606)
    (8.204 0.00030228)
    (8.205 0.00029848)
    (8.206 0.00029471)
    (8.207 0.00029102)
    (8.208 0.00028745)
    (8.209 0.00028399)
    (8.21 0.00028063)
    (8.211 0.00027734)
    (8.212 0.00027411)
    (8.213 0.00027091)
    (8.214 0.00026773)
    (8.215 0.00026454)
    (8.216 0.00026132)
    (8.217 0.00025804)
    (8.218 0.00025467)
    (8.219 0.00025118)
    (8.22 0.00024755)
    (8.221 0.00024373)
    (8.222 0.00023971)
    (8.223 0.0002355)
    (8.224 0.00023114)
    (8.225 0.00022672)
    (8.226 0.00022229)
    (8.227 0.00021792)
    (8.228 0.00021367)
    (8.229 0.00020959)
    (8.23 0.00020566)
    (8.231 0.00020185)
    (8.232 0.00019812)
    (8.233 0.00019444)
    (8.234 0.00019078)
    (8.235 0.00018712)
    (8.236 0.00018345)
    (8.237 0.00017979)
    (8.238 0.00017614)
    (8.239 0.0001725)
    (8.24 0.00016889)
    (8.241 0.00016531)
    (8.242 0.00016176)
    (8.243 0.00015822)
    (8.244 0.00015465)
    (8.245 0.00015103)
    (8.246 0.00014731)
    (8.247 0.00014346)
    (8.248 0.00013945)
    (8.249 0.00013528)
    (8.25 0.00013103)
    (8.251 0.00012676)
    (8.252 0.00012255)
    (8.253 0.00011848)
    (8.254 0.00011461)
    (8.255 0.00011102)
    (8.256 0.00010768)
    (8.257 0.00010453)
    (8.258 0.00010151)
    (8.259 9.8581e-05)
    (8.26 9.5671e-05)
    (8.261 9.2727e-05)
    (8.262 8.9693e-05)
    (8.263 8.6523e-05)
    (8.264 8.3231e-05)
    (8.265 7.9857e-05)
    (8.266 7.6437e-05)
    (8.267 7.3011e-05)
    (8.268 6.9616e-05)
    (8.269 6.629e-05)
    (8.27 6.3072e-05)
    (8.271 5.9992e-05)
    (8.272 5.705e-05)
    (8.273 5.4232e-05)
    (8.274 5.1526e-05)
    (8.275 4.892e-05)
    (8.276 4.6402e-05)
    (8.277 4.3958e-05)
    (8.278 4.1576e-05)
    (8.279 3.9244e-05)
    (8.28 3.6952e-05)
    (8.281 3.4702e-05)
    (8.282 3.2503e-05)
    (8.283 3.0365e-05)
    (8.284 2.8295e-05)
    (8.285 2.6302e-05)
    (8.286 2.4396e-05)
    (8.287 2.2586e-05)
    (8.288 2.0879e-05)
    (8.289 1.9271e-05)
    (8.29 1.7749e-05)
    (8.291 1.6299e-05)
    (8.292 1.4908e-05)
    (8.293 1.3562e-05)
    (8.294 1.2246e-05)
    (8.295 1.0948e-05)
    (8.296 9.6537e-06)
    (8.297 8.3533e-06)
    (8.298 7.0592e-06)
    (8.299 5.7907e-06)
    (8.3 4.567e-06)
    (8.301 3.4072e-06)
    (8.302 2.3306e-06)
    (8.303 0)
    (8.304 0)
    (8.305 0)
    (8.306 0)
    (8.307 0)
    (8.308 0)
    (8.309 0)
    (8.31 0)
    (8.311 0)
    (8.312 0)
    (8.313 0)
    (8.314 0)
    (8.315 0)
    (8.316 0)
    (8.317 0)
    (8.318 0)
    (8.319 0)
    (8.32 0)
    (8.321 0)
    (8.322 0)
    (8.323 0)
    (8.324 0)
    (8.325 0)
    (8.326 0)
    (8.327 0)
    (8.328 0)
    (8.329 0)
    (8.33 0)
    (8.331 0)
    (8.332 0)
    (8.333 0)
    (8.334 0)
    (8.335 0)
    (8.336 0)
    (8.337 0)
    (8.338 0)
    (8.339 0)
    (8.34 0)
    (8.341 0)
    (8.342 0)
    (8.343 0)
    (8.344 0)
    (8.345 0)
    (8.346 0)
    (8.347 0)
    (8.348 0)
    (8.349 0)
    (8.35 0)
    (8.351 0)
    (8.352 0)
    (8.353 0)
    (8.354 0)
    (8.355 0)
    (8.356 0)
    (8.357 0)
    (8.358 0)
    (8.359 0)
    (8.36 0)
    (8.361 0)
    (8.362 0)
    (8.363 0)
    (8.364 0)
    (8.365 0)
    (8.366 0)
    (8.367 0)
    (8.368 0)
    (8.369 0)
    (8.37 0)
    (8.371 0)
    (8.372 0)
    (8.373 0)
    (8.374 0)
    (8.375 0)
    (8.376 0)
    (8.377 0)
    (8.378 0)
    (8.379 0)
    (8.38 0)
    (8.381 0)
    (8.382 0)
    (8.383 0)
    (8.384 0)
    (8.385 0)
    (8.386 0)
    (8.387 0)
    (8.388 0)
    (8.389 0)
    (8.39 0)
    (8.391 0)
    (8.392 0)
    (8.393 0)
    (8.394 0)
    (8.395 0)
    (8.396 0)
    (8.397 0)
    (8.398 0)
    (8.399 0)
    (8.4 0)
    (8.401 0)
    (8.402 0)
    (8.403 0)
    (8.404 0)
    (8.405 0)
    (8.406 0)
    (8.407 0)
    (8.408 0)
    (8.409 0)
    (8.41 0)
    (8.411 0)
    (8.412 0)
    (8.413 0)
    (8.414 0)
    (8.415 0)
    (8.416 0)
    (8.417 0)
    (8.418 0)
    (8.419 0)
    (8.42 0)
    (8.421 0)
    (8.422 0)
    (8.423 0)
    (8.424 0)
    (8.425 0)
    (8.426 0)
    (8.427 0)
    (8.428 0)
    (8.429 0)
    (8.43 0)
    (8.431 0)
    (8.432 0)
    (8.433 0)
    (8.434 0)
    (8.435 0)
    (8.436 0)
    (8.437 0)
    (8.438 0)
    (8.439 0)
    (8.44 0)
    (8.441 0)
    (8.442 0)
    (8.443 0)
    (8.444 0)
    (8.445 0)
    (8.446 0)
    (8.447 0)
    (8.448 0)
    (8.449 0)
    (8.45 0)
    (8.451 0)
    (8.452 0)
    (8.453 0)
    (8.454 0)
    (8.455 0)
    (8.456 0)
    (8.457 0)
    (8.458 0)
    (8.459 0)
    (8.46 0)
    (8.461 0)
    (8.462 0)
    (8.463 0)
    (8.464 0)
    (8.465 0)
    (8.466 0)
    (8.467 0)
    (8.468 0)
    (8.469 0)
    (8.47 0)
    (8.471 0)
    (8.472 0)
    (8.473 0)
    (8.474 0)
    (8.475 0)
    (8.476 0)
    (8.477 0)
    (8.478 0)
    (8.479 0)
    (8.48 0)
    (8.481 0)
    (8.482 0)
    (8.483 0)
    (8.484 0)
    (8.485 0)
    (8.486 0)
    (8.487 0)
    (8.488 0)
    (8.489 0)
    (8.49 0)
    (8.491 0)
    (8.492 3.0234e-07)
    (8.493 1.0447e-06)
    (8.494 1.9813e-06)
    (8.495 3.1367e-06)
    (8.496 4.5296e-06)
    (8.497 6.1401e-06)
    (8.498 7.933e-06)
    (8.499 9.8729e-06)
    (8.5 1.1924e-05)
    (8.501 1.4052e-05)
    (8.502 1.6221e-05)
    (8.503 1.8396e-05)
    (8.504 2.0541e-05)
    (8.505 2.2635e-05)
    (8.506 2.4711e-05)
    (8.507 2.6809e-05)
    (8.508 2.8972e-05)
    (8.509 3.1242e-05)
    (8.51 3.3662e-05)
    (8.511 3.6272e-05)
    (8.512 3.9116e-05)
    (8.513 4.2212e-05)
    (8.514 4.554e-05)
    (8.515 4.9075e-05)
    (8.516 5.2793e-05)
    (8.517 5.6667e-05)
    (8.518 6.0673e-05)
    (8.519 6.4786e-05)
    (8.52 6.8981e-05)
    (8.521 7.3234e-05)
    (8.522 7.752e-05)
    (8.523 8.1815e-05)
    (8.524 8.6094e-05)
    (8.525 9.0334e-05)
    (8.526 9.4511e-05)
    (8.527 9.8621e-05)
    (8.528 0.00010268)
    (8.529 0.00010669)
    (8.53 0.00011067)
    (8.531 0.00011464)
    (8.532 0.00011859)
    (8.533 0.00012254)
    (8.534 0.00012649)
    (8.535 0.00013042)
    (8.536 0.00013432)
    (8.537 0.00013818)
    (8.538 0.00014199)
    (8.539 0.00014574)
    (8.54 0.00014942)
    (8.541 0.00015303)
    (8.542 0.00015658)
    (8.543 0.00016007)
    (8.544 0.00016349)
    (8.545 0.00016685)
    (8.546 0.00017016)
    (8.547 0.0001734)
    (8.548 0.00017656)
    (8.549 0.00017961)
    (8.55 0.00018253)
    (8.551 0.00018531)
    (8.552 0.00018792)
    (8.553 0.00019034)
    (8.554 0.00019257)
    (8.555 0.0001946)
    (8.556 0.00019646)
    (8.557 0.00019816)
    (8.558 0.0001997)
    (8.559 0.0002011)
    (8.56 0.00020237)
    (8.561 0.00020352)
    (8.562 0.00020456)
    (8.563 0.0002055)
    (8.564 0.00020631)
    (8.565 0.00020699)
    (8.566 0.00020752)
    (8.567 0.00020788)
    (8.568 0.00020807)
    (8.569 0.00020807)
    (8.57 0.00020787)
    (8.571 0.00020746)
    (8.572 0.00020686)
    (8.573 0.00020609)
    (8.574 0.00020517)
    (8.575 0.00020411)
    (8.576 0.00020294)
    (8.577 0.00020166)
    (8.578 0.0002003)
    (8.579 0.00019887)
    (8.58 0.00019739)
    (8.581 0.00019583)
    (8.582 0.00019418)
    (8.583 0.00019244)
    (8.584 0.00019059)
    (8.585 0.00018862)
    (8.586 0.00018651)
    (8.587 0.00018424)
    (8.588 0.00018182)
    (8.589 0.00017922)
    (8.59 0.00017643)
    (8.591 0.00017346)
    (8.592 0.0001703)
    (8.593 0.00016692)
    (8.594 0.00016334)
    (8.595 0.00015954)
    (8.596 0.00015553)
    (8.597 0.00015138)
    (8.598 0.00014717)
    (8.599 0.00014297)
    (8.6 0.00013885)
    (8.601 0.00013489)
    (8.602 0.00013116)
    (8.603 0.00012761)
    (8.604 0.00012419)
    (8.605 0.00012084)
    (8.606 0.00011749)
    (8.607 0.00011409)
    (8.608 0.00011056)
    (8.609 0.00010687)
    (8.61 0.00010302)
    (8.611 9.9022e-05)
    (8.612 9.4894e-05)
    (8.613 9.0652e-05)
    (8.614 8.6312e-05)
    (8.615 8.1898e-05)
    (8.616 7.7449e-05)
    (8.617 7.3006e-05)
    (8.618 6.8613e-05)
    (8.619 6.4309e-05)
    (8.62 6.0138e-05)
    (8.621 5.614e-05)
    (8.622 5.2359e-05)
    (8.623 4.8827e-05)
    (8.624 4.5536e-05)
    (8.625 4.2464e-05)
    (8.626 3.9591e-05)
    (8.627 3.6895e-05)
    (8.628 3.4354e-05)
    (8.629 3.1947e-05)
    (8.63 2.9652e-05)
    (8.631 2.7449e-05)
    (8.632 2.533e-05)
    (8.633 2.3286e-05)
    (8.634 2.131e-05)
    (8.635 1.9395e-05)
    (8.636 1.7533e-05)
    (8.637 1.5717e-05)
    (8.638 1.3938e-05)
    (8.639 1.2191e-05)
    (8.64 1.0468e-05)
    (8.641 8.7799e-06)
    (8.642 7.1499e-06)
    (8.643 5.6022e-06)
    (8.644 4.1607e-06)
    (8.645 2.8495e-06)
    (8.646 0)
    (8.647 0)
    (8.648 0)
    (8.649 0)
    (8.65 0)
    (8.651 0)
    (8.652 0)
    (8.653 0)
    (8.654 0)
    (8.655 0)
    (8.656 0)
    (8.657 0)
    (8.658 0)
    (8.659 0)
    (8.66 0)
    (8.661 0)
    (8.662 0)
    (8.663 0)
    (8.664 0)
    (8.665 0)
    (8.666 0)
    (8.667 0)
    (8.668 0)
    (8.669 0)
    (8.67 0)
    (8.671 0)
    (8.672 0)
    (8.673 0)
    (8.674 0)
    (8.675 0)
    (8.676 -8.796e-08)
    (8.677 -6.8523e-07)
    (8.678 -1.4262e-06)
    (8.679 -2.3053e-06)
    (8.68 -3.317e-06)
    (8.681 -4.4557e-06)
    (8.682 -5.7159e-06)
    (8.683 -7.0913e-06)
    (8.684 -8.5699e-06)
    (8.685 -1.0137e-05)
    (8.686 -1.1776e-05)
    (8.687 -1.3474e-05)
    (8.688 -1.5213e-05)
    (8.689 -1.6981e-05)
    (8.69 -1.876e-05)
    (8.691 -2.0536e-05)
    (8.692 -2.2301e-05)
    (8.693 -2.4075e-05)
    (8.694 -2.5883e-05)
    (8.695 -2.7749e-05)
    (8.696 -2.9697e-05)
    (8.697 -3.1753e-05)
    (8.698 -3.3941e-05)
    (8.699 -3.6286e-05)
    (8.7 -3.8812e-05)
    (8.701 -4.1544e-05)
    (8.702 -4.4506e-05)
    (8.703 -4.7694e-05)
    (8.704 -5.1084e-05)
    (8.705 -5.4647e-05)
    (8.706 -5.8357e-05)
    (8.707 -6.2185e-05)
    (8.708 -6.6104e-05)
    (8.709 -7.0088e-05)
    (8.71 -7.4119e-05)
    (8.711 -7.8202e-05)
    (8.712 -8.2343e-05)
    (8.713 -8.6547e-05)
    (8.714 -9.0821e-05)
    (8.715 -9.5169e-05)
    (8.716 -9.9596e-05)
    (8.717 -0.0001041)
    (8.718 -0.00010868)
    (8.719 -0.00011333)
    (8.72 -0.00011804)
    (8.721 -0.00012281)
    (8.722 -0.00012764)
    (8.723 -0.00013251)
    (8.724 -0.00013739)
    (8.725 -0.00014224)
    (8.726 -0.00014705)
    (8.727 -0.00015177)
    (8.728 -0.00015638)
    (8.729 -0.00016093)
    (8.73 -0.00016555)
    (8.731 -0.00017039)
    (8.732 -0.00017559)
    (8.733 -0.00018128)
    (8.734 -0.00018744)
    (8.735 -0.0001938)
    (8.736 -0.00020011)
    (8.737 -0.00020611)
    (8.738 -0.00021163)
    (8.739 -0.00021679)
    (8.74 -0.00022176)
    (8.741 -0.00022672)
    (8.742 -0.00023185)
    (8.743 -0.00023726)
    (8.744 -0.00024289)
    (8.745 -0.00024864)
    (8.746 -0.00025439)
    (8.747 -0.00026002)
    (8.748 -0.00026546)
    (8.749 -0.00027083)
    (8.75 -0.00027626)
    (8.751 -0.00028192)
    (8.752 -0.00028797)
    (8.753 -0.00029452)
    (8.754 -0.00030145)
    (8.755 -0.00030858)
    (8.756 -0.00031571)
    (8.757 -0.00032264)
    (8.758 -0.00032919)
    (8.759 -0.00033537)
    (8.76 -0.00034121)
    (8.761 -0.00034679)
    (8.762 -0.00035216)
    (8.763 -0.00035733)
    (8.764 -0.00036228)
    (8.765 -0.00036698)
    (8.766 -0.0003714)
    (8.767 -0.00037551)
    (8.768 -0.00037927)
    (8.769 -0.00038268)
    (8.77 -0.00038579)
    (8.771 -0.00038865)
    (8.772 -0.00039134)
    (8.773 -0.00039392)
    (8.774 -0.00039646)
    (8.775 -0.00039903)
    (8.776 -0.00040169)
    (8.777 -0.00040443)
    (8.778 -0.00040724)
    (8.779 -0.00041007)
    (8.78 -0.00041289)
    (8.781 -0.00041567)
    (8.782 -0.00041837)
    (8.783 -0.00042098)
    (8.784 -0.00042346)
    (8.785 -0.00042584)
    (8.786 -0.00042812)
    (8.787 -0.0004303)
    (8.788 -0.00043239)
    (8.789 -0.00043441)
    (8.79 -0.00043635)
    (8.791 -0.00043823)
    (8.792 -0.00044004)
    (8.793 -0.00044178)
    (8.794 -0.00044341)
    (8.795 -0.0004449)
    (8.796 -0.00044623)
    (8.797 -0.00044738)
    (8.798 -0.00044833)
    (8.799 -0.00044911)
    (8.8 -0.00044971)
    (8.801 -0.00045016)
    (8.802 -0.00045045)
    (8.803 -0.0004506)
    (8.804 -0.00045061)
    (8.805 -0.0004505)
    (8.806 -0.00045028)
    (8.807 -0.00044995)
    (8.808 -0.00044953)
    (8.809 -0.00044901)
    (8.81 -0.00044842)
    (8.811 -0.00044776)
    (8.812 -0.00044701)
    (8.813 -0.00044615)
    (8.814 -0.00044513)
    (8.815 -0.00044394)
    (8.816 -0.00044253)
    (8.817 -0.00044088)
    (8.818 -0.00043895)
    (8.819 -0.00043672)
    (8.82 -0.00043419)
    (8.821 -0.0004314)
    (8.822 -0.0004284)
    (8.823 -0.00042525)
    (8.824 -0.000422)
    (8.825 -0.00041868)
    (8.826 -0.00041536)
    (8.827 -0.00041207)
    (8.828 -0.00040885)
    (8.829 -0.0004057)
    (8.83 -0.00040261)
    (8.831 -0.00039958)
    (8.832 -0.00039662)
    (8.833 -0.00039373)
    (8.834 -0.00039089)
    (8.835 -0.00038813)
    (8.836 -0.00038542)
    (8.837 -0.00038277)
    (8.838 -0.00038016)
    (8.839 -0.00037761)
    (8.84 -0.00037509)
    (8.841 -0.0003726)
    (8.842 -0.00037014)
    (8.843 -0.0003677)
    (8.844 -0.00036528)
    (8.845 -0.0003629)
    (8.846 -0.00036056)
    (8.847 -0.00035829)
    (8.848 -0.00035609)
    (8.849 -0.000354)
    (8.85 -0.00035202)
    (8.851 -0.00035018)
    (8.852 -0.00034848)
    (8.853 -0.00034694)
    (8.854 -0.00034551)
    (8.855 -0.00034418)
    (8.856 -0.00034289)
    (8.857 -0.00034162)
    (8.858 -0.00034033)
    (8.859 -0.00033898)
    (8.86 -0.00033754)
    (8.861 -0.00033598)
    (8.862 -0.00033431)
    (8.863 -0.00033256)
    (8.864 -0.00033079)
    (8.865 -0.00032902)
    (8.866 -0.0003273)
    (8.867 -0.00032568)
    (8.868 -0.00032418)
    (8.869 -0.00032286)
    (8.87 -0.0003217)
    (8.871 -0.00032067)
    (8.872 -0.0003197)
    (8.873 -0.00031875)
    (8.874 -0.00031777)
    (8.875 -0.00031671)
    (8.876 -0.00031557)
    (8.877 -0.00031434)
    (8.878 -0.00031303)
    (8.879 -0.00031164)
    (8.88 -0.00031017)
    (8.881 -0.00030862)
    (8.882 -0.00030699)
    (8.883 -0.00030529)
    (8.884 -0.00030352)
    (8.885 -0.00030167)
    (8.886 -0.00029975)
    (8.887 -0.00029776)
    (8.888 -0.0002957)
    (8.889 -0.00029358)
    (8.89 -0.00029139)
    (8.891 -0.00028914)
    (8.892 -0.00028682)
    (8.893 -0.00028445)
    (8.894 -0.00028202)
    (8.895 -0.00027953)
    (8.896 -0.00027698)
    (8.897 -0.0002744)
    (8.898 -0.00027182)
    (8.899 -0.00026925)
    (8.9 -0.00026673)
    (8.901 -0.00026428)
    (8.902 -0.00026192)
    (8.903 -0.00025969)
    (8.904 -0.0002576)
    (8.905 -0.00025565)
    (8.906 -0.00025381)
    (8.907 -0.00025206)
    (8.908 -0.00025035)
    (8.909 -0.00024864)
    (8.91 -0.00024692)
    (8.911 -0.00024513)
    (8.912 -0.00024326)
    (8.913 -0.00024126)
    (8.914 -0.00023914)
    (8.915 -0.00023692)
    (8.916 -0.00023462)
    (8.917 -0.00023225)
    (8.918 -0.00022984)
    (8.919 -0.0002274)
    (8.92 -0.00022494)
    (8.921 -0.0002225)
    (8.922 -0.00022008)
    (8.923 -0.00021769)
    (8.924 -0.00021531)
    (8.925 -0.00021295)
    (8.926 -0.00021061)
    (8.927 -0.00020828)
    (8.928 -0.00020596)
    (8.929 -0.00020365)
    (8.93 -0.00020134)
    (8.931 -0.00019904)
    (8.932 -0.00019672)
    (8.933 -0.00019439)
    (8.934 -0.00019203)
    (8.935 -0.00018964)
    (8.936 -0.0001872)
    (8.937 -0.0001847)
    (8.938 -0.00018215)
    (8.939 -0.00017952)
    (8.94 -0.00017683)
    (8.941 -0.00017411)
    (8.942 -0.00017138)
    (8.943 -0.00016865)
    (8.944 -0.00016595)
    (8.945 -0.0001633)
    (8.946 -0.00016071)
    (8.947 -0.00015821)
    (8.948 -0.0001558)
    (8.949 -0.00015346)
    (8.95 -0.00015116)
    (8.951 -0.00014889)
    (8.952 -0.00014664)
    (8.953 -0.00014438)
    (8.954 -0.0001421)
    (8.955 -0.00013977)
    (8.956 -0.00013738)
    (8.957 -0.00013492)
    (8.958 -0.00013236)
    (8.959 -0.00012972)
    (8.96 -0.00012702)
    (8.961 -0.00012427)
    (8.962 -0.00012148)
    (8.963 -0.00011867)
    (8.964 -0.00011586)
    (8.965 -0.00011305)
    (8.966 -0.00011026)
    (8.967 -0.00010749)
    (8.968 -0.00010473)
    (8.969 -0.00010196)
    (8.97 -9.9159e-05)
    (8.971 -9.6322e-05)
    (8.972 -9.3429e-05)
    (8.973 -9.0465e-05)
    (8.974 -8.7415e-05)
    (8.975 -8.4275e-05)
    (8.976 -8.1051e-05)
    (8.977 -7.7747e-05)
    (8.978 -7.4371e-05)
    (8.979 -7.0926e-05)
    (8.98 -6.742e-05)
    (8.981 -6.3857e-05)
    (8.982 -6.0258e-05)
    (8.983 -5.6661e-05)
    (8.984 -5.3106e-05)
    (8.985 -4.9633e-05)
    (8.986 -4.6283e-05)
    (8.987 -4.3095e-05)
    (8.988 -4.0111e-05)
    (8.989 -3.7368e-05)
    (8.99 -3.4855e-05)
    (8.991 -3.2504e-05)
    (8.992 -3.0241e-05)
    (8.993 -2.7994e-05)
    (8.994 -2.5692e-05)
    (8.995 -2.3261e-05)
    (8.996 -2.0629e-05)
    (8.997 -1.7724e-05)
    (8.998 -1.4474e-05)
    (8.999 -1.0806e-05)
    (9 0)
    (9.001 0)
    (9.002 0)
    (9.003 0)
    (9.004 1.6589e-07)
    (9.005 8.2288e-07)
    (9.006 1.4955e-06)
    (9.007 2.1933e-06)
    (9.008 2.9259e-06)
    (9.009 3.7029e-06)
    (9.01 4.534e-06)
    (9.011 5.4287e-06)
    (9.012 6.3967e-06)
    (9.013 7.4476e-06)
    (9.014 8.5909e-06)
    (9.015 9.8364e-06)
    (9.016 1.1194e-05)
    (9.017 1.2672e-05)
    (9.018 1.4282e-05)
    (9.019 1.6032e-05)
    (9.02 1.7927e-05)
    (9.021 1.9948e-05)
    (9.022 2.2063e-05)
    (9.023 2.4246e-05)
    (9.024 2.6465e-05)
    (9.025 2.8692e-05)
    (9.026 3.0899e-05)
    (9.027 3.3054e-05)
    (9.028 3.5131e-05)
    (9.029 3.7116e-05)
    (9.03 3.9049e-05)
    (9.031 4.0977e-05)
    (9.032 4.2948e-05)
    (9.033 4.501e-05)
    (9.034 4.7209e-05)
    (9.035 4.9595e-05)
    (9.036 5.2213e-05)
    (9.037 5.5109e-05)
    (9.038 5.8272e-05)
    (9.039 6.1655e-05)
    (9.04 6.5208e-05)
    (9.041 6.8882e-05)
    (9.042 7.2627e-05)
    (9.043 7.6393e-05)
    (9.044 8.0131e-05)
    (9.045 8.3793e-05)
    (9.046 8.7327e-05)
    (9.047 9.0688e-05)
    (9.048 9.3869e-05)
    (9.049 9.6902e-05)
    (9.05 9.982e-05)
    (9.051 0.00010266)
    (9.052 0.00010545)
    (9.053 0.00010822)
    (9.054 0.00011101)
    (9.055 0.00011386)
    (9.056 0.00011679)
    (9.057 0.00011984)
    (9.058 0.00012306)
    (9.059 0.00012648)
    (9.06 0.00013014)
    (9.061 0.00013408)
    (9.062 0.00013833)
    (9.063 0.00014287)
    (9.064 0.0001476)
    (9.065 0.0001524)
    (9.066 0.00015719)
    (9.067 0.00016184)
    (9.068 0.00016625)
    (9.069 0.00017035)
    (9.07 0.00017416)
    (9.071 0.00017775)
    (9.072 0.00018119)
    (9.073 0.00018454)
    (9.074 0.00018786)
    (9.075 0.00019123)
    (9.076 0.00019471)
    (9.077 0.00019831)
    (9.078 0.00020202)
    (9.079 0.00020585)
    (9.08 0.00020977)
    (9.081 0.0002138)
    (9.082 0.00021792)
    (9.083 0.00022212)
    (9.084 0.00022641)
    (9.085 0.00023073)
    (9.086 0.00023504)
    (9.087 0.00023929)
    (9.088 0.00024343)
    (9.089 0.00024741)
    (9.09 0.00025119)
    (9.091 0.00025475)
    (9.092 0.00025815)
    (9.093 0.00026144)
    (9.094 0.00026469)
    (9.095 0.00026794)
    (9.096 0.00027126)
    (9.097 0.00027469)
    (9.098 0.00027822)
    (9.099 0.00028182)
    (9.1 0.00028546)
    (9.101 0.00028912)
    (9.102 0.00029276)
    (9.103 0.00029636)
    (9.104 0.00029988)
    (9.105 0.0003033)
    (9.106 0.00030662)
    (9.107 0.00030984)
    (9.108 0.00031298)
    (9.109 0.00031602)
    (9.11 0.00031898)
    (9.111 0.00032187)
    (9.112 0.00032467)
    (9.113 0.00032741)
    (9.114 0.00033008)
    (9.115 0.0003327)
    (9.116 0.00033526)
    (9.117 0.00033778)
    (9.118 0.00034027)
    (9.119 0.00034272)
    (9.12 0.00034516)
    (9.121 0.00034757)
    (9.122 0.00034998)
    (9.123 0.00035238)
    (9.124 0.00035477)
    (9.125 0.00035713)
    (9.126 0.00035946)
    (9.127 0.00036177)
    (9.128 0.00036403)
    (9.129 0.00036625)
    (9.13 0.00036842)
    (9.131 0.00037053)
    (9.132 0.00037257)
    (9.133 0.00037454)
    (9.134 0.00037642)
    (9.135 0.00037819)
    (9.136 0.00037986)
    (9.137 0.00038141)
    (9.138 0.00038282)
    (9.139 0.00038409)
    (9.14 0.00038522)
    (9.141 0.0003862)
    (9.142 0.00038706)
    (9.143 0.0003878)
    (9.144 0.00038843)
    (9.145 0.00038896)
    (9.146 0.00038939)
    (9.147 0.00038973)
    (9.148 0.00039)
    (9.149 0.0003902)
    (9.15 0.00039034)
    (9.151 0.00039042)
    (9.152 0.00039045)
    (9.153 0.00039043)
    (9.154 0.00039038)
    (9.155 0.0003903)
    (9.156 0.00039019)
    (9.157 0.00039007)
    (9.158 0.00038991)
    (9.159 0.00038974)
    (9.16 0.00038953)
    (9.161 0.00038928)
    (9.162 0.000389)
    (9.163 0.00038867)
    (9.164 0.00038829)
    (9.165 0.00038786)
    (9.166 0.00038738)
    (9.167 0.00038681)
    (9.168 0.00038614)
    (9.169 0.00038537)
    (9.17 0.00038446)
    (9.171 0.00038341)
    (9.172 0.0003822)
    (9.173 0.00038081)
    (9.174 0.00037923)
    (9.175 0.00037746)
    (9.176 0.00037553)
    (9.177 0.00037346)
    (9.178 0.00037127)
    (9.179 0.00036898)
    (9.18 0.00036661)
    (9.181 0.00036419)
    (9.182 0.00036173)
    (9.183 0.00035925)
    (9.184 0.00035677)
    (9.185 0.0003543)
    (9.186 0.00035183)
    (9.187 0.00034939)
    (9.188 0.00034697)
    (9.189 0.00034459)
    (9.19 0.00034226)
    (9.191 0.00033998)
    (9.192 0.00033774)
    (9.193 0.00033551)
    (9.194 0.00033324)
    (9.195 0.00033091)
    (9.196 0.00032846)
    (9.197 0.00032587)
    (9.198 0.00032309)
    (9.199 0.00032009)
    (9.2 0.00031684)
    (9.201 0.00031339)
    (9.202 0.00030978)
    (9.203 0.00030606)
    (9.204 0.00030228)
    (9.205 0.00029848)
    (9.206 0.00029471)
    (9.207 0.00029102)
    (9.208 0.00028745)
    (9.209 0.00028399)
    (9.21 0.00028063)
    (9.211 0.00027734)
    (9.212 0.00027411)
    (9.213 0.00027091)
    (9.214 0.00026773)
    (9.215 0.00026454)
    (9.216 0.00026132)
    (9.217 0.00025804)
    (9.218 0.00025467)
    (9.219 0.00025118)
    (9.22 0.00024755)
    (9.221 0.00024373)
    (9.222 0.00023971)
    (9.223 0.0002355)
    (9.224 0.00023114)
    (9.225 0.00022672)
    (9.226 0.00022229)
    (9.227 0.00021792)
    (9.228 0.00021367)
    (9.229 0.00020959)
    (9.23 0.00020566)
    (9.231 0.00020185)
    (9.232 0.00019812)
    (9.233 0.00019444)
    (9.234 0.00019078)
    (9.235 0.00018712)
    (9.236 0.00018345)
    (9.237 0.00017979)
    (9.238 0.00017614)
    (9.239 0.0001725)
    (9.24 0.00016889)
    (9.241 0.00016531)
    (9.242 0.00016176)
    (9.243 0.00015822)
    (9.244 0.00015465)
    (9.245 0.00015103)
    (9.246 0.00014731)
    (9.247 0.00014346)
    (9.248 0.00013945)
    (9.249 0.00013528)
    (9.25 0.00013103)
    (9.251 0.00012676)
    (9.252 0.00012255)
    (9.253 0.00011848)
    (9.254 0.00011461)
    (9.255 0.00011102)
    (9.256 0.00010768)
    (9.257 0.00010453)
    (9.258 0.00010151)
    (9.259 9.8581e-05)
    (9.26 9.5671e-05)
    (9.261 9.2727e-05)
    (9.262 8.9693e-05)
    (9.263 8.6523e-05)
    (9.264 8.3231e-05)
    (9.265 7.9857e-05)
    (9.266 7.6437e-05)
    (9.267 7.3011e-05)
    (9.268 6.9616e-05)
    (9.269 6.629e-05)
    (9.27 6.3072e-05)
    (9.271 5.9992e-05)
    (9.272 5.705e-05)
    (9.273 5.4232e-05)
    (9.274 5.1526e-05)
    (9.275 4.892e-05)
    (9.276 4.6402e-05)
    (9.277 4.3958e-05)
    (9.278 4.1576e-05)
    (9.279 3.9244e-05)
    (9.28 3.6952e-05)
    (9.281 3.4702e-05)
    (9.282 3.2503e-05)
    (9.283 3.0365e-05)
    (9.284 2.8295e-05)
    (9.285 2.6302e-05)
    (9.286 2.4396e-05)
    (9.287 2.2586e-05)
    (9.288 2.0879e-05)
    (9.289 1.9271e-05)
    (9.29 1.7749e-05)
    (9.291 1.6299e-05)
    (9.292 1.4908e-05)
    (9.293 1.3562e-05)
    (9.294 1.2246e-05)
    (9.295 1.0948e-05)
    (9.296 9.6537e-06)
    (9.297 8.3533e-06)
    (9.298 7.0592e-06)
    (9.299 5.7907e-06)
    (9.3 4.567e-06)
    (9.301 3.4072e-06)
    (9.302 2.3306e-06)
    (9.303 0)
    (9.304 0)
    (9.305 0)
    (9.306 0)
    (9.307 0)
    (9.308 0)
    (9.309 0)
    (9.31 0)
    (9.311 0)
    (9.312 0)
    (9.313 0)
    (9.314 0)
    (9.315 0)
    (9.316 0)
    (9.317 0)
    (9.318 0)
    (9.319 0)
    (9.32 0)
    (9.321 0)
    (9.322 0)
    (9.323 0)
    (9.324 0)
    (9.325 0)
    (9.326 0)
    (9.327 0)
    (9.328 0)
    (9.329 0)
    (9.33 0)
    (9.331 0)
    (9.332 0)
    (9.333 0)
    (9.334 0)
    (9.335 0)
    (9.336 0)
    (9.337 0)
    (9.338 0)
    (9.339 0)
    (9.34 0)
    (9.341 0)
    (9.342 0)
    (9.343 0)
    (9.344 0)
    (9.345 0)
    (9.346 0)
    (9.347 0)
    (9.348 0)
    (9.349 0)
    (9.35 0)
    (9.351 0)
    (9.352 0)
    (9.353 0)
    (9.354 0)
    (9.355 0)
    (9.356 0)
    (9.357 0)
    (9.358 0)
    (9.359 0)
    (9.36 0)
    (9.361 0)
    (9.362 0)
    (9.363 0)
    (9.364 0)
    (9.365 0)
    (9.366 0)
    (9.367 0)
    (9.368 0)
    (9.369 0)
    (9.37 0)
    (9.371 0)
    (9.372 0)
    (9.373 0)
    (9.374 0)
    (9.375 0)
    (9.376 0)
    (9.377 0)
    (9.378 0)
    (9.379 0)
    (9.38 0)
    (9.381 0)
    (9.382 0)
    (9.383 0)
    (9.384 0)
    (9.385 0)
    (9.386 0)
    (9.387 0)
    (9.388 0)
    (9.389 0)
    (9.39 0)
    (9.391 0)
    (9.392 0)
    (9.393 0)
    (9.394 0)
    (9.395 0)
    (9.396 0)
    (9.397 0)
    (9.398 0)
    (9.399 0)
    (9.4 0)
    (9.401 0)
    (9.402 0)
    (9.403 0)
    (9.404 0)
    (9.405 0)
    (9.406 0)
    (9.407 0)
    (9.408 0)
    (9.409 0)
    (9.41 0)
    (9.411 0)
    (9.412 0)
    (9.413 0)
    (9.414 0)
    (9.415 0)
    (9.416 0)
    (9.417 0)
    (9.418 0)
    (9.419 0)
    (9.42 0)
    (9.421 0)
    (9.422 0)
    (9.423 0)
    (9.424 0)
    (9.425 0)
    (9.426 0)
    (9.427 0)
    (9.428 0)
    (9.429 0)
    (9.43 0)
    (9.431 0)
    (9.432 0)
    (9.433 0)
    (9.434 0)
    (9.435 0)
    (9.436 0)
    (9.437 0)
    (9.438 0)
    (9.439 0)
    (9.44 0)
    (9.441 0)
    (9.442 0)
    (9.443 0)
    (9.444 0)
    (9.445 0)
    (9.446 0)
    (9.447 0)
    (9.448 0)
    (9.449 0)
    (9.45 0)
    (9.451 0)
    (9.452 0)
    (9.453 0)
    (9.454 0)
    (9.455 0)
    (9.456 0)
    (9.457 0)
    (9.458 0)
    (9.459 0)
    (9.46 0)
    (9.461 0)
    (9.462 0)
    (9.463 0)
    (9.464 0)
    (9.465 0)
    (9.466 0)
    (9.467 0)
    (9.468 0)
    (9.469 0)
    (9.47 0)
    (9.471 0)
    (9.472 0)
    (9.473 0)
    (9.474 0)
    (9.475 0)
    (9.476 0)
    (9.477 0)
    (9.478 0)
    (9.479 0)
    (9.48 0)
    (9.481 0)
    (9.482 0)
    (9.483 0)
    (9.484 0)
    (9.485 0)
    (9.486 0)
    (9.487 0)
    (9.488 0)
    (9.489 0)
    (9.49 0)
    (9.491 0)
    (9.492 3.0234e-07)
    (9.493 1.0447e-06)
    (9.494 1.9813e-06)
    (9.495 3.1367e-06)
    (9.496 4.5296e-06)
    (9.497 6.1401e-06)
    (9.498 7.933e-06)
    (9.499 9.8729e-06)
    (9.5 1.1924e-05)
    (9.501 1.4052e-05)
    (9.502 1.6221e-05)
    (9.503 1.8396e-05)
    (9.504 2.0541e-05)
    (9.505 2.2635e-05)
    (9.506 2.4711e-05)
    (9.507 2.6809e-05)
    (9.508 2.8972e-05)
    (9.509 3.1242e-05)
    (9.51 3.3662e-05)
    (9.511 3.6272e-05)
    (9.512 3.9116e-05)
    (9.513 4.2212e-05)
    (9.514 4.554e-05)
    (9.515 4.9075e-05)
    (9.516 5.2793e-05)
    (9.517 5.6667e-05)
    (9.518 6.0673e-05)
    (9.519 6.4786e-05)
    (9.52 6.8981e-05)
    (9.521 7.3234e-05)
    (9.522 7.752e-05)
    (9.523 8.1815e-05)
    (9.524 8.6094e-05)
    (9.525 9.0334e-05)
    (9.526 9.4511e-05)
    (9.527 9.8621e-05)
    (9.528 0.00010268)
    (9.529 0.00010669)
    (9.53 0.00011067)
    (9.531 0.00011464)
    (9.532 0.00011859)
    (9.533 0.00012254)
    (9.534 0.00012649)
    (9.535 0.00013042)
    (9.536 0.00013432)
    (9.537 0.00013818)
    (9.538 0.00014199)
    (9.539 0.00014574)
    (9.54 0.00014942)
    (9.541 0.00015303)
    (9.542 0.00015658)
    (9.543 0.00016007)
    (9.544 0.00016349)
    (9.545 0.00016685)
    (9.546 0.00017016)
    (9.547 0.0001734)
    (9.548 0.00017656)
    (9.549 0.00017961)
    (9.55 0.00018253)
    (9.551 0.00018531)
    (9.552 0.00018792)
    (9.553 0.00019034)
    (9.554 0.00019257)
    (9.555 0.0001946)
    (9.556 0.00019646)
    (9.557 0.00019816)
    (9.558 0.0001997)
    (9.559 0.0002011)
    (9.56 0.00020237)
    (9.561 0.00020352)
    (9.562 0.00020456)
    (9.563 0.0002055)
    (9.564 0.00020631)
    (9.565 0.00020699)
    (9.566 0.00020752)
    (9.567 0.00020788)
    (9.568 0.00020807)
    (9.569 0.00020807)
    (9.57 0.00020787)
    (9.571 0.00020746)
    (9.572 0.00020686)
    (9.573 0.00020609)
    (9.574 0.00020517)
    (9.575 0.00020411)
    (9.576 0.00020294)
    (9.577 0.00020166)
    (9.578 0.0002003)
    (9.579 0.00019887)
    (9.58 0.00019739)
    (9.581 0.00019583)
    (9.582 0.00019418)
    (9.583 0.00019244)
    (9.584 0.00019059)
    (9.585 0.00018862)
    (9.586 0.00018651)
    (9.587 0.00018424)
    (9.588 0.00018182)
    (9.589 0.00017922)
    (9.59 0.00017643)
    (9.591 0.00017346)
    (9.592 0.0001703)
    (9.593 0.00016692)
    (9.594 0.00016334)
    (9.595 0.00015954)
    (9.596 0.00015553)
    (9.597 0.00015138)
    (9.598 0.00014717)
    (9.599 0.00014297)
    (9.6 0.00013885)
    (9.601 0.00013489)
    (9.602 0.00013116)
    (9.603 0.00012761)
    (9.604 0.00012419)
    (9.605 0.00012084)
    (9.606 0.00011749)
    (9.607 0.00011409)
    (9.608 0.00011056)
    (9.609 0.00010687)
    (9.61 0.00010302)
    (9.611 9.9022e-05)
    (9.612 9.4894e-05)
    (9.613 9.0652e-05)
    (9.614 8.6312e-05)
    (9.615 8.1898e-05)
    (9.616 7.7449e-05)
    (9.617 7.3006e-05)
    (9.618 6.8613e-05)
    (9.619 6.4309e-05)
    (9.62 6.0138e-05)
    (9.621 5.614e-05)
    (9.622 5.2359e-05)
    (9.623 4.8827e-05)
    (9.624 4.5536e-05)
    (9.625 4.2464e-05)
    (9.626 3.9591e-05)
    (9.627 3.6895e-05)
    (9.628 3.4354e-05)
    (9.629 3.1947e-05)
    (9.63 2.9652e-05)
    (9.631 2.7449e-05)
    (9.632 2.533e-05)
    (9.633 2.3286e-05)
    (9.634 2.131e-05)
    (9.635 1.9395e-05)
    (9.636 1.7533e-05)
    (9.637 1.5717e-05)
    (9.638 1.3938e-05)
    (9.639 1.2191e-05)
    (9.64 1.0468e-05)
    (9.641 8.7799e-06)
    (9.642 7.1499e-06)
    (9.643 5.6022e-06)
    (9.644 4.1607e-06)
    (9.645 2.8495e-06)
    (9.646 0)
    (9.647 0)
    (9.648 0)
    (9.649 0)
    (9.65 0)
    (9.651 0)
    (9.652 0)
    (9.653 0)
    (9.654 0)
    (9.655 0)
    (9.656 0)
    (9.657 0)
    (9.658 0)
    (9.659 0)
    (9.66 0)
    (9.661 0)
    (9.662 0)
    (9.663 0)
    (9.664 0)
    (9.665 0)
    (9.666 0)
    (9.667 0)
    (9.668 0)
    (9.669 0)
    (9.67 0)
    (9.671 0)
    (9.672 0)
    (9.673 0)
    (9.674 0)
    (9.675 0)
    (9.676 -8.796e-08)
    (9.677 -6.8523e-07)
    (9.678 -1.4262e-06)
    (9.679 -2.3053e-06)
    (9.68 -3.317e-06)
    (9.681 -4.4557e-06)
    (9.682 -5.7159e-06)
    (9.683 -7.0913e-06)
    (9.684 -8.5699e-06)
    (9.685 -1.0137e-05)
    (9.686 -1.1776e-05)
    (9.687 -1.3474e-05)
    (9.688 -1.5213e-05)
    (9.689 -1.6981e-05)
    (9.69 -1.876e-05)
    (9.691 -2.0536e-05)
    (9.692 -2.2301e-05)
    (9.693 -2.4075e-05)
    (9.694 -2.5883e-05)
    (9.695 -2.7749e-05)
    (9.696 -2.9697e-05)
    (9.697 -3.1753e-05)
    (9.698 -3.3941e-05)
    (9.699 -3.6286e-05)
    (9.7 -3.8812e-05)
    (9.701 -4.1544e-05)
    (9.702 -4.4506e-05)
    (9.703 -4.7694e-05)
    (9.704 -5.1084e-05)
    (9.705 -5.4647e-05)
    (9.706 -5.8357e-05)
    (9.707 -6.2185e-05)
    (9.708 -6.6104e-05)
    (9.709 -7.0088e-05)
    (9.71 -7.4119e-05)
    (9.711 -7.8202e-05)
    (9.712 -8.2343e-05)
    (9.713 -8.6547e-05)
    (9.714 -9.0821e-05)
    (9.715 -9.5169e-05)
    (9.716 -9.9596e-05)
    (9.717 -0.0001041)
    (9.718 -0.00010868)
    (9.719 -0.00011333)
    (9.72 -0.00011804)
    (9.721 -0.00012281)
    (9.722 -0.00012764)
    (9.723 -0.00013251)
    (9.724 -0.00013739)
    (9.725 -0.00014224)
    (9.726 -0.00014705)
    (9.727 -0.00015177)
    (9.728 -0.00015638)
    (9.729 -0.00016093)
    (9.73 -0.00016555)
    (9.731 -0.00017039)
    (9.732 -0.00017559)
    (9.733 -0.00018128)
    (9.734 -0.00018744)
    (9.735 -0.0001938)
    (9.736 -0.00020011)
    (9.737 -0.00020611)
    (9.738 -0.00021163)
    (9.739 -0.00021679)
    (9.74 -0.00022176)
    (9.741 -0.00022672)
    (9.742 -0.00023185)
    (9.743 -0.00023726)
    (9.744 -0.00024289)
    (9.745 -0.00024864)
    (9.746 -0.00025439)
    (9.747 -0.00026002)
    (9.748 -0.00026546)
    (9.749 -0.00027083)
    (9.75 -0.00027626)
    (9.751 -0.00028192)
    (9.752 -0.00028797)
    (9.753 -0.00029452)
    (9.754 -0.00030145)
    (9.755 -0.00030858)
    (9.756 -0.00031571)
    (9.757 -0.00032264)
    (9.758 -0.00032919)
    (9.759 -0.00033537)
    (9.76 -0.00034121)
    (9.761 -0.00034679)
    (9.762 -0.00035216)
    (9.763 -0.00035733)
    (9.764 -0.00036228)
    (9.765 -0.00036698)
    (9.766 -0.0003714)
    (9.767 -0.00037551)
    (9.768 -0.00037927)
    (9.769 -0.00038268)
    (9.77 -0.00038579)
    (9.771 -0.00038865)
    (9.772 -0.00039134)
    (9.773 -0.00039392)
    (9.774 -0.00039646)
    (9.775 -0.00039903)
    (9.776 -0.00040169)
    (9.777 -0.00040443)
    (9.778 -0.00040724)
    (9.779 -0.00041007)
    (9.78 -0.00041289)
    (9.781 -0.00041567)
    (9.782 -0.00041837)
    (9.783 -0.00042098)
    (9.784 -0.00042346)
    (9.785 -0.00042584)
    (9.786 -0.00042812)
    (9.787 -0.0004303)
    (9.788 -0.00043239)
    (9.789 -0.00043441)
    (9.79 -0.00043635)
    (9.791 -0.00043823)
    (9.792 -0.00044004)
    (9.793 -0.00044178)
    (9.794 -0.00044341)
    (9.795 -0.0004449)
    (9.796 -0.00044623)
    (9.797 -0.00044738)
    (9.798 -0.00044833)
    (9.799 -0.00044911)
    (9.8 -0.00044971)
    (9.801 -0.00045016)
    (9.802 -0.00045045)
    (9.803 -0.0004506)
    (9.804 -0.00045061)
    (9.805 -0.0004505)
    (9.806 -0.00045028)
    (9.807 -0.00044995)
    (9.808 -0.00044953)
    (9.809 -0.00044901)
    (9.81 -0.00044842)
    (9.811 -0.00044776)
    (9.812 -0.00044701)
    (9.813 -0.00044615)
    (9.814 -0.00044513)
    (9.815 -0.00044394)
    (9.816 -0.00044253)
    (9.817 -0.00044088)
    (9.818 -0.00043895)
    (9.819 -0.00043672)
    (9.82 -0.00043419)
    (9.821 -0.0004314)
    (9.822 -0.0004284)
    (9.823 -0.00042525)
    (9.824 -0.000422)
    (9.825 -0.00041868)
    (9.826 -0.00041536)
    (9.827 -0.00041207)
    (9.828 -0.00040885)
    (9.829 -0.0004057)
    (9.83 -0.00040261)
    (9.831 -0.00039958)
    (9.832 -0.00039662)
    (9.833 -0.00039373)
    (9.834 -0.00039089)
    (9.835 -0.00038813)
    (9.836 -0.00038542)
    (9.837 -0.00038277)
    (9.838 -0.00038016)
    (9.839 -0.00037761)
    (9.84 -0.00037509)
    (9.841 -0.0003726)
    (9.842 -0.00037014)
    (9.843 -0.0003677)
    (9.844 -0.00036528)
    (9.845 -0.0003629)
    (9.846 -0.00036056)
    (9.847 -0.00035829)
    (9.848 -0.00035609)
    (9.849 -0.000354)
    (9.85 -0.00035202)
    (9.851 -0.00035018)
    (9.852 -0.00034848)
    (9.853 -0.00034694)
    (9.854 -0.00034551)
    (9.855 -0.00034418)
    (9.856 -0.00034289)
    (9.857 -0.00034162)
    (9.858 -0.00034033)
    (9.859 -0.00033898)
    (9.86 -0.00033754)
    (9.861 -0.00033598)
    (9.862 -0.00033431)
    (9.863 -0.00033256)
    (9.864 -0.00033079)
    (9.865 -0.00032902)
    (9.866 -0.0003273)
    (9.867 -0.00032568)
    (9.868 -0.00032418)
    (9.869 -0.00032286)
    (9.87 -0.0003217)
    (9.871 -0.00032067)
    (9.872 -0.0003197)
    (9.873 -0.00031875)
    (9.874 -0.00031777)
    (9.875 -0.00031671)
    (9.876 -0.00031557)
    (9.877 -0.00031434)
    (9.878 -0.00031303)
    (9.879 -0.00031164)
    (9.88 -0.00031017)
    (9.881 -0.00030862)
    (9.882 -0.00030699)
    (9.883 -0.00030529)
    (9.884 -0.00030352)
    (9.885 -0.00030167)
    (9.886 -0.00029975)
    (9.887 -0.00029776)
    (9.888 -0.0002957)
    (9.889 -0.00029358)
    (9.89 -0.00029139)
    (9.891 -0.00028914)
    (9.892 -0.00028682)
    (9.893 -0.00028445)
    (9.894 -0.00028202)
    (9.895 -0.00027953)
    (9.896 -0.00027698)
    (9.897 -0.0002744)
    (9.898 -0.00027182)
    (9.899 -0.00026925)
    (9.9 -0.00026673)
    (9.901 -0.00026428)
    (9.902 -0.00026192)
    (9.903 -0.00025969)
    (9.904 -0.0002576)
    (9.905 -0.00025565)
    (9.906 -0.00025381)
    (9.907 -0.00025206)
    (9.908 -0.00025035)
    (9.909 -0.00024864)
    (9.91 -0.00024692)
    (9.911 -0.00024513)
    (9.912 -0.00024326)
    (9.913 -0.00024126)
    (9.914 -0.00023914)
    (9.915 -0.00023692)
    (9.916 -0.00023462)
    (9.917 -0.00023225)
    (9.918 -0.00022984)
    (9.919 -0.0002274)
    (9.92 -0.00022494)
    (9.921 -0.0002225)
    (9.922 -0.00022008)
    (9.923 -0.00021769)
    (9.924 -0.00021531)
    (9.925 -0.00021295)
    (9.926 -0.00021061)
    (9.927 -0.00020828)
    (9.928 -0.00020596)
    (9.929 -0.00020365)
    (9.93 -0.00020134)
    (9.931 -0.00019904)
    (9.932 -0.00019672)
    (9.933 -0.00019439)
    (9.934 -0.00019203)
    (9.935 -0.00018964)
    (9.936 -0.0001872)
    (9.937 -0.0001847)
    (9.938 -0.00018215)
    (9.939 -0.00017952)
    (9.94 -0.00017683)
    (9.941 -0.00017411)
    (9.942 -0.00017138)
    (9.943 -0.00016865)
    (9.944 -0.00016595)
    (9.945 -0.0001633)
    (9.946 -0.00016071)
    (9.947 -0.00015821)
    (9.948 -0.0001558)
    (9.949 -0.00015346)
    (9.95 -0.00015116)
    (9.951 -0.00014889)
    (9.952 -0.00014664)
    (9.953 -0.00014438)
    (9.954 -0.0001421)
    (9.955 -0.00013977)
    (9.956 -0.00013738)
    (9.957 -0.00013492)
    (9.958 -0.00013236)
    (9.959 -0.00012972)
    (9.96 -0.00012702)
    (9.961 -0.00012427)
    (9.962 -0.00012148)
    (9.963 -0.00011867)
    (9.964 -0.00011586)
    (9.965 -0.00011305)
    (9.966 -0.00011026)
    (9.967 -0.00010749)
    (9.968 -0.00010473)
    (9.969 -0.00010196)
    (9.97 -9.9159e-05)
    (9.971 -9.6322e-05)
    (9.972 -9.3429e-05)
    (9.973 -9.0465e-05)
    (9.974 -8.7415e-05)
    (9.975 -8.4275e-05)
    (9.976 -8.1051e-05)
    (9.977 -7.7747e-05)
    (9.978 -7.4371e-05)
    (9.979 -7.0926e-05)
    (9.98 -6.742e-05)
    (9.981 -6.3857e-05)
    (9.982 -6.0258e-05)
    (9.983 -5.6661e-05)
    (9.984 -5.3106e-05)
    (9.985 -4.9633e-05)
    (9.986 -4.6283e-05)
    (9.987 -4.3095e-05)
    (9.988 -4.0111e-05)
    (9.989 -3.7368e-05)
    (9.99 -3.4855e-05)
    (9.991 -3.2504e-05)
    (9.992 -3.0241e-05)
    (9.993 -2.7994e-05)
    (9.994 -2.5692e-05)
    (9.995 -2.3261e-05)
    (9.996 -2.0629e-05)
    (9.997 -1.7724e-05)
    (9.998 -1.4474e-05)
    (9.999 -1.0806e-05)
    (10 0)
);